shipment_id,vaccine_type,transport_mode,route,temperature_avg_c,temperature_max_c,temperature_min_c,humidity_pct,vibration_g,door_open_count,transit_duration_hrs,power_outage_mins,temp_excursion,temp_excursion_duration_mins,cold_chain_failure
SHP-00001,Polio,Road,Bengaluru-Pune,1.06,1.16,-0.45,40.69,0.4595,3,63.11,0.03,1,116.19,1
SHP-00002,Rotavirus,Road,Chennai-Kolkata,7.91,8.67,6.96,61.83,1.8248,3,9.09,9.19,1,42.71,0
SHP-00003,Influenza,Rail,Lucknow-Ahmedabad,6.22,6.54,4.55,45.21,0.8939,2,46.65,0.82,0,0.0,0
SHP-00004,Hepatitis-B,Road,Jaipur-Hyderabad,8.33,9.78,8.1,34.31,0.3326,4,27.99,2.02,1,15.16,0
SHP-00005,COVID-19-mRNA,Rail,Jaipur-Hyderabad,5.35,5.94,3.83,51.25,0.1388,3,50.76,2.67,0,0.0,0
SHP-00006,COVID-19-mRNA,Air,Jaipur-Hyderabad,2.93,4.54,2.92,63.99,0.5603,3,11.65,5.69,0,0.0,0
SHP-00007,COVID-19-mRNA,Rail,Delhi-Mumbai,7.31,8.53,6.97,42.78,0.6485,2,42.71,0.48,1,81.51,0
SHP-00008,Rotavirus,Rail,Delhi-Mumbai,3.92,5.84,3.88,60.76,0.312,2,62.45,8.76,0,0.0,0
SHP-00009,Hepatitis-B,Air,Jaipur-Hyderabad,4.55,4.72,4.02,62.63,0.1306,5,38.65,14.3,0,0.0,0
SHP-00010,Influenza,Road,Bengaluru-Pune,3.89,4.25,3.62,42.28,0.4074,5,11.57,15.26,0,0.0,0
SHP-00011,COVID-19-mRNA,Air,Bengaluru-Pune,-3.37,-0.82,-4.75,52.72,0.1464,1,8.47,0.48,1,28.53,1
SHP-00012,Rotavirus,Road,Delhi-Mumbai,8.01,10.72,5.7,70.77,1.4067,2,47.0,12.59,1,82.56,1
SHP-00013,Influenza,Road,Jaipur-Hyderabad,5.23,5.44,3.99,61.51,0.4956,2,10.59,4.19,0,0.0,0
SHP-00014,COVID-19-mRNA,Road,Bengaluru-Pune,4.82,6.01,4.1,52.39,0.1726,2,10.71,6.49,0,0.0,0
SHP-00015,COVID-19-mRNA,Air,Delhi-Mumbai,3.85,4.85,2.77,59.15,0.1215,5,34.08,13.34,0,0.0,0
SHP-00016,COVID-19-mRNA,Air,Jaipur-Hyderabad,4.41,6.91,2.9,48.15,0.6307,2,19.83,5.41,0,0.0,0
SHP-00017,Polio,Air,Chennai-Kolkata,2.51,3.61,1.25,66.14,0.6151,3,19.48,3.05,1,105.01,0
SHP-00018,Hepatitis-B,Road,Jaipur-Hyderabad,5.54,6.9,4.95,66.13,0.4546,4,37.74,3.72,0,0.0,0
SHP-00019,Polio,Road,Jaipur-Hyderabad,0.73,0.78,0.09,56.21,0.4763,4,24.53,5.77,1,30.12,0
SHP-00020,COVID-19-mRNA,Rail,Lucknow-Ahmedabad,4.47,8.18,3.13,57.31,0.463,3,20.47,14.47,1,89.3,0
SHP-00021,Hepatitis-B,Road,Lucknow-Ahmedabad,5.4,7.27,3.82,45.01,0.2232,2,39.95,11.03,0,0.0,0
SHP-00022,COVID-19-mRNA,Road,Chennai-Kolkata,3.5,4.3,1.36,41.48,1.3856,6,25.2,4.3,1,59.21,0
SHP-00023,COVID-19-mRNA,Sea,Chennai-Kolkata,4.93,5.41,4.24,51.23,0.3263,2,11.29,1.19,0,0.0,0
SHP-00024,Polio,Road,Jaipur-Hyderabad,1.52,2.58,1.26,54.13,0.0103,2,51.06,2.13,1,37.93,0
SHP-00025,Polio,Sea,Bengaluru-Pune,1.59,3.49,1.16,65.63,0.2141,2,44.65,2.25,1,15.47,0
SHP-00026,Influenza,Road,Chennai-Kolkata,4.59,5.17,3.52,64.22,0.0698,1,20.0,1.71,0,0.0,0
SHP-00027,COVID-19-mRNA,Road,Jaipur-Hyderabad,5.7,7.37,3.77,56.85,0.2258,1,44.43,6.87,0,0.0,0
SHP-00028,Hepatitis-B,Air,Delhi-Mumbai,-0.69,2.64,-1.48,66.91,0.4686,4,69.07,9.04,1,64.35,1
SHP-00029,Hepatitis-B,Road,Lucknow-Ahmedabad,5.31,5.4,4.09,45.57,0.0115,1,69.13,1.93,0,0.0,0
SHP-00030,COVID-19-mRNA,Air,Bengaluru-Pune,2.64,3.82,1.42,65.77,1.0209,1,41.11,9.36,1,96.61,0
SHP-00031,Hepatitis-B,Road,Jaipur-Hyderabad,3.52,4.4,3.34,47.1,0.4712,2,12.47,6.63,0,0.0,0
SHP-00032,COVID-19-mRNA,Road,Delhi-Mumbai,0.65,0.68,0.13,67.4,0.175,4,36.24,2.91,1,63.53,0
SHP-00033,COVID-19-mRNA,Road,Lucknow-Ahmedabad,1.87,2.14,1.6,54.87,0.1864,5,7.78,6.0,1,77.89,0
SHP-00034,Rotavirus,Road,Delhi-Mumbai,6.42,7.61,5.25,35.02,0.3134,4,33.4,7.33,0,0.0,0
SHP-00035,Rotavirus,Air,Jaipur-Hyderabad,4.08,5.89,3.01,62.3,0.1426,0,66.02,4.12,0,0.0,0
SHP-00036,Influenza,Road,Chennai-Kolkata,3.04,3.21,2.92,63.1,0.0022,2,36.85,2.93,0,0.0,0
SHP-00037,Polio,Road,Lucknow-Ahmedabad,3.71,6.01,2.75,50.43,0.0135,3,42.33,0.54,0,0.0,0
SHP-00038,COVID-19-mRNA,Sea,Delhi-Mumbai,5.22,7.52,3.37,51.29,0.2214,3,16.43,0.01,0,0.0,0
SHP-00039,Hepatitis-B,Road,Chennai-Kolkata,5.1,6.37,4.49,53.4,0.0663,4,7.03,13.84,0,0.0,0
SHP-00040,Polio,Sea,Bengaluru-Pune,3.81,4.59,1.36,35.75,0.0113,1,71.56,1.56,1,95.08,0
SHP-00041,COVID-19-mRNA,Rail,Jaipur-Hyderabad,6.73,7.65,5.72,31.35,0.9805,4,28.32,5.44,0,0.0,0
SHP-00042,Polio,Road,Jaipur-Hyderabad,6.43,7.64,6.26,68.02,0.1602,2,24.44,14.36,0,0.0,0
SHP-00043,COVID-19-mRNA,Air,Lucknow-Ahmedabad,5.03,6.46,3.92,46.76,0.3497,3,43.7,8.53,0,0.0,0
SHP-00044,Rotavirus,Road,Delhi-Mumbai,4.14,5.95,2.87,73.55,0.0989,3,55.19,0.65,0,0.0,0
SHP-00045,COVID-19-mRNA,Road,Bengaluru-Pune,5.64,6.66,5.16,68.7,0.0239,2,22.59,8.1,0,0.0,0
SHP-00046,Hepatitis-B,Road,Lucknow-Ahmedabad,4.79,6.41,3.93,70.67,0.683,3,40.59,6.48,0,0.0,0
SHP-00047,Polio,Road,Lucknow-Ahmedabad,6.65,7.89,5.67,48.5,0.0667,3,27.95,2.0,0,0.0,0
SHP-00048,Hepatitis-B,Road,Delhi-Mumbai,6.25,6.27,4.92,38.92,0.013,5,37.74,5.85,0,0.0,0
SHP-00049,Hepatitis-B,Road,Bengaluru-Pune,1.45,3.45,1.3,44.13,0.4424,1,16.65,8.74,1,53.97,0
SHP-00050,COVID-19-mRNA,Road,Delhi-Mumbai,1.29,3.0,0.44,50.54,0.0068,4,39.67,1.72,1,56.85,0
SHP-00051,Rotavirus,Air,Jaipur-Hyderabad,2.25,4.4,1.8,31.27,0.2866,3,9.12,10.16,1,82.41,0
SHP-00052,Influenza,Rail,Chennai-Kolkata,6.44,8.63,5.81,50.25,0.1704,6,61.44,0.41,1,38.21,0
SHP-00053,Rotavirus,Air,Jaipur-Hyderabad,0.06,0.27,-0.92,52.98,0.1924,2,47.43,3.75,1,119.21,0
SHP-00054,Rotavirus,Air,Jaipur-Hyderabad,4.99,6.73,4.88,42.06,0.002,3,68.14,1.33,0,0.0,0
SHP-00055,Hepatitis-B,Road,Lucknow-Ahmedabad,4.91,6.49,4.33,44.6,1.6669,2,45.58,6.51,0,0.0,0
SHP-00056,Rotavirus,Road,Jaipur-Hyderabad,6.91,10.04,6.42,52.79,0.3638,3,18.02,0.96,1,45.48,1
SHP-00057,COVID-19-mRNA,Road,Bengaluru-Pune,4.45,6.08,4.44,58.56,0.4249,5,37.95,2.09,0,0.0,0
SHP-00058,COVID-19-mRNA,Road,Jaipur-Hyderabad,0.64,0.75,0.58,46.09,0.5485,2,49.87,0.68,1,44.53,0
SHP-00059,COVID-19-mRNA,Road,Bengaluru-Pune,1.6,2.44,1.52,57.92,0.7986,4,30.7,8.35,1,77.25,0
SHP-00060,Polio,Road,Delhi-Mumbai,1.05,1.32,-0.25,56.37,0.4681,2,42.47,0.71,1,112.89,1
SHP-00061,Polio,Sea,Lucknow-Ahmedabad,2.66,3.39,2.5,55.47,0.7182,0,16.74,6.42,0,0.0,0
SHP-00062,COVID-19-mRNA,Sea,Bengaluru-Pune,3.54,4.0,2.96,48.48,0.2978,2,57.29,6.14,0,0.0,0
SHP-00063,Influenza,Road,Jaipur-Hyderabad,1.09,2.77,-0.26,41.67,0.232,5,66.03,0.77,1,20.65,0
SHP-00064,Polio,Road,Lucknow-Ahmedabad,7.68,7.76,7.31,71.96,0.8662,1,26.78,4.17,0,0.0,0
SHP-00065,COVID-19-mRNA,Road,Lucknow-Ahmedabad,0.69,2.03,0.08,61.3,1.0024,1,58.36,3.43,1,21.47,0
SHP-00066,Hepatitis-B,Air,Bengaluru-Pune,7.37,7.77,7.14,65.06,0.0741,5,12.07,4.51,0,0.0,0
SHP-00067,COVID-19-mRNA,Road,Bengaluru-Pune,6.96,8.98,6.12,54.16,0.3912,6,22.28,13.84,1,104.9,0
SHP-00068,Influenza,Road,Chennai-Kolkata,6.25,6.65,5.3,53.36,0.5754,3,36.48,0.42,0,0.0,0
SHP-00069,COVID-19-mRNA,Sea,Chennai-Kolkata,2.27,4.92,2.17,59.91,0.0437,4,31.5,8.59,0,0.0,0
SHP-00070,Rotavirus,Air,Lucknow-Ahmedabad,4.86,7.0,3.05,36.65,1.3268,4,46.9,9.91,0,0.0,0
SHP-00071,Influenza,Road,Chennai-Kolkata,0.81,1.68,-0.73,43.85,0.3671,3,43.16,0.67,1,21.03,0
SHP-00072,COVID-19-mRNA,Road,Jaipur-Hyderabad,6.28,7.94,4.92,47.02,0.5185,2,11.76,5.34,0,0.0,0
SHP-00073,COVID-19-mRNA,Road,Delhi-Mumbai,3.82,3.89,3.3,50.45,0.0982,4,14.69,6.06,0,0.0,0
SHP-00074,Influenza,Air,Lucknow-Ahmedabad,2.98,4.71,1.64,46.2,0.1536,4,9.41,3.98,1,63.04,0
SHP-00075,Influenza,Sea,Delhi-Mumbai,0.94,1.68,0.71,58.33,0.0645,4,68.87,3.5,1,60.98,0
SHP-00076,Influenza,Road,Chennai-Kolkata,-2.19,-0.83,-3.39,55.81,0.1533,4,48.59,1.91,1,39.17,0
SHP-00077,Influenza,Road,Bengaluru-Pune,1.4,3.22,0.69,68.93,0.339,1,62.47,5.84,1,101.28,0
SHP-00078,COVID-19-mRNA,Air,Lucknow-Ahmedabad,6.78,7.94,6.09,79.74,0.8968,2,41.72,1.68,0,0.0,0
SHP-00079,Polio,Road,Chennai-Kolkata,2.99,4.01,2.36,42.37,0.3815,3,18.79,3.08,0,0.0,0
SHP-00080,COVID-19-mRNA,Road,Jaipur-Hyderabad,3.58,4.65,3.05,56.47,0.1402,13,47.36,9.74,0,0.0,0
SHP-00081,Rotavirus,Air,Lucknow-Ahmedabad,5.64,5.87,5.2,56.46,0.0228,4,39.35,0.47,0,0.0,0
SHP-00082,Hepatitis-B,Air,Lucknow-Ahmedabad,8.51,9.54,8.31,54.86,0.4864,1,32.94,3.76,1,13.69,0
SHP-00083,Polio,Rail,Bengaluru-Pune,7.31,7.84,5.42,44.15,0.2725,0,30.54,3.33,0,0.0,0
SHP-00084,COVID-19-mRNA,Air,Lucknow-Ahmedabad,1.57,1.67,1.39,45.83,2.0788,2,48.91,2.38,1,11.4,0
SHP-00085,Polio,Air,Bengaluru-Pune,-0.86,1.49,-2.64,57.4,0.7565,5,46.77,4.55,1,100.26,0
SHP-00086,Polio,Road,Chennai-Kolkata,9.9,11.05,9.0,45.55,0.8261,3,16.0,0.08,1,39.3,1
SHP-00087,Influenza,Rail,Jaipur-Hyderabad,9.67,10.39,9.09,56.59,0.0062,3,59.87,3.39,1,23.2,1
SHP-00088,Hepatitis-B,Air,Jaipur-Hyderabad,4.47,8.65,3.29,52.54,0.7521,2,47.98,3.32,1,55.87,0
SHP-00089,Rotavirus,Road,Lucknow-Ahmedabad,0.82,0.86,0.21,56.42,0.1082,4,41.36,3.63,1,71.53,0
SHP-00090,Polio,Air,Lucknow-Ahmedabad,6.41,7.52,5.2,45.47,0.4407,3,55.43,1.19,0,0.0,0
SHP-00091,COVID-19-mRNA,Air,Chennai-Kolkata,3.73,6.26,2.55,56.57,0.2966,4,16.14,1.16,0,0.0,0
SHP-00092,Influenza,Air,Bengaluru-Pune,3.72,4.6,2.47,46.19,0.4239,1,66.7,5.21,0,0.0,0
SHP-00093,Influenza,Rail,Jaipur-Hyderabad,6.24,7.88,5.74,56.61,0.0716,4,23.86,0.49,0,0.0,0
SHP-00094,Hepatitis-B,Air,Bengaluru-Pune,4.84,5.6,3.4,68.39,0.3052,2,23.34,1.83,0,0.0,0
SHP-00095,Influenza,Air,Chennai-Kolkata,1.04,2.03,0.53,57.61,0.0188,3,59.78,8.88,1,21.06,0
SHP-00096,Polio,Road,Jaipur-Hyderabad,3.19,4.36,2.71,58.22,0.0209,4,28.04,0.55,0,0.0,0
SHP-00097,Hepatitis-B,Rail,Jaipur-Hyderabad,5.65,6.42,5.18,63.17,0.5361,2,60.83,3.16,0,0.0,0
SHP-00098,Polio,Road,Delhi-Mumbai,5.28,6.84,5.06,40.96,1.5151,1,27.65,5.52,0,0.0,0
SHP-00099,COVID-19-mRNA,Road,Chennai-Kolkata,4.66,6.84,3.42,72.19,0.7512,4,42.35,0.76,0,0.0,0
SHP-00100,COVID-19-mRNA,Air,Chennai-Kolkata,6.33,8.92,6.01,44.44,0.3166,3,21.24,1.87,1,111.77,0
SHP-00101,COVID-19-mRNA,Road,Delhi-Mumbai,3.1,3.96,1.85,63.8,0.0287,1,54.28,4.09,1,61.49,0
SHP-00102,Hepatitis-B,Road,Bengaluru-Pune,4.45,4.84,3.99,62.47,0.023,4,17.02,1.98,0,0.0,0
SHP-00103,Polio,Road,Delhi-Mumbai,-4.44,-4.43,-5.65,45.98,0.0859,2,65.36,0.58,1,114.69,0
SHP-00104,Hepatitis-B,Road,Chennai-Kolkata,2.88,3.63,2.55,65.09,1.8609,4,30.53,1.32,0,0.0,0
SHP-00105,Rotavirus,Road,Bengaluru-Pune,5.91,7.37,5.79,59.98,0.2543,1,37.12,0.58,0,0.0,0
SHP-00106,COVID-19-mRNA,Air,Jaipur-Hyderabad,3.02,4.16,2.47,73.9,0.9271,6,7.59,20.54,0,0.0,0
SHP-00107,Polio,Road,Delhi-Mumbai,2.83,3.38,1.65,56.93,0.6106,6,70.4,1.34,1,12.35,0
SHP-00108,Influenza,Air,Bengaluru-Pune,1.4,2.16,-0.27,53.91,0.465,2,59.67,3.78,1,58.21,0
SHP-00109,COVID-19-mRNA,Rail,Bengaluru-Pune,6.51,6.79,5.25,49.85,1.4766,2,35.5,2.8,0,0.0,0
SHP-00110,COVID-19-mRNA,Sea,Bengaluru-Pune,5.37,5.61,3.93,37.57,0.1309,1,66.74,4.21,0,0.0,0
SHP-00111,COVID-19-mRNA,Sea,Delhi-Mumbai,6.06,6.07,5.7,51.82,0.3034,3,67.45,3.45,0,0.0,0
SHP-00112,COVID-19-mRNA,Rail,Jaipur-Hyderabad,-0.32,0.79,-0.82,52.24,1.0002,6,41.18,6.49,1,117.02,1
SHP-00113,Rotavirus,Road,Bengaluru-Pune,3.6,4.33,3.44,57.62,0.4012,1,21.43,10.32,0,0.0,0
SHP-00114,Influenza,Road,Delhi-Mumbai,3.3,5.56,3.26,40.77,0.1415,3,38.15,1.68,0,0.0,0
SHP-00115,Hepatitis-B,Road,Chennai-Kolkata,3.3,5.34,1.87,52.61,0.1172,0,27.44,1.01,1,73.29,0
SHP-00116,Rotavirus,Road,Delhi-Mumbai,2.46,3.01,1.29,60.76,0.6989,3,35.57,20.78,1,56.33,0
SHP-00117,Influenza,Road,Delhi-Mumbai,3.13,5.88,2.6,61.76,0.0064,1,66.15,10.05,0,0.0,0
SHP-00118,COVID-19-mRNA,Road,Delhi-Mumbai,6.12,7.4,4.69,36.4,1.2278,3,24.6,2.26,0,0.0,0
SHP-00119,Rotavirus,Rail,Bengaluru-Pune,-0.78,-0.47,-2.47,62.06,0.0093,2,61.37,11.26,1,79.21,0
SHP-00120,Hepatitis-B,Road,Delhi-Mumbai,8.44,9.25,8.2,52.53,0.4985,6,67.73,5.55,1,96.91,0
SHP-00121,Influenza,Road,Chennai-Kolkata,5.21,6.04,4.33,53.15,0.4641,3,59.13,2.88,0,0.0,0
SHP-00122,Rotavirus,Sea,Bengaluru-Pune,3.89,4.16,3.81,31.35,0.4319,3,40.8,10.33,0,0.0,0
SHP-00123,Polio,Air,Chennai-Kolkata,6.27,8.37,4.35,69.94,0.3216,4,43.22,5.62,1,36.26,0
SHP-00124,COVID-19-mRNA,Road,Lucknow-Ahmedabad,0.37,1.05,-0.71,56.77,0.9567,3,60.1,8.76,1,76.21,0
SHP-00125,COVID-19-mRNA,Sea,Delhi-Mumbai,2.34,3.54,1.13,39.69,0.5384,3,8.94,2.7,1,16.26,0
SHP-00126,Polio,Road,Bengaluru-Pune,3.7,7.83,3.03,58.75,0.7613,1,54.57,8.02,0,0.0,0
SHP-00127,Influenza,Road,Bengaluru-Pune,7.41,7.53,6.71,58.44,0.0614,5,40.91,2.29,0,0.0,0
SHP-00128,Rotavirus,Air,Delhi-Mumbai,3.88,4.75,3.36,67.23,0.0256,3,32.21,6.64,0,0.0,0
SHP-00129,COVID-19-mRNA,Road,Jaipur-Hyderabad,5.13,7.24,4.7,51.9,0.0145,5,56.62,2.86,0,0.0,0
SHP-00130,Hepatitis-B,Rail,Jaipur-Hyderabad,2.53,3.23,0.98,55.12,0.0796,5,23.57,2.6,1,108.29,0
SHP-00131,Polio,Road,Chennai-Kolkata,5.22,7.71,4.33,48.57,0.5498,2,65.11,7.96,0,0.0,0
SHP-00132,COVID-19-mRNA,Road,Delhi-Mumbai,8.19,9.5,6.43,60.98,0.3406,2,51.44,0.67,1,50.45,0
SHP-00133,COVID-19-mRNA,Air,Delhi-Mumbai,6.49,8.63,5.42,47.17,0.6977,2,46.27,13.17,1,73.66,0
SHP-00134,Polio,Air,Lucknow-Ahmedabad,3.8,4.1,2.17,46.07,0.1064,4,40.53,3.55,0,0.0,0
SHP-00135,Rotavirus,Sea,Jaipur-Hyderabad,5.69,7.63,5.48,54.32,0.2286,3,20.04,5.05,0,0.0,0
SHP-00136,Polio,Road,Jaipur-Hyderabad,5.44,8.3,5.26,42.74,1.0969,2,46.72,2.6,1,48.21,0
SHP-00137,Hepatitis-B,Road,Delhi-Mumbai,5.27,6.97,3.35,71.02,1.3722,5,53.84,5.19,0,0.0,0
SHP-00138,Influenza,Air,Chennai-Kolkata,6.78,8.69,5.87,74.27,1.2738,2,6.77,6.19,1,74.35,0
SHP-00139,Polio,Road,Delhi-Mumbai,6.76,8.87,5.32,50.46,0.8527,4,30.18,10.14,1,22.3,0
SHP-00140,Rotavirus,Sea,Chennai-Kolkata,3.68,5.25,3.39,41.13,0.5828,6,60.94,9.63,0,0.0,0
SHP-00141,Rotavirus,Road,Jaipur-Hyderabad,5.6,6.81,4.63,58.37,1.2248,3,47.73,2.21,0,0.0,0
SHP-00142,COVID-19-mRNA,Air,Lucknow-Ahmedabad,3.04,3.8,2.91,50.18,0.6262,4,46.61,4.78,0,0.0,0
SHP-00143,Polio,Road,Bengaluru-Pune,1.69,1.74,1.1,66.75,1.5389,2,21.09,7.58,1,53.18,0
SHP-00144,Polio,Rail,Jaipur-Hyderabad,3.33,3.58,2.62,47.13,0.0126,4,47.72,7.24,0,0.0,0
SHP-00145,COVID-19-mRNA,Road,Chennai-Kolkata,3.81,4.03,3.34,60.45,1.2732,1,57.89,11.08,0,0.0,0
SHP-00146,COVID-19-mRNA,Rail,Delhi-Mumbai,-0.15,0.73,-0.64,56.14,0.4057,1,32.52,8.92,1,44.14,1
SHP-00147,Hepatitis-B,Road,Jaipur-Hyderabad,6.15,7.15,5.22,48.24,0.0593,2,18.02,6.33,0,0.0,0
SHP-00148,Hepatitis-B,Rail,Lucknow-Ahmedabad,-2.92,-1.28,-3.96,57.4,0.121,5,11.1,6.91,1,95.47,0
SHP-00149,COVID-19-mRNA,Road,Chennai-Kolkata,10.79,13.52,9.67,63.79,0.9558,1,39.38,8.24,1,17.71,1
SHP-00150,COVID-19-mRNA,Air,Delhi-Mumbai,7.75,7.79,7.73,55.87,0.3527,3,51.13,9.1,0,0.0,0
SHP-00151,Rotavirus,Road,Bengaluru-Pune,3.35,4.13,2.17,55.97,2.0319,2,16.73,2.17,0,0.0,0
SHP-00152,COVID-19-mRNA,Air,Chennai-Kolkata,4.02,4.94,3.6,46.27,0.0625,5,33.82,7.61,0,0.0,0
SHP-00153,COVID-19-mRNA,Sea,Delhi-Mumbai,4.76,6.47,3.85,66.44,0.2659,4,43.53,14.9,0,0.0,0
SHP-00154,Polio,Rail,Bengaluru-Pune,2.53,3.55,1.5,65.45,0.2016,3,16.29,1.33,1,55.99,0
SHP-00155,Rotavirus,Road,Delhi-Mumbai,4.48,5.98,3.98,50.89,0.363,6,23.81,0.25,0,0.0,0
SHP-00156,COVID-19-mRNA,Road,Bengaluru-Pune,3.64,3.83,3.57,53.76,0.5018,3,46.16,0.38,0,0.0,0
SHP-00157,Hepatitis-B,Air,Bengaluru-Pune,3.76,5.58,3.52,69.14,0.5418,4,53.85,1.22,0,0.0,0
SHP-00158,Influenza,Rail,Bengaluru-Pune,4.45,6.69,3.95,43.66,0.0006,3,47.98,12.62,0,0.0,0
SHP-00159,COVID-19-mRNA,Road,Delhi-Mumbai,0.72,0.79,-0.07,61.04,0.0466,3,53.1,0.68,1,78.65,0
SHP-00160,Influenza,Air,Bengaluru-Pune,4.1,5.81,3.51,49.41,0.0178,1,44.38,6.88,0,0.0,0
SHP-00161,Polio,Road,Chennai-Kolkata,4.41,6.1,3.27,72.78,0.9998,2,61.16,10.09,0,0.0,0
SHP-00162,Hepatitis-B,Air,Lucknow-Ahmedabad,4.32,4.49,4.24,55.63,0.1879,5,60.56,10.5,0,0.0,0
SHP-00163,Hepatitis-B,Road,Lucknow-Ahmedabad,3.46,6.47,2.95,67.6,0.2287,2,58.55,2.7,0,0.0,0
SHP-00164,Hepatitis-B,Road,Bengaluru-Pune,6.84,7.0,6.16,47.39,0.2993,5,43.98,3.42,0,0.0,0
SHP-00165,COVID-19-mRNA,Air,Lucknow-Ahmedabad,3.12,3.32,2.81,42.51,0.9462,6,71.61,1.95,0,0.0,0
SHP-00166,Influenza,Sea,Lucknow-Ahmedabad,4.57,8.42,4.19,52.66,0.0071,3,8.58,0.8,1,118.27,0
SHP-00167,Polio,Air,Bengaluru-Pune,7.24,7.91,6.67,57.63,0.0631,2,18.91,1.19,0,0.0,0
SHP-00168,COVID-19-mRNA,Air,Bengaluru-Pune,3.8,5.08,3.35,49.89,0.5779,2,59.39,0.72,0,0.0,0
SHP-00169,COVID-19-mRNA,Air,Chennai-Kolkata,4.54,6.88,3.85,62.58,1.6606,3,60.54,2.62,0,0.0,0
SHP-00170,Hepatitis-B,Rail,Jaipur-Hyderabad,3.76,5.0,3.56,52.9,0.5147,4,60.04,0.93,0,0.0,0
SHP-00171,Hepatitis-B,Road,Delhi-Mumbai,7.09,7.79,5.68,34.19,0.1513,1,63.6,2.58,0,0.0,0
SHP-00172,COVID-19-mRNA,Road,Bengaluru-Pune,3.36,4.93,3.05,60.53,0.3668,4,33.89,9.53,0,0.0,0
SHP-00173,Hepatitis-B,Air,Bengaluru-Pune,7.21,7.23,6.53,46.17,1.844,2,67.5,5.31,0,0.0,0
SHP-00174,COVID-19-mRNA,Air,Lucknow-Ahmedabad,3.74,7.17,3.16,51.38,0.3755,3,19.81,5.43,0,0.0,0
SHP-00175,Hepatitis-B,Road,Chennai-Kolkata,1.85,2.22,-0.07,70.53,0.2338,0,67.84,8.35,1,55.62,0
SHP-00176,COVID-19-mRNA,Rail,Lucknow-Ahmedabad,5.7,6.84,5.68,72.73,0.2418,3,42.74,0.21,0,0.0,0
SHP-00177,Hepatitis-B,Rail,Bengaluru-Pune,3.24,4.66,1.68,49.25,1.7061,5,16.82,7.91,1,73.22,0
SHP-00178,Polio,Air,Bengaluru-Pune,5.55,5.93,5.27,60.78,0.6346,2,54.58,1.09,0,0.0,0
SHP-00179,Rotavirus,Road,Lucknow-Ahmedabad,-2.82,-1.09,-2.89,49.48,0.5811,6,25.53,2.12,1,44.95,1
SHP-00180,COVID-19-mRNA,Sea,Bengaluru-Pune,4.01,7.87,3.56,52.13,0.132,3,20.55,1.84,0,0.0,0
SHP-00181,Polio,Road,Jaipur-Hyderabad,2.85,4.39,2.59,48.94,0.4099,0,17.36,0.56,0,0.0,0
SHP-00182,COVID-19-mRNA,Rail,Delhi-Mumbai,1.34,1.35,0.33,37.76,0.2206,2,7.94,0.95,1,17.62,0
SHP-00183,Rotavirus,Air,Delhi-Mumbai,2.62,5.01,1.52,55.95,0.1374,1,56.47,15.66,1,87.93,0
SHP-00184,Rotavirus,Sea,Delhi-Mumbai,2.57,3.85,1.91,57.88,1.1295,8,38.11,4.58,1,88.75,0
SHP-00185,COVID-19-mRNA,Rail,Jaipur-Hyderabad,3.88,4.41,3.32,48.29,0.2416,4,70.6,3.21,0,0.0,0
SHP-00186,Hepatitis-B,Sea,Bengaluru-Pune,0.58,0.71,-0.55,65.88,0.1662,3,34.99,7.09,1,39.6,1
SHP-00187,Influenza,Road,Lucknow-Ahmedabad,4.79,5.64,4.06,50.64,1.3421,4,61.66,8.4,0,0.0,0
SHP-00188,Hepatitis-B,Road,Chennai-Kolkata,7.42,8.87,6.76,48.63,0.1099,3,69.89,0.58,1,36.37,0
SHP-00189,Hepatitis-B,Sea,Bengaluru-Pune,4.7,5.19,3.05,60.27,0.6842,4,7.48,6.75,0,0.0,0
SHP-00190,COVID-19-mRNA,Road,Jaipur-Hyderabad,6.02,7.68,5.27,39.57,0.5289,5,12.95,13.47,0,0.0,0
SHP-00191,COVID-19-mRNA,Road,Jaipur-Hyderabad,6.74,7.18,5.43,64.07,1.2659,5,28.96,4.4,0,0.0,0
SHP-00192,Rotavirus,Road,Delhi-Mumbai,7.09,8.59,6.12,50.98,0.892,2,63.43,4.76,1,103.34,0
SHP-00193,Rotavirus,Rail,Bengaluru-Pune,8.68,8.77,7.84,64.89,0.6109,2,61.3,10.22,1,97.44,0
SHP-00194,Hepatitis-B,Sea,Delhi-Mumbai,2.75,3.06,2.41,67.88,0.1889,4,30.2,5.69,0,0.0,0
SHP-00195,Polio,Air,Chennai-Kolkata,2.2,4.01,2.06,61.4,0.3422,4,19.19,26.77,0,0.0,0
SHP-00196,Polio,Rail,Delhi-Mumbai,5.96,7.96,5.54,46.88,1.4456,6,58.95,1.66,0,0.0,0
SHP-00197,Influenza,Road,Chennai-Kolkata,5.77,6.44,5.55,42.49,0.0117,5,45.4,9.34,0,0.0,0
SHP-00198,Rotavirus,Air,Jaipur-Hyderabad,5.94,6.55,5.87,40.66,0.7907,2,8.09,4.74,0,0.0,0
SHP-00199,Rotavirus,Road,Delhi-Mumbai,8.72,8.97,8.01,66.03,0.145,5,59.08,2.28,1,18.28,0
SHP-00200,Influenza,Road,Delhi-Mumbai,4.03,4.57,3.61,53.65,0.1023,2,69.16,10.73,0,0.0,0
SHP-00201,Hepatitis-B,Road,Lucknow-Ahmedabad,5.07,7.35,4.9,49.01,0.1321,5,8.78,27.93,0,0.0,0
SHP-00202,COVID-19-mRNA,Sea,Jaipur-Hyderabad,1.55,3.44,1.49,53.68,0.0308,6,24.87,0.3,1,88.25,0
SHP-00203,COVID-19-mRNA,Road,Lucknow-Ahmedabad,9.34,11.19,8.9,65.81,2.4129,4,60.08,12.99,1,12.16,1
SHP-00204,Rotavirus,Road,Chennai-Kolkata,3.16,3.96,2.49,62.79,1.0196,3,44.59,1.14,0,0.0,0
SHP-00205,Hepatitis-B,Sea,Chennai-Kolkata,3.23,4.5,1.71,59.39,0.3681,4,71.3,1.15,1,55.83,0
SHP-00206,COVID-19-mRNA,Road,Jaipur-Hyderabad,3.13,4.04,2.06,61.38,0.6278,2,66.42,0.21,0,0.0,0
SHP-00207,COVID-19-mRNA,Rail,Chennai-Kolkata,2.39,2.45,1.28,56.8,0.4066,4,17.77,12.77,1,30.11,0
SHP-00208,Hepatitis-B,Road,Jaipur-Hyderabad,2.18,3.88,2.12,58.02,0.8345,2,50.49,7.12,0,0.0,0
SHP-00209,COVID-19-mRNA,Rail,Chennai-Kolkata,2.69,3.71,2.27,57.21,0.9314,2,49.12,0.27,0,0.0,0
SHP-00210,COVID-19-mRNA,Air,Bengaluru-Pune,0.59,1.36,0.32,55.0,0.1325,5,13.32,5.02,1,102.7,0
SHP-00211,Hepatitis-B,Sea,Delhi-Mumbai,2.04,2.45,1.77,62.53,0.3079,2,11.91,0.64,1,36.12,0
SHP-00212,Hepatitis-B,Air,Bengaluru-Pune,8.87,11.43,8.31,58.61,0.5037,5,43.58,6.96,1,20.63,1
SHP-00213,Hepatitis-B,Road,Jaipur-Hyderabad,5.84,6.87,4.73,46.19,1.9185,4,32.6,2.63,0,0.0,0
SHP-00214,COVID-19-mRNA,Rail,Jaipur-Hyderabad,6.31,7.85,6.29,60.29,0.5739,1,42.0,0.27,0,0.0,0
SHP-00215,Influenza,Road,Bengaluru-Pune,6.94,7.11,6.7,57.47,1.1396,2,21.76,8.84,0,0.0,0
SHP-00216,COVID-19-mRNA,Road,Delhi-Mumbai,8.59,10.13,8.19,61.11,0.9358,9,42.74,4.25,1,76.96,1
SHP-00217,Polio,Road,Delhi-Mumbai,-0.43,1.74,-0.65,53.96,0.4362,4,31.3,7.41,1,58.65,0
SHP-00218,Influenza,Road,Lucknow-Ahmedabad,0.93,3.11,0.41,63.12,1.1205,5,64.58,5.61,1,41.22,0
SHP-00219,Hepatitis-B,Air,Chennai-Kolkata,1.99,2.25,1.42,54.39,0.2369,3,26.2,2.85,1,57.39,0
SHP-00220,Influenza,Air,Lucknow-Ahmedabad,2.83,3.93,1.88,62.24,0.2384,3,63.48,6.0,1,26.39,0
SHP-00221,Hepatitis-B,Road,Delhi-Mumbai,3.25,5.65,0.79,50.44,0.7593,4,31.74,0.07,1,38.81,0
SHP-00222,Hepatitis-B,Road,Bengaluru-Pune,2.88,3.94,2.58,51.13,0.0722,3,44.16,2.08,0,0.0,0
SHP-00223,COVID-19-mRNA,Air,Chennai-Kolkata,4.55,4.81,4.36,61.02,0.1825,2,24.9,7.52,0,0.0,0
SHP-00224,Polio,Road,Bengaluru-Pune,4.09,4.34,3.41,51.68,0.469,4,59.4,7.2,0,0.0,0
SHP-00225,COVID-19-mRNA,Road,Lucknow-Ahmedabad,2.19,3.54,0.6,77.06,0.2724,2,61.68,10.92,1,11.27,0
SHP-00226,COVID-19-mRNA,Air,Jaipur-Hyderabad,-1.44,-0.96,-1.98,60.66,1.4128,8,59.4,4.72,1,45.38,1
SHP-00227,Rotavirus,Road,Bengaluru-Pune,1.52,2.25,0.52,55.25,1.5911,1,48.23,14.25,1,66.83,0
SHP-00228,Polio,Rail,Lucknow-Ahmedabad,2.63,2.78,1.38,63.2,0.3492,4,26.12,4.08,1,112.18,0
SHP-00229,Rotavirus,Air,Lucknow-Ahmedabad,3.38,4.39,1.79,50.19,0.3872,5,48.01,3.47,1,73.08,0
SHP-00230,Hepatitis-B,Road,Lucknow-Ahmedabad,1.18,3.48,0.14,64.23,0.6448,1,69.33,1.1,1,42.44,0
SHP-00231,Influenza,Road,Jaipur-Hyderabad,2.77,6.87,2.75,63.95,0.3056,1,48.79,7.54,0,0.0,0
SHP-00232,Hepatitis-B,Road,Jaipur-Hyderabad,1.17,3.22,0.2,67.54,0.1054,3,69.12,5.89,1,47.31,0
SHP-00233,Hepatitis-B,Road,Jaipur-Hyderabad,3.69,3.96,2.24,50.59,0.6871,2,26.1,3.09,0,0.0,0
SHP-00234,Polio,Road,Chennai-Kolkata,1.32,3.98,1.02,42.77,0.6693,4,61.84,0.46,1,25.93,0
SHP-00235,COVID-19-mRNA,Road,Jaipur-Hyderabad,1.88,4.87,0.94,48.9,0.1405,4,53.42,0.67,1,62.87,0
SHP-00236,Influenza,Air,Jaipur-Hyderabad,0.73,0.88,0.04,52.18,0.8946,0,60.07,0.61,1,39.73,0
SHP-00237,COVID-19-mRNA,Road,Jaipur-Hyderabad,3.62,3.88,1.61,71.67,0.4755,2,52.91,2.35,1,20.1,0
SHP-00238,COVID-19-mRNA,Road,Bengaluru-Pune,1.83,3.73,1.41,76.95,0.1348,5,37.7,0.87,1,33.81,0
SHP-00239,Hepatitis-B,Air,Jaipur-Hyderabad,6.27,6.87,5.34,58.45,0.5278,4,51.31,9.86,0,0.0,0
SHP-00240,COVID-19-mRNA,Road,Chennai-Kolkata,5.01,5.24,4.19,55.09,0.133,2,67.52,11.48,0,0.0,0
SHP-00241,Rotavirus,Sea,Lucknow-Ahmedabad,3.83,5.25,3.72,51.5,0.1541,2,33.56,9.72,0,0.0,0
SHP-00242,Rotavirus,Road,Bengaluru-Pune,2.01,4.25,1.57,63.25,0.942,3,68.82,4.69,1,78.27,0
SHP-00243,Rotavirus,Road,Delhi-Mumbai,4.95,6.34,4.7,76.89,1.326,2,9.26,4.54,0,0.0,0
SHP-00244,Polio,Sea,Jaipur-Hyderabad,5.73,7.6,5.56,72.86,0.1485,3,6.94,11.08,0,0.0,0
SHP-00245,COVID-19-mRNA,Road,Lucknow-Ahmedabad,4.36,4.41,3.79,66.38,1.3159,3,38.59,2.61,0,0.0,0
SHP-00246,Rotavirus,Road,Lucknow-Ahmedabad,8.01,8.23,7.88,66.23,0.1364,2,62.0,0.32,1,94.1,0
SHP-00247,Polio,Rail,Bengaluru-Pune,5.15,5.67,4.44,63.32,0.0624,4,22.36,3.18,0,0.0,0
SHP-00248,Rotavirus,Rail,Delhi-Mumbai,6.28,7.44,6.11,54.53,0.03,0,51.77,4.03,0,0.0,0
SHP-00249,Rotavirus,Road,Chennai-Kolkata,4.33,5.58,4.0,47.63,0.1386,3,42.1,3.99,0,0.0,0
SHP-00250,Rotavirus,Road,Lucknow-Ahmedabad,5.69,5.97,4.42,54.79,0.2433,2,25.19,0.87,0,0.0,0
SHP-00251,COVID-19-mRNA,Road,Lucknow-Ahmedabad,2.01,2.43,-0.34,59.22,1.3124,1,24.86,7.65,1,29.74,1
SHP-00252,Polio,Sea,Lucknow-Ahmedabad,2.85,5.1,1.91,40.46,0.1386,6,10.84,6.58,1,31.55,0
SHP-00253,Rotavirus,Road,Lucknow-Ahmedabad,4.87,6.27,3.07,53.47,0.2274,3,41.39,1.31,0,0.0,0
SHP-00254,Polio,Air,Bengaluru-Pune,4.86,4.96,4.55,46.74,0.6624,2,35.71,4.01,0,0.0,0
SHP-00255,COVID-19-mRNA,Rail,Delhi-Mumbai,5.27,7.71,4.49,65.14,0.1798,2,25.1,7.81,0,0.0,0
SHP-00256,Hepatitis-B,Road,Lucknow-Ahmedabad,6.75,7.27,4.63,49.5,0.5766,1,70.05,0.04,0,0.0,0
SHP-00257,Rotavirus,Air,Chennai-Kolkata,0.44,1.48,-0.57,58.28,0.2829,2,60.02,1.61,1,92.56,0
SHP-00258,Hepatitis-B,Road,Chennai-Kolkata,1.56,5.7,0.21,48.0,0.1094,3,40.65,3.19,1,64.81,0
SHP-00259,Hepatitis-B,Road,Jaipur-Hyderabad,4.57,4.95,4.37,70.98,0.6622,3,40.43,9.32,0,0.0,0
SHP-00260,COVID-19-mRNA,Rail,Lucknow-Ahmedabad,2.19,2.81,-0.23,37.99,0.0137,4,18.78,8.02,1,21.73,0
SHP-00261,Hepatitis-B,Air,Lucknow-Ahmedabad,12.44,12.78,11.98,59.76,0.1729,2,48.84,0.82,1,92.96,1
SHP-00262,Rotavirus,Rail,Lucknow-Ahmedabad,5.29,6.65,3.59,42.23,0.2202,1,68.94,3.11,0,0.0,0
SHP-00263,COVID-19-mRNA,Road,Lucknow-Ahmedabad,3.8,4.03,3.55,49.91,0.3064,0,65.29,1.82,0,0.0,0
SHP-00264,Hepatitis-B,Air,Lucknow-Ahmedabad,2.71,4.8,1.35,57.06,0.5695,4,11.59,2.57,1,44.8,0
SHP-00265,Rotavirus,Sea,Chennai-Kolkata,2.8,3.47,0.73,57.55,0.3075,3,9.5,3.89,1,63.03,0
SHP-00266,Influenza,Road,Delhi-Mumbai,4.08,5.52,3.97,57.29,0.4511,2,69.44,3.46,0,0.0,0
SHP-00267,Hepatitis-B,Road,Delhi-Mumbai,4.28,5.49,3.74,56.52,0.4529,1,19.19,0.76,0,0.0,0
SHP-00268,Influenza,Road,Jaipur-Hyderabad,2.86,4.0,1.54,48.58,0.2336,2,42.33,0.65,1,51.36,0
SHP-00269,Polio,Rail,Chennai-Kolkata,3.32,3.32,3.01,53.36,1.3588,4,10.93,0.7,0,0.0,0
SHP-00270,COVID-19-mRNA,Road,Lucknow-Ahmedabad,7.36,7.89,7.28,55.32,1.5601,1,61.66,9.2,0,0.0,0
SHP-00271,Influenza,Air,Delhi-Mumbai,7.46,7.47,5.43,56.95,0.436,6,13.78,0.1,0,0.0,0
SHP-00272,Influenza,Air,Bengaluru-Pune,4.63,5.59,3.34,54.34,0.0372,2,48.49,1.13,0,0.0,0
SHP-00273,Rotavirus,Road,Bengaluru-Pune,0.65,4.5,0.59,62.3,0.3378,6,9.74,15.61,1,13.4,0
SHP-00274,Rotavirus,Rail,Bengaluru-Pune,5.35,7.48,3.53,55.93,0.1019,5,16.34,0.34,0,0.0,0
SHP-00275,Hepatitis-B,Road,Lucknow-Ahmedabad,7.89,8.51,7.46,57.01,0.3301,6,39.8,0.18,1,43.76,0
SHP-00276,Hepatitis-B,Air,Lucknow-Ahmedabad,7.42,10.49,7.11,51.17,0.1044,2,9.02,2.45,1,112.93,1
SHP-00277,Influenza,Air,Jaipur-Hyderabad,5.84,6.63,5.32,44.48,0.6085,5,18.91,0.82,0,0.0,0
SHP-00278,Hepatitis-B,Road,Jaipur-Hyderabad,7.56,7.64,6.97,56.54,0.0419,4,14.99,4.17,0,0.0,0
SHP-00279,Influenza,Sea,Jaipur-Hyderabad,4.13,5.38,3.74,67.07,1.532,3,8.68,2.07,0,0.0,0
SHP-00280,Influenza,Road,Bengaluru-Pune,5.57,6.61,4.99,59.44,0.1087,1,70.09,1.17,0,0.0,0
SHP-00281,Rotavirus,Sea,Lucknow-Ahmedabad,2.3,2.71,2.25,46.83,0.5404,1,35.71,32.86,0,0.0,0
SHP-00282,Polio,Road,Bengaluru-Pune,4.73,6.24,3.68,63.15,1.2442,2,62.69,2.09,0,0.0,0
SHP-00283,Polio,Air,Jaipur-Hyderabad,7.32,8.76,5.47,51.65,0.1424,2,29.64,5.12,1,27.48,0
SHP-00284,COVID-19-mRNA,Rail,Lucknow-Ahmedabad,2.53,3.39,1.98,62.15,1.3613,3,8.81,10.36,1,98.9,0
SHP-00285,Hepatitis-B,Road,Chennai-Kolkata,1.85,2.94,1.71,51.31,0.2461,4,51.91,12.78,1,113.84,0
SHP-00286,COVID-19-mRNA,Road,Delhi-Mumbai,4.24,7.88,2.99,58.53,1.6161,2,8.56,2.64,0,0.0,0
SHP-00287,Polio,Sea,Delhi-Mumbai,3.43,3.65,3.33,49.82,1.7765,1,42.48,18.68,0,0.0,0
SHP-00288,Hepatitis-B,Air,Jaipur-Hyderabad,5.62,7.02,5.43,50.07,0.1042,3,15.18,6.45,0,0.0,0
SHP-00289,COVID-19-mRNA,Air,Bengaluru-Pune,2.87,4.39,2.48,39.34,0.8892,1,50.27,4.38,0,0.0,0
SHP-00290,Hepatitis-B,Road,Chennai-Kolkata,8.3,9.6,8.03,60.12,0.1075,5,64.92,5.91,1,99.37,0
SHP-00291,COVID-19-mRNA,Road,Lucknow-Ahmedabad,0.78,2.65,-0.03,58.7,0.1284,2,69.08,2.23,1,16.9,0
SHP-00292,COVID-19-mRNA,Air,Bengaluru-Pune,7.13,7.17,5.16,59.26,0.0439,2,40.83,2.76,0,0.0,0
SHP-00293,Influenza,Air,Jaipur-Hyderabad,2.09,3.33,-0.1,57.75,0.0851,2,41.16,4.41,1,113.28,1
SHP-00294,Polio,Air,Bengaluru-Pune,-0.49,-0.26,-0.59,47.38,0.5001,1,8.53,1.98,1,91.39,0
SHP-00295,COVID-19-mRNA,Rail,Jaipur-Hyderabad,4.59,5.03,4.26,64.66,0.2982,4,56.81,7.32,0,0.0,0
SHP-00296,Hepatitis-B,Air,Delhi-Mumbai,3.36,5.08,1.78,64.93,0.7826,3,69.11,1.45,1,66.55,0
SHP-00297,Influenza,Road,Delhi-Mumbai,1.23,2.33,1.08,47.12,0.2017,4,34.92,7.97,1,53.24,0
SHP-00298,COVID-19-mRNA,Road,Bengaluru-Pune,-0.2,0.13,-0.88,60.32,1.7309,7,58.38,0.83,1,81.63,1
SHP-00299,Hepatitis-B,Road,Chennai-Kolkata,3.98,6.43,2.84,63.75,0.0256,2,58.63,1.23,0,0.0,0
SHP-00300,COVID-19-mRNA,Air,Lucknow-Ahmedabad,6.44,6.73,6.13,50.3,0.0325,6,57.86,6.99,0,0.0,0
SHP-00301,COVID-19-mRNA,Rail,Jaipur-Hyderabad,5.46,7.36,4.31,52.04,0.6043,3,56.07,1.53,0,0.0,0
SHP-00302,Hepatitis-B,Air,Lucknow-Ahmedabad,4.14,5.15,3.42,60.34,1.0926,2,20.2,7.93,0,0.0,0
SHP-00303,Hepatitis-B,Rail,Delhi-Mumbai,5.2,6.6,5.07,39.9,0.7936,1,55.59,7.66,0,0.0,0
SHP-00304,Hepatitis-B,Rail,Chennai-Kolkata,3.93,4.47,2.36,44.11,0.3365,5,15.53,1.49,0,0.0,0
SHP-00305,Influenza,Road,Chennai-Kolkata,0.43,1.77,-1.58,45.1,0.1571,2,53.03,0.38,1,74.98,0
SHP-00306,Rotavirus,Road,Lucknow-Ahmedabad,0.45,0.85,-0.82,37.04,0.0068,4,6.23,0.91,1,22.78,0
SHP-00307,Hepatitis-B,Road,Delhi-Mumbai,3.49,4.6,3.3,65.85,0.3561,4,66.64,6.98,0,0.0,0
SHP-00308,Polio,Road,Lucknow-Ahmedabad,3.6,6.78,3.09,35.12,0.3228,4,60.61,9.39,0,0.0,0
SHP-00309,Influenza,Rail,Bengaluru-Pune,6.13,6.59,5.73,58.43,0.211,2,51.08,2.41,0,0.0,0
SHP-00310,COVID-19-mRNA,Rail,Chennai-Kolkata,5.89,6.12,4.51,63.12,0.4315,1,12.23,0.9,0,0.0,0
SHP-00311,Polio,Road,Chennai-Kolkata,5.51,6.29,4.99,52.06,0.6525,4,60.45,0.39,0,0.0,0
SHP-00312,COVID-19-mRNA,Road,Bengaluru-Pune,3.3,4.31,2.57,48.32,0.6035,2,63.76,1.22,0,0.0,0
SHP-00313,COVID-19-mRNA,Sea,Delhi-Mumbai,0.55,1.72,-0.53,57.33,0.1528,7,51.41,19.48,1,45.1,1
SHP-00314,Rotavirus,Sea,Chennai-Kolkata,5.03,5.63,3.81,55.02,0.4401,4,70.41,0.93,0,0.0,0
SHP-00315,Influenza,Road,Jaipur-Hyderabad,5.31,7.59,3.05,65.04,0.0805,3,12.13,0.45,0,0.0,0
SHP-00316,Hepatitis-B,Road,Jaipur-Hyderabad,-1.97,-1.95,-2.57,28.71,0.0648,6,52.77,7.7,1,79.54,1
SHP-00317,Polio,Road,Delhi-Mumbai,1.91,2.55,0.89,45.81,0.7706,4,40.64,4.78,1,69.08,0
SHP-00318,COVID-19-mRNA,Sea,Bengaluru-Pune,2.27,2.75,2.12,60.62,0.5917,3,15.61,3.83,0,0.0,0
SHP-00319,COVID-19-mRNA,Air,Lucknow-Ahmedabad,4.3,6.61,2.28,55.5,0.7304,5,49.46,2.97,0,0.0,0
SHP-00320,COVID-19-mRNA,Road,Delhi-Mumbai,1.99,3.44,-0.05,62.52,0.0827,2,58.77,6.05,1,113.75,1
SHP-00321,Hepatitis-B,Road,Lucknow-Ahmedabad,3.9,5.27,1.73,57.62,1.2303,5,16.87,5.99,1,46.45,0
SHP-00322,Influenza,Road,Delhi-Mumbai,3.47,4.54,2.86,53.65,0.0714,2,58.37,2.76,0,0.0,0
SHP-00323,Hepatitis-B,Road,Jaipur-Hyderabad,3.6,3.88,3.48,51.98,1.0203,2,12.14,1.33,0,0.0,0
SHP-00324,COVID-19-mRNA,Sea,Bengaluru-Pune,2.21,3.1,1.85,78.25,0.2172,1,45.03,9.2,1,17.81,0
SHP-00325,Rotavirus,Air,Jaipur-Hyderabad,2.4,3.74,2.26,70.35,0.0557,4,58.7,0.9,0,0.0,0
SHP-00326,Influenza,Road,Bengaluru-Pune,1.3,3.73,0.3,59.96,0.169,4,15.63,3.82,1,92.42,0
SHP-00327,Hepatitis-B,Air,Lucknow-Ahmedabad,4.95,6.43,4.32,55.78,0.1001,3,43.72,5.9,0,0.0,0
SHP-00328,Hepatitis-B,Air,Delhi-Mumbai,5.43,5.52,5.24,60.38,0.3373,2,34.04,5.09,0,0.0,0
SHP-00329,Polio,Road,Chennai-Kolkata,2.07,4.04,1.85,63.27,1.4953,4,46.08,4.82,1,27.8,0
SHP-00330,COVID-19-mRNA,Road,Chennai-Kolkata,7.8,8.04,6.75,59.19,0.1987,2,34.0,5.43,1,45.03,0
SHP-00331,Polio,Road,Bengaluru-Pune,3.21,3.6,1.94,47.49,0.4735,2,22.56,10.42,1,87.84,0
SHP-00332,Influenza,Road,Bengaluru-Pune,7.83,8.89,7.38,72.85,1.1115,1,22.75,2.27,1,76.28,0
SHP-00333,COVID-19-mRNA,Air,Jaipur-Hyderabad,2.39,4.43,1.38,57.46,0.4972,1,63.07,4.94,1,25.0,0
SHP-00334,COVID-19-mRNA,Road,Chennai-Kolkata,-1.07,-0.92,-1.18,75.14,0.2249,0,16.33,5.97,1,118.69,1
SHP-00335,COVID-19-mRNA,Sea,Jaipur-Hyderabad,5.01,8.16,3.37,56.87,2.3464,2,14.13,4.46,1,113.16,0
SHP-00336,COVID-19-mRNA,Sea,Lucknow-Ahmedabad,4.62,7.26,3.58,52.54,0.1038,5,12.41,11.67,0,0.0,0
SHP-00337,Rotavirus,Road,Chennai-Kolkata,4.09,4.71,3.0,68.84,0.3704,4,10.89,5.32,0,0.0,0
SHP-00338,Influenza,Road,Lucknow-Ahmedabad,2.39,3.59,1.49,58.01,0.7965,1,6.96,2.76,1,39.39,0
SHP-00339,Polio,Sea,Delhi-Mumbai,3.91,6.77,3.78,56.33,0.0003,1,16.59,9.34,0,0.0,0
SHP-00340,COVID-19-mRNA,Air,Jaipur-Hyderabad,2.72,3.02,1.18,43.0,0.6054,4,18.72,3.36,1,96.03,0
SHP-00341,Polio,Rail,Bengaluru-Pune,3.24,5.43,1.65,61.6,0.155,3,23.8,3.78,1,47.85,0
SHP-00342,Polio,Sea,Chennai-Kolkata,6.1,6.35,3.79,50.07,0.093,5,14.19,4.36,0,0.0,0
SHP-00343,COVID-19-mRNA,Air,Jaipur-Hyderabad,4.46,4.51,4.21,50.52,0.1602,3,12.21,1.95,0,0.0,0
SHP-00344,Polio,Air,Bengaluru-Pune,5.52,7.2,2.31,50.09,1.7029,4,41.74,6.41,0,0.0,0
SHP-00345,Polio,Sea,Delhi-Mumbai,3.42,5.68,2.63,59.39,1.1125,3,53.43,0.52,0,0.0,0
SHP-00346,Hepatitis-B,Road,Chennai-Kolkata,3.14,4.51,2.03,39.65,0.1202,1,47.59,10.16,0,0.0,0
SHP-00347,Hepatitis-B,Air,Lucknow-Ahmedabad,1.12,1.26,1.08,52.89,0.0622,2,42.74,7.02,1,103.01,0
SHP-00348,COVID-19-mRNA,Road,Delhi-Mumbai,3.07,4.62,2.99,64.8,0.2264,2,35.08,2.18,0,0.0,0
SHP-00349,Polio,Road,Bengaluru-Pune,-4.3,-3.66,-4.38,42.54,0.4487,5,47.84,1.28,1,68.03,0
SHP-00350,Hepatitis-B,Road,Chennai-Kolkata,2.52,4.52,1.74,56.73,1.0092,4,65.52,2.45,1,60.74,0
SHP-00351,Hepatitis-B,Road,Chennai-Kolkata,3.8,5.62,3.36,48.69,1.692,1,47.41,8.18,0,0.0,0
SHP-00352,Rotavirus,Sea,Delhi-Mumbai,5.41,7.35,5.18,50.96,0.6955,4,10.02,0.16,0,0.0,0
SHP-00353,Hepatitis-B,Road,Chennai-Kolkata,3.33,4.05,2.4,71.55,0.4569,2,43.65,3.15,0,0.0,0
SHP-00354,COVID-19-mRNA,Road,Bengaluru-Pune,4.87,7.08,4.76,38.5,0.0768,10,40.6,1.47,0,0.0,0
SHP-00355,COVID-19-mRNA,Road,Delhi-Mumbai,-1.45,-0.6,-2.31,62.66,0.0385,2,35.83,10.4,1,40.46,1
SHP-00356,Hepatitis-B,Road,Lucknow-Ahmedabad,3.86,4.8,2.32,50.22,0.4532,2,43.54,2.67,0,0.0,0
SHP-00357,COVID-19-mRNA,Air,Delhi-Mumbai,-0.2,2.09,-2.06,49.72,0.3872,0,50.39,5.98,1,101.07,0
SHP-00358,Hepatitis-B,Sea,Delhi-Mumbai,0.98,1.25,-0.33,43.88,0.9357,2,8.46,2.21,1,101.65,0
SHP-00359,Rotavirus,Rail,Lucknow-Ahmedabad,3.53,4.53,3.07,62.54,0.1948,3,37.69,2.0,0,0.0,0
SHP-00360,Hepatitis-B,Road,Bengaluru-Pune,7.19,9.36,6.85,53.09,0.0203,6,59.94,1.97,1,117.59,0
SHP-00361,Polio,Road,Jaipur-Hyderabad,4.93,5.23,3.14,51.82,0.2756,2,41.03,5.67,0,0.0,0
SHP-00362,Hepatitis-B,Air,Jaipur-Hyderabad,4.05,5.12,3.48,56.1,1.7398,8,10.48,16.65,0,0.0,1
SHP-00363,Polio,Road,Lucknow-Ahmedabad,3.95,8.35,3.32,53.3,0.7938,1,57.15,1.17,1,110.49,0
SHP-00364,Hepatitis-B,Road,Bengaluru-Pune,2.22,4.22,2.08,34.99,0.0172,4,68.13,5.16,0,0.0,0
SHP-00365,Rotavirus,Road,Chennai-Kolkata,2.64,3.17,2.61,50.09,1.0384,3,62.22,1.54,0,0.0,0
SHP-00366,Polio,Sea,Lucknow-Ahmedabad,5.07,6.14,3.18,63.95,0.319,0,29.93,3.99,0,0.0,0
SHP-00367,Rotavirus,Road,Jaipur-Hyderabad,0.54,1.16,-1.03,39.93,0.2269,1,41.3,3.9,1,65.48,1
SHP-00368,Rotavirus,Road,Bengaluru-Pune,5.48,8.07,4.86,44.1,0.2129,3,45.03,2.99,1,111.47,0
SHP-00369,COVID-19-mRNA,Rail,Delhi-Mumbai,3.03,3.83,1.58,50.73,0.4521,2,53.24,3.45,1,38.74,0
SHP-00370,COVID-19-mRNA,Air,Bengaluru-Pune,6.06,6.19,5.89,47.74,0.3781,2,49.96,10.61,0,0.0,0
SHP-00371,COVID-19-mRNA,Road,Bengaluru-Pune,6.4,6.45,6.1,54.72,0.5345,0,19.14,0.46,0,0.0,0
SHP-00372,COVID-19-mRNA,Road,Jaipur-Hyderabad,-0.18,1.45,-0.48,44.07,0.4262,2,61.64,8.87,1,18.68,0
SHP-00373,COVID-19-mRNA,Road,Jaipur-Hyderabad,2.55,3.69,1.26,51.12,0.0777,0,62.05,3.1,1,62.45,0
SHP-00374,Hepatitis-B,Rail,Chennai-Kolkata,1.86,4.74,0.66,54.52,0.1487,3,32.69,2.03,1,21.7,0
SHP-00375,COVID-19-mRNA,Road,Chennai-Kolkata,-0.53,-0.3,-1.06,61.49,0.9195,4,14.64,0.97,1,34.82,0
SHP-00376,Polio,Rail,Lucknow-Ahmedabad,1.42,2.46,1.4,67.45,0.5442,2,46.17,8.43,1,42.73,0
SHP-00377,Influenza,Road,Delhi-Mumbai,10.1,10.39,10.1,52.38,0.2975,4,29.58,4.48,1,62.96,1
SHP-00378,COVID-19-mRNA,Road,Chennai-Kolkata,5.52,6.15,4.02,73.88,0.1008,4,54.93,6.52,0,0.0,0
SHP-00379,Influenza,Rail,Jaipur-Hyderabad,8.79,10.32,7.82,53.16,0.0039,4,26.83,1.89,1,111.44,1
SHP-00380,COVID-19-mRNA,Air,Bengaluru-Pune,6.07,8.27,5.74,63.29,0.1869,2,23.36,2.5,1,107.46,0
SHP-00381,COVID-19-mRNA,Air,Lucknow-Ahmedabad,2.15,2.16,1.62,74.32,0.0282,3,63.27,12.25,1,92.29,0
SHP-00382,Hepatitis-B,Road,Chennai-Kolkata,3.05,5.46,2.83,56.39,0.3292,0,46.64,16.24,0,0.0,0
SHP-00383,Hepatitis-B,Road,Bengaluru-Pune,5.47,5.83,5.37,41.26,0.8624,4,11.68,6.73,0,0.0,0
SHP-00384,Rotavirus,Air,Bengaluru-Pune,5.09,6.49,4.41,55.91,0.168,2,51.5,6.92,0,0.0,0
SHP-00385,Influenza,Road,Chennai-Kolkata,2.56,3.3,1.59,48.88,0.9411,4,55.68,5.93,1,26.18,0
SHP-00386,Influenza,Road,Delhi-Mumbai,0.23,1.66,-1.39,52.26,0.6097,1,21.52,4.42,1,59.8,0
SHP-00387,COVID-19-mRNA,Road,Delhi-Mumbai,12.22,13.43,12.07,74.85,0.0669,4,69.87,4.52,1,60.77,1
SHP-00388,COVID-19-mRNA,Sea,Lucknow-Ahmedabad,3.65,4.86,3.03,42.77,0.5172,3,30.61,16.59,0,0.0,0
SHP-00389,Influenza,Road,Delhi-Mumbai,3.19,3.22,1.54,58.0,0.0822,3,68.08,6.95,1,101.86,0
SHP-00390,Influenza,Rail,Lucknow-Ahmedabad,4.28,6.58,4.26,46.22,0.5318,4,25.38,5.33,0,0.0,0
SHP-00391,Rotavirus,Air,Jaipur-Hyderabad,3.39,3.8,3.11,51.92,0.077,1,46.21,1.05,0,0.0,0
SHP-00392,Polio,Road,Chennai-Kolkata,4.31,4.69,3.32,62.45,0.2492,3,40.16,18.88,0,0.0,0
SHP-00393,Polio,Rail,Bengaluru-Pune,7.22,9.89,5.8,58.18,0.418,5,71.48,3.67,1,106.23,0
SHP-00394,Influenza,Road,Lucknow-Ahmedabad,3.69,4.29,3.3,52.75,0.0258,3,32.95,14.39,0,0.0,0
SHP-00395,Polio,Road,Delhi-Mumbai,1.09,2.03,0.99,48.5,0.0832,3,17.83,6.25,1,37.28,0
SHP-00396,Rotavirus,Road,Lucknow-Ahmedabad,3.6,5.34,3.43,58.16,0.1931,4,60.99,0.2,0,0.0,0
SHP-00397,Rotavirus,Air,Lucknow-Ahmedabad,2.84,4.29,1.07,72.08,0.3102,2,8.77,3.87,1,68.16,0
SHP-00398,Polio,Road,Delhi-Mumbai,7.56,7.81,6.55,45.99,0.9777,4,64.41,11.16,0,0.0,0
SHP-00399,Influenza,Road,Delhi-Mumbai,6.93,10.57,5.97,74.12,0.1037,7,13.3,0.27,1,55.87,1
SHP-00400,Influenza,Rail,Chennai-Kolkata,4.27,4.39,4.03,66.99,0.2134,2,43.75,10.08,0,0.0,0
SHP-00401,COVID-19-mRNA,Air,Bengaluru-Pune,0.8,2.48,0.21,68.69,0.3229,3,53.09,4.75,1,35.21,0
SHP-00402,Rotavirus,Sea,Chennai-Kolkata,0.94,2.38,-0.53,58.08,0.1753,2,28.2,0.23,1,31.87,0
SHP-00403,Hepatitis-B,Sea,Chennai-Kolkata,4.04,6.25,2.96,66.71,0.4914,2,61.75,2.34,0,0.0,0
SHP-00404,Influenza,Air,Delhi-Mumbai,4.84,5.31,4.39,44.91,0.1483,2,45.18,0.15,0,0.0,0
SHP-00405,Polio,Road,Delhi-Mumbai,3.06,3.28,1.68,48.32,0.74,2,32.08,0.01,1,32.05,0
SHP-00406,Rotavirus,Rail,Bengaluru-Pune,2.8,3.29,2.34,62.66,0.3518,2,27.47,11.34,0,0.0,0
SHP-00407,Polio,Sea,Lucknow-Ahmedabad,2.52,3.65,1.85,57.96,0.0451,4,13.39,6.9,1,76.42,0
SHP-00408,COVID-19-mRNA,Road,Chennai-Kolkata,3.94,5.62,2.89,53.52,0.4931,2,48.26,1.71,0,0.0,0
SHP-00409,Rotavirus,Road,Bengaluru-Pune,-1.96,-1.24,-2.34,29.97,0.4211,0,30.03,0.6,1,65.52,0
SHP-00410,COVID-19-mRNA,Road,Chennai-Kolkata,1.25,1.39,1.08,50.65,0.2067,1,27.16,0.28,1,33.68,0
SHP-00411,Polio,Road,Lucknow-Ahmedabad,2.43,4.21,1.57,43.26,0.0056,2,68.7,12.46,1,116.64,0
SHP-00412,Rotavirus,Road,Chennai-Kolkata,7.02,9.74,5.34,59.94,0.112,7,24.0,4.91,1,116.37,0
SHP-00413,Rotavirus,Road,Jaipur-Hyderabad,1.97,4.06,1.45,53.09,0.2602,3,63.85,0.88,1,45.34,0
SHP-00414,Hepatitis-B,Air,Bengaluru-Pune,4.45,5.74,3.1,48.72,0.1115,1,70.34,5.72,0,0.0,0
SHP-00415,Hepatitis-B,Air,Delhi-Mumbai,4.57,6.07,4.51,81.43,0.4308,3,60.3,34.02,0,0.0,0
SHP-00416,Polio,Road,Chennai-Kolkata,7.24,7.86,5.87,65.38,0.623,4,7.29,7.76,0,0.0,0
SHP-00417,COVID-19-mRNA,Road,Bengaluru-Pune,7.16,7.47,6.98,65.56,0.969,5,63.33,2.96,0,0.0,0
SHP-00418,Polio,Road,Bengaluru-Pune,3.86,4.8,3.09,77.02,0.5206,3,20.09,8.41,0,0.0,0
SHP-00419,Hepatitis-B,Road,Chennai-Kolkata,2.81,3.68,1.53,63.02,0.584,3,29.32,6.82,1,65.8,0
SHP-00420,Influenza,Road,Delhi-Mumbai,2.34,3.42,2.13,47.29,0.4688,2,71.44,0.46,0,0.0,0
SHP-00421,Influenza,Air,Delhi-Mumbai,3.4,4.2,2.44,46.12,2.1163,0,32.73,13.0,0,0.0,0
SHP-00422,Influenza,Road,Chennai-Kolkata,2.91,4.45,1.85,64.65,0.1512,1,49.22,10.78,1,75.24,0
SHP-00423,COVID-19-mRNA,Sea,Bengaluru-Pune,5.38,6.74,4.35,34.41,0.1548,3,26.51,4.46,0,0.0,0
SHP-00424,Polio,Road,Delhi-Mumbai,5.05,6.45,3.98,54.22,0.0675,2,30.38,3.55,0,0.0,0
SHP-00425,COVID-19-mRNA,Road,Chennai-Kolkata,5.48,6.52,5.19,33.29,0.3325,4,45.44,1.29,0,0.0,0
SHP-00426,Hepatitis-B,Road,Chennai-Kolkata,7.15,8.56,6.34,55.99,0.0506,0,68.59,8.99,1,104.33,0
SHP-00427,Polio,Sea,Chennai-Kolkata,8.66,9.46,8.61,63.54,0.1575,4,24.64,2.83,1,47.18,0
SHP-00428,Rotavirus,Air,Bengaluru-Pune,4.31,6.14,3.7,57.79,0.3295,4,22.33,4.33,0,0.0,0
SHP-00429,Polio,Road,Delhi-Mumbai,6.75,7.48,6.51,64.38,1.5803,3,7.73,0.93,0,0.0,0
SHP-00430,COVID-19-mRNA,Road,Bengaluru-Pune,3.12,3.15,2.52,74.65,1.6595,4,19.34,1.2,0,0.0,0
SHP-00431,COVID-19-mRNA,Road,Jaipur-Hyderabad,6.96,7.43,5.95,53.56,0.6808,3,23.32,21.07,0,0.0,0
SHP-00432,Influenza,Air,Delhi-Mumbai,6.65,6.86,6.01,83.08,0.2465,0,10.15,3.41,0,0.0,0
SHP-00433,Hepatitis-B,Road,Bengaluru-Pune,6.52,8.21,5.37,57.13,1.0018,1,43.2,8.46,1,78.08,0
SHP-00434,COVID-19-mRNA,Air,Delhi-Mumbai,4.24,6.1,4.2,64.49,1.0415,3,14.37,8.85,0,0.0,0
SHP-00435,COVID-19-mRNA,Road,Jaipur-Hyderabad,2.33,2.45,2.0,48.89,1.2051,5,39.73,19.95,1,45.2,0
SHP-00436,Influenza,Road,Lucknow-Ahmedabad,0.51,0.63,-0.27,71.19,0.5109,4,18.47,20.34,1,36.12,1
SHP-00437,COVID-19-mRNA,Air,Chennai-Kolkata,3.9,3.92,2.83,65.42,0.1127,3,67.76,3.05,0,0.0,0
SHP-00438,Influenza,Rail,Bengaluru-Pune,7.83,8.85,6.81,69.71,0.0477,3,26.27,15.01,1,85.13,0
SHP-00439,Influenza,Air,Jaipur-Hyderabad,3.23,3.55,1.87,55.55,1.2312,1,12.13,2.27,1,93.19,0
SHP-00440,COVID-19-mRNA,Rail,Jaipur-Hyderabad,5.96,6.81,5.96,42.45,0.0286,3,61.19,4.68,0,0.0,0
SHP-00441,COVID-19-mRNA,Road,Delhi-Mumbai,6.11,6.33,6.05,59.6,0.1754,3,32.53,8.62,0,0.0,0
SHP-00442,Rotavirus,Air,Delhi-Mumbai,3.29,6.03,2.52,38.03,0.3337,4,60.13,12.25,0,0.0,0
SHP-00443,Polio,Air,Chennai-Kolkata,7.29,7.41,6.75,51.64,0.0111,5,26.62,3.71,0,0.0,0
SHP-00444,Polio,Sea,Delhi-Mumbai,-3.27,0.24,-3.68,56.91,1.1871,4,39.0,2.71,1,27.35,1
SHP-00445,Influenza,Air,Bengaluru-Pune,0.94,1.47,-0.5,78.77,0.1692,2,35.39,6.52,1,86.67,1
SHP-00446,Rotavirus,Air,Bengaluru-Pune,1.71,2.03,1.64,58.19,0.0145,2,42.82,3.04,1,77.23,0
SHP-00447,Rotavirus,Road,Bengaluru-Pune,1.95,3.3,0.63,56.4,2.5249,2,32.51,5.57,1,73.32,0
SHP-00448,Influenza,Road,Lucknow-Ahmedabad,4.84,7.0,4.59,54.37,0.1865,3,38.79,8.15,0,0.0,0
SHP-00449,Polio,Road,Bengaluru-Pune,4.73,6.21,3.9,41.58,1.0468,7,50.84,9.2,0,0.0,0
SHP-00450,COVID-19-mRNA,Air,Delhi-Mumbai,4.98,6.3,4.96,55.86,0.3021,5,33.37,1.47,0,0.0,0
SHP-00451,Influenza,Road,Delhi-Mumbai,5.49,6.08,4.02,56.03,0.544,4,51.17,4.24,0,0.0,0
SHP-00452,Hepatitis-B,Air,Bengaluru-Pune,1.62,2.41,0.85,45.31,0.1379,0,53.14,0.13,1,71.02,0
SHP-00453,Polio,Air,Jaipur-Hyderabad,0.95,1.23,-0.09,43.13,0.3495,0,55.43,7.99,1,94.5,1
SHP-00454,Rotavirus,Road,Jaipur-Hyderabad,4.99,6.91,4.44,50.18,0.149,6,37.08,0.67,0,0.0,0
SHP-00455,COVID-19-mRNA,Road,Jaipur-Hyderabad,2.42,2.56,2.2,55.65,1.5088,6,6.25,10.27,0,0.0,0
SHP-00456,Polio,Air,Chennai-Kolkata,0.07,3.19,-1.59,50.42,0.0314,2,55.73,2.61,1,27.34,0
SHP-00457,COVID-19-mRNA,Road,Lucknow-Ahmedabad,6.43,8.19,6.09,44.49,0.1606,2,66.0,0.92,1,32.13,0
SHP-00458,Polio,Road,Bengaluru-Pune,7.49,7.71,5.73,57.89,1.118,2,49.07,7.94,0,0.0,0
SHP-00459,COVID-19-mRNA,Sea,Chennai-Kolkata,7.89,8.7,6.87,60.39,0.327,3,40.62,1.12,1,114.25,0
SHP-00460,COVID-19-mRNA,Sea,Jaipur-Hyderabad,4.47,5.87,3.56,56.21,0.4583,0,42.93,2.51,0,0.0,0
SHP-00461,COVID-19-mRNA,Rail,Bengaluru-Pune,5.56,8.92,5.06,49.37,0.5273,0,48.29,4.18,1,106.66,0
SHP-00462,Hepatitis-B,Air,Chennai-Kolkata,7.42,9.59,6.75,60.95,0.0368,2,71.9,2.23,1,32.37,0
SHP-00463,Influenza,Air,Delhi-Mumbai,2.4,2.56,2.23,53.09,0.0089,6,10.1,0.99,0,0.0,0
SHP-00464,Hepatitis-B,Road,Jaipur-Hyderabad,6.78,9.1,6.26,43.11,1.389,4,7.4,2.61,1,23.85,0
SHP-00465,Rotavirus,Road,Chennai-Kolkata,4.69,5.03,3.66,65.36,0.1584,2,69.64,0.78,0,0.0,0
SHP-00466,Polio,Road,Delhi-Mumbai,6.28,8.31,5.95,58.54,0.2393,1,35.07,6.35,1,20.47,0
SHP-00467,COVID-19-mRNA,Rail,Jaipur-Hyderabad,4.47,6.26,3.77,53.81,0.573,4,46.42,0.94,0,0.0,0
SHP-00468,Rotavirus,Rail,Lucknow-Ahmedabad,7.24,9.75,7.2,39.29,0.1348,5,55.73,3.29,1,67.61,0
SHP-00469,COVID-19-mRNA,Rail,Jaipur-Hyderabad,4.56,5.49,3.11,47.55,0.6604,1,54.98,4.11,0,0.0,0
SHP-00470,Rotavirus,Road,Lucknow-Ahmedabad,0.29,1.7,-0.48,75.19,0.3065,3,48.71,14.51,1,112.59,1
SHP-00471,COVID-19-mRNA,Road,Lucknow-Ahmedabad,7.63,9.85,6.97,39.92,0.9711,2,37.14,0.41,1,74.51,0
SHP-00472,Rotavirus,Road,Lucknow-Ahmedabad,1.63,3.15,0.02,52.49,0.1632,4,44.02,13.33,1,107.36,0
SHP-00473,COVID-19-mRNA,Air,Bengaluru-Pune,7.13,9.04,6.85,54.84,0.114,5,54.16,1.17,1,26.37,0
SHP-00474,Rotavirus,Road,Bengaluru-Pune,3.77,5.2,2.71,58.2,0.891,5,62.15,9.19,0,0.0,0
SHP-00475,Hepatitis-B,Air,Lucknow-Ahmedabad,6.94,9.23,6.76,40.03,0.1975,0,14.4,0.47,1,103.14,0
SHP-00476,Rotavirus,Road,Delhi-Mumbai,6.84,7.04,6.14,56.74,0.2654,5,24.35,22.42,0,0.0,0
SHP-00477,COVID-19-mRNA,Road,Lucknow-Ahmedabad,5.08,5.58,4.7,38.14,0.7892,1,32.24,8.24,0,0.0,0
SHP-00478,Hepatitis-B,Road,Chennai-Kolkata,5.27,5.82,4.21,55.97,0.5047,1,49.92,0.33,0,0.0,0
SHP-00479,Rotavirus,Rail,Lucknow-Ahmedabad,5.06,7.27,4.58,48.48,0.2915,5,32.11,1.2,0,0.0,0
SHP-00480,Hepatitis-B,Road,Bengaluru-Pune,-1.03,1.57,-2.04,46.34,0.1438,2,21.77,3.98,1,110.82,0
SHP-00481,Hepatitis-B,Rail,Bengaluru-Pune,4.3,5.59,2.7,63.35,0.7224,1,8.19,3.71,0,0.0,0
SHP-00482,Hepatitis-B,Road,Chennai-Kolkata,1.21,2.85,1.15,52.64,0.0995,3,61.61,4.96,1,98.79,0
SHP-00483,Polio,Road,Chennai-Kolkata,4.43,5.71,3.46,59.74,1.3175,1,33.65,3.11,0,0.0,0
SHP-00484,Hepatitis-B,Road,Jaipur-Hyderabad,1.14,1.86,-0.36,60.07,0.0814,4,27.73,6.62,1,10.34,1
SHP-00485,Hepatitis-B,Road,Delhi-Mumbai,1.04,2.26,-0.51,67.7,0.8172,3,41.03,2.14,1,63.12,0
SHP-00486,Rotavirus,Sea,Delhi-Mumbai,8.01,8.93,7.66,42.92,0.276,0,14.11,0.97,1,118.9,0
SHP-00487,COVID-19-mRNA,Air,Delhi-Mumbai,6.67,8.84,5.64,64.19,0.1029,2,32.23,0.17,1,109.83,0
SHP-00488,COVID-19-mRNA,Road,Bengaluru-Pune,3.99,4.05,3.8,55.16,0.2574,3,55.62,1.96,0,0.0,0
SHP-00489,Rotavirus,Road,Delhi-Mumbai,4.46,5.62,3.55,51.22,0.1252,1,54.58,2.78,0,0.0,0
SHP-00490,Rotavirus,Sea,Jaipur-Hyderabad,3.38,4.56,1.83,43.51,0.0731,3,56.95,5.38,1,44.24,0
SHP-00491,Polio,Air,Jaipur-Hyderabad,5.42,6.38,4.48,61.07,0.1367,6,36.85,8.21,0,0.0,0
SHP-00492,Hepatitis-B,Rail,Delhi-Mumbai,2.31,4.84,0.62,45.78,1.0102,2,30.35,1.37,1,100.72,0
SHP-00493,COVID-19-mRNA,Road,Chennai-Kolkata,6.48,7.03,6.43,60.18,0.056,2,60.88,3.4,0,0.0,0
SHP-00494,COVID-19-mRNA,Road,Jaipur-Hyderabad,3.37,4.15,2.47,74.28,1.7975,2,17.44,1.33,0,0.0,0
SHP-00495,Polio,Road,Chennai-Kolkata,2.95,5.05,1.69,64.8,0.0025,3,53.86,15.1,1,65.2,0
SHP-00496,Polio,Road,Bengaluru-Pune,4.05,5.0,3.8,68.91,0.5368,4,64.6,5.21,0,0.0,0
SHP-00497,Hepatitis-B,Road,Jaipur-Hyderabad,2.52,4.75,1.68,47.81,0.9708,8,24.89,5.66,1,68.95,0
SHP-00498,COVID-19-mRNA,Rail,Chennai-Kolkata,4.82,5.12,4.82,62.63,1.3587,6,19.05,3.79,0,0.0,0
SHP-00499,Rotavirus,Road,Delhi-Mumbai,2.66,4.79,1.05,43.56,0.0777,6,39.83,1.66,1,68.47,0
SHP-00500,Rotavirus,Road,Bengaluru-Pune,5.17,8.85,4.79,52.67,0.599,2,20.28,1.12,1,85.42,0
SHP-00501,Hepatitis-B,Road,Lucknow-Ahmedabad,7.04,9.22,6.99,72.41,0.0568,6,63.47,5.34,1,16.88,0
SHP-00502,Hepatitis-B,Air,Lucknow-Ahmedabad,2.2,5.45,2.05,48.92,0.2174,3,22.13,12.74,0,0.0,0
SHP-00503,Polio,Air,Delhi-Mumbai,3.67,3.77,3.13,66.11,0.6582,5,26.72,1.2,0,0.0,0
SHP-00504,Influenza,Road,Bengaluru-Pune,5.15,5.98,5.07,65.16,0.2123,3,64.64,4.24,0,0.0,0
SHP-00505,Hepatitis-B,Road,Bengaluru-Pune,2.91,3.6,2.4,65.75,0.188,1,19.57,3.77,0,0.0,0
SHP-00506,COVID-19-mRNA,Air,Bengaluru-Pune,5.16,6.49,2.77,42.33,0.0617,2,64.4,5.13,0,0.0,0
SHP-00507,Rotavirus,Road,Bengaluru-Pune,5.39,7.21,5.28,60.25,0.0344,4,19.85,4.43,0,0.0,0
SHP-00508,Influenza,Road,Lucknow-Ahmedabad,6.71,10.52,5.2,53.43,0.0612,4,66.18,1.59,1,105.7,1
SHP-00509,Rotavirus,Road,Chennai-Kolkata,2.49,3.67,2.13,65.88,1.0416,1,26.96,5.88,0,0.0,0
SHP-00510,Influenza,Road,Bengaluru-Pune,1.64,3.83,1.54,38.45,0.0056,5,22.25,1.59,1,45.88,0
SHP-00511,Hepatitis-B,Air,Chennai-Kolkata,3.23,5.45,3.08,58.68,0.5902,0,37.49,5.29,0,0.0,0
SHP-00512,Polio,Sea,Bengaluru-Pune,1.58,4.3,0.36,57.26,0.7319,1,30.37,1.78,1,95.45,0
SHP-00513,Rotavirus,Rail,Jaipur-Hyderabad,5.41,7.52,5.11,35.1,0.4195,1,19.32,0.43,0,0.0,0
SHP-00514,Rotavirus,Road,Jaipur-Hyderabad,1.1,3.03,-0.9,46.15,0.6561,6,28.33,0.68,1,68.13,1
SHP-00515,COVID-19-mRNA,Air,Jaipur-Hyderabad,9.83,11.26,8.97,36.7,0.5282,3,53.07,8.98,1,50.34,1
SHP-00516,COVID-19-mRNA,Rail,Bengaluru-Pune,7.24,9.59,7.13,47.74,0.304,0,60.91,0.65,1,51.6,0
SHP-00517,Polio,Rail,Chennai-Kolkata,4.03,4.62,2.84,60.49,0.2412,5,60.17,2.01,0,0.0,0
SHP-00518,Influenza,Rail,Lucknow-Ahmedabad,6.17,7.04,4.74,56.95,1.4179,1,55.95,1.7,0,0.0,0
SHP-00519,Rotavirus,Air,Delhi-Mumbai,-0.09,1.03,-0.33,56.69,1.7867,3,6.36,0.3,1,27.7,1
SHP-00520,COVID-19-mRNA,Road,Lucknow-Ahmedabad,10.31,12.15,10.15,44.6,0.5267,1,34.16,4.58,1,43.14,1
SHP-00521,Hepatitis-B,Rail,Bengaluru-Pune,2.52,2.67,1.54,66.2,0.1099,3,17.15,8.02,1,46.33,0
SHP-00522,Polio,Road,Jaipur-Hyderabad,3.7,4.73,2.37,54.81,0.297,5,10.85,24.35,0,0.0,0
SHP-00523,Rotavirus,Road,Jaipur-Hyderabad,-0.64,0.07,-1.04,55.34,0.3431,4,54.57,13.75,1,110.86,0
SHP-00524,Influenza,Road,Chennai-Kolkata,5.22,5.54,4.39,64.4,0.7093,3,58.37,0.25,0,0.0,0
SHP-00525,Influenza,Road,Bengaluru-Pune,1.23,2.04,1.06,45.09,0.551,5,59.76,1.49,1,117.19,0
SHP-00526,Polio,Air,Lucknow-Ahmedabad,4.25,4.57,3.8,57.29,0.3616,3,64.76,2.66,0,0.0,0
SHP-00527,Polio,Road,Bengaluru-Pune,2.64,5.69,2.2,59.23,0.5703,3,44.94,10.4,0,0.0,0
SHP-00528,COVID-19-mRNA,Air,Bengaluru-Pune,1.31,1.93,0.76,49.54,0.0122,3,71.88,2.23,1,101.76,0
SHP-00529,COVID-19-mRNA,Road,Jaipur-Hyderabad,1.99,3.55,1.1,61.52,0.7495,5,37.93,4.22,1,91.29,0
SHP-00530,Rotavirus,Road,Lucknow-Ahmedabad,4.56,5.44,4.22,59.77,0.1189,2,64.31,5.39,0,0.0,0
SHP-00531,Influenza,Road,Delhi-Mumbai,0.8,1.01,0.62,53.99,0.5342,1,13.45,1.77,1,55.97,0
SHP-00532,Rotavirus,Air,Jaipur-Hyderabad,2.13,4.25,0.27,53.68,0.0605,3,15.83,4.36,1,72.4,0
SHP-00533,Rotavirus,Road,Lucknow-Ahmedabad,5.66,9.01,4.13,60.24,0.0608,2,44.96,0.26,1,31.31,0
SHP-00534,Hepatitis-B,Rail,Chennai-Kolkata,10.51,11.03,8.81,62.88,0.0182,2,14.19,3.27,1,78.01,1
SHP-00535,Influenza,Air,Jaipur-Hyderabad,5.19,5.76,4.9,55.63,1.2053,6,10.97,2.38,0,0.0,0
SHP-00536,Rotavirus,Air,Chennai-Kolkata,1.71,1.95,1.14,66.2,0.4639,3,18.94,2.2,1,98.48,0
SHP-00537,Influenza,Air,Jaipur-Hyderabad,3.08,5.68,2.76,61.59,0.2247,4,57.98,1.34,0,0.0,0
SHP-00538,COVID-19-mRNA,Rail,Bengaluru-Pune,4.08,6.6,3.38,37.12,0.7751,1,67.21,8.51,0,0.0,0
SHP-00539,Polio,Road,Lucknow-Ahmedabad,3.13,3.54,2.64,40.95,0.4919,4,28.01,10.68,0,0.0,0
SHP-00540,COVID-19-mRNA,Road,Chennai-Kolkata,6.26,9.39,5.22,66.82,0.4839,1,70.33,10.95,1,114.51,0
SHP-00541,Rotavirus,Air,Jaipur-Hyderabad,4.54,4.74,4.07,52.53,0.3338,0,59.43,2.52,0,0.0,0
SHP-00542,Hepatitis-B,Road,Chennai-Kolkata,6.27,8.12,5.73,56.64,0.004,7,20.92,1.5,1,101.79,0
SHP-00543,COVID-19-mRNA,Rail,Jaipur-Hyderabad,3.21,4.14,-0.4,66.39,0.1495,2,44.68,0.52,1,15.32,1
SHP-00544,Hepatitis-B,Rail,Jaipur-Hyderabad,7.31,7.62,6.12,54.94,0.0577,2,70.8,5.58,0,0.0,0
SHP-00545,Hepatitis-B,Road,Delhi-Mumbai,3.58,5.58,2.65,55.37,0.543,5,62.02,2.0,0,0.0,0
SHP-00546,Polio,Air,Delhi-Mumbai,1.57,2.08,1.22,46.31,0.1429,0,29.98,1.62,1,111.96,0
SHP-00547,COVID-19-mRNA,Air,Delhi-Mumbai,9.44,10.68,8.82,58.7,0.2991,2,26.22,2.32,1,92.38,1
SHP-00548,Hepatitis-B,Air,Chennai-Kolkata,-0.56,1.59,-0.84,60.87,0.218,2,60.07,4.05,1,68.5,1
SHP-00549,Hepatitis-B,Road,Bengaluru-Pune,2.15,4.32,1.07,49.22,0.0773,2,42.24,0.88,1,117.73,0
SHP-00550,Influenza,Air,Jaipur-Hyderabad,2.43,3.16,1.44,45.78,1.5895,3,16.79,16.26,1,31.42,0
SHP-00551,Hepatitis-B,Road,Lucknow-Ahmedabad,10.27,12.43,9.2,81.26,1.3547,3,27.64,6.6,1,80.57,1
SHP-00552,Rotavirus,Road,Delhi-Mumbai,8.52,8.62,7.98,54.07,0.0442,5,49.68,0.24,1,77.03,0
SHP-00553,Hepatitis-B,Sea,Chennai-Kolkata,7.73,8.17,7.42,48.16,0.8783,7,16.11,1.83,1,47.45,0
SHP-00554,Hepatitis-B,Road,Chennai-Kolkata,3.17,3.59,2.4,62.07,0.3351,2,52.12,0.26,0,0.0,0
SHP-00555,Rotavirus,Rail,Chennai-Kolkata,10.07,11.73,8.97,54.49,0.743,5,52.86,1.3,1,35.89,1
SHP-00556,Polio,Road,Lucknow-Ahmedabad,4.92,5.84,3.48,44.14,0.0819,4,23.87,1.69,0,0.0,0
SHP-00557,COVID-19-mRNA,Air,Lucknow-Ahmedabad,6.44,7.48,6.09,59.83,0.0709,5,32.27,6.33,0,0.0,0
SHP-00558,COVID-19-mRNA,Road,Delhi-Mumbai,4.45,5.7,3.09,46.47,1.1071,3,67.74,6.34,0,0.0,0
SHP-00559,Influenza,Road,Lucknow-Ahmedabad,3.88,6.85,2.58,70.76,1.1405,0,55.45,0.23,0,0.0,0
SHP-00560,Hepatitis-B,Road,Delhi-Mumbai,3.37,4.57,3.01,59.95,0.3136,1,58.0,4.44,0,0.0,0
SHP-00561,Influenza,Road,Lucknow-Ahmedabad,3.48,4.8,2.74,52.23,1.0207,7,40.07,16.21,0,0.0,0
SHP-00562,COVID-19-mRNA,Sea,Lucknow-Ahmedabad,5.52,6.35,4.93,56.09,0.5505,0,20.07,4.95,0,0.0,0
SHP-00563,COVID-19-mRNA,Road,Lucknow-Ahmedabad,4.92,5.04,3.79,64.03,0.1023,1,45.02,16.16,0,0.0,0
SHP-00564,COVID-19-mRNA,Road,Delhi-Mumbai,3.92,4.41,2.43,56.86,0.1995,4,56.96,2.39,0,0.0,0
SHP-00565,Polio,Sea,Jaipur-Hyderabad,7.77,8.11,7.55,76.22,0.0731,4,6.26,3.08,1,75.0,0
SHP-00566,Hepatitis-B,Air,Delhi-Mumbai,-3.42,-1.78,-4.84,66.36,0.7435,1,13.51,3.42,1,64.27,1
SHP-00567,Polio,Road,Jaipur-Hyderabad,5.27,7.69,3.94,59.88,2.1083,1,37.3,12.88,0,0.0,0
SHP-00568,Polio,Road,Chennai-Kolkata,5.79,7.13,5.44,45.63,0.3952,2,34.85,2.39,0,0.0,0
SHP-00569,Rotavirus,Rail,Chennai-Kolkata,6.87,8.91,4.52,53.53,0.5334,2,70.83,20.5,1,110.4,0
SHP-00570,Polio,Sea,Delhi-Mumbai,3.84,4.63,3.23,59.79,0.6854,7,12.08,3.92,0,0.0,0
SHP-00571,Hepatitis-B,Sea,Jaipur-Hyderabad,4.52,5.14,3.48,46.77,0.127,3,27.36,1.23,0,0.0,0
SHP-00572,Influenza,Air,Jaipur-Hyderabad,6.46,6.76,6.42,67.93,0.2047,2,59.8,0.55,0,0.0,0
SHP-00573,Polio,Rail,Jaipur-Hyderabad,7.73,9.42,6.95,45.26,0.2658,0,46.42,0.95,1,38.33,0
SHP-00574,Hepatitis-B,Road,Chennai-Kolkata,3.25,4.99,2.37,48.63,0.4514,3,43.07,0.2,0,0.0,0
SHP-00575,Rotavirus,Road,Delhi-Mumbai,4.67,4.96,4.49,49.38,0.9502,0,54.92,5.89,0,0.0,0
SHP-00576,Rotavirus,Air,Bengaluru-Pune,8.2,10.47,7.98,62.44,0.1467,2,8.64,3.64,1,52.01,1
SHP-00577,COVID-19-mRNA,Road,Jaipur-Hyderabad,-1.31,1.36,-3.08,46.95,0.3183,2,68.53,6.7,1,37.94,1
SHP-00578,Rotavirus,Sea,Jaipur-Hyderabad,2.27,3.11,1.25,37.0,0.6962,2,18.62,7.62,1,93.49,0
SHP-00579,Polio,Sea,Bengaluru-Pune,7.66,8.58,7.35,65.88,0.0457,2,11.4,13.39,1,75.74,0
SHP-00580,COVID-19-mRNA,Road,Delhi-Mumbai,6.73,7.34,6.0,50.56,0.3596,3,28.37,0.62,0,0.0,0
SHP-00581,Polio,Air,Jaipur-Hyderabad,5.31,7.57,5.29,44.31,0.078,6,52.36,1.03,0,0.0,0
SHP-00582,Rotavirus,Road,Delhi-Mumbai,2.88,4.46,2.81,47.45,0.3873,3,21.28,3.97,0,0.0,0
SHP-00583,Polio,Rail,Jaipur-Hyderabad,1.8,4.0,0.81,72.17,0.7301,1,9.29,0.69,1,110.02,0
SHP-00584,Polio,Road,Lucknow-Ahmedabad,2.52,2.85,2.5,48.43,0.1352,1,9.79,0.49,0,0.0,0
SHP-00585,Hepatitis-B,Road,Jaipur-Hyderabad,7.87,8.24,6.55,53.77,0.9468,3,22.93,5.49,1,24.1,0
SHP-00586,COVID-19-mRNA,Air,Lucknow-Ahmedabad,2.43,3.99,2.27,50.53,0.2038,0,14.93,6.45,0,0.0,0
SHP-00587,COVID-19-mRNA,Road,Delhi-Mumbai,4.25,4.41,2.75,42.67,0.1058,5,30.58,9.27,0,0.0,0
SHP-00588,COVID-19-mRNA,Road,Jaipur-Hyderabad,2.12,3.07,0.86,47.57,0.313,3,17.42,12.37,1,76.67,0
SHP-00589,COVID-19-mRNA,Sea,Chennai-Kolkata,6.11,6.15,5.52,41.99,1.044,4,28.72,2.92,0,0.0,0
SHP-00590,COVID-19-mRNA,Road,Chennai-Kolkata,2.65,2.7,2.43,64.56,0.0357,8,35.34,19.53,0,0.0,0
SHP-00591,COVID-19-mRNA,Road,Bengaluru-Pune,3.76,3.88,3.68,56.01,0.1984,0,55.01,0.19,0,0.0,0
SHP-00592,Hepatitis-B,Road,Chennai-Kolkata,-0.21,0.08,-0.82,79.83,0.5295,2,21.01,10.21,1,77.43,1
SHP-00593,COVID-19-mRNA,Air,Lucknow-Ahmedabad,-0.03,2.5,-0.54,47.91,0.2213,1,37.35,1.94,1,89.05,0
SHP-00594,Polio,Sea,Chennai-Kolkata,4.02,5.17,3.72,46.41,0.0367,2,59.81,12.74,0,0.0,0
SHP-00595,Rotavirus,Road,Chennai-Kolkata,0.69,1.05,0.5,70.34,0.2017,3,71.1,1.26,1,17.94,0
SHP-00596,Polio,Road,Chennai-Kolkata,9.26,9.64,8.41,65.58,0.8601,2,42.78,6.75,1,38.02,0
SHP-00597,Hepatitis-B,Road,Jaipur-Hyderabad,-1.15,-0.92,-2.08,58.85,1.7216,3,34.53,2.77,1,95.44,1
SHP-00598,COVID-19-mRNA,Road,Bengaluru-Pune,2.0,2.48,1.78,43.86,0.0203,8,47.68,2.4,1,95.27,0
SHP-00599,COVID-19-mRNA,Road,Delhi-Mumbai,4.04,5.34,3.43,72.45,0.4212,1,38.1,0.31,0,0.0,0
SHP-00600,COVID-19-mRNA,Road,Bengaluru-Pune,3.09,3.83,1.89,54.28,0.0556,1,16.87,6.12,1,30.32,0
SHP-00601,COVID-19-mRNA,Road,Lucknow-Ahmedabad,1.24,1.7,-0.49,50.69,0.5703,4,36.32,0.96,1,50.39,0
SHP-00602,COVID-19-mRNA,Road,Jaipur-Hyderabad,1.61,1.61,0.33,66.43,0.004,2,70.62,3.11,1,16.92,0
SHP-00603,COVID-19-mRNA,Air,Jaipur-Hyderabad,1.52,2.11,-0.39,54.78,0.0074,3,48.27,0.76,1,90.34,1
SHP-00604,COVID-19-mRNA,Road,Chennai-Kolkata,3.28,3.55,2.48,43.34,0.75,6,24.71,4.64,0,0.0,0
SHP-00605,COVID-19-mRNA,Air,Chennai-Kolkata,8.88,10.42,8.4,55.4,0.0387,4,68.51,1.31,1,104.46,1
SHP-00606,Polio,Road,Lucknow-Ahmedabad,4.19,6.29,2.88,47.19,0.1821,2,31.65,4.51,0,0.0,0
SHP-00607,COVID-19-mRNA,Rail,Jaipur-Hyderabad,6.96,10.85,6.83,24.91,1.5855,4,31.75,14.65,1,80.04,1
SHP-00608,Polio,Rail,Delhi-Mumbai,5.27,6.96,4.84,46.18,2.1082,3,46.7,12.69,0,0.0,0
SHP-00609,Hepatitis-B,Road,Bengaluru-Pune,6.78,7.56,6.6,49.72,0.088,1,43.55,1.12,0,0.0,0
SHP-00610,Hepatitis-B,Road,Jaipur-Hyderabad,-3.0,-2.22,-3.54,43.44,0.4115,4,25.17,0.52,1,17.82,1
SHP-00611,COVID-19-mRNA,Air,Delhi-Mumbai,3.24,3.78,2.55,60.75,0.4095,2,36.83,0.22,0,0.0,0
SHP-00612,Influenza,Road,Delhi-Mumbai,7.27,8.05,5.02,47.23,0.3011,0,27.95,8.82,1,115.6,0
SHP-00613,Hepatitis-B,Rail,Bengaluru-Pune,2.57,3.23,1.59,59.78,1.2931,3,54.69,1.43,1,68.88,0
SHP-00614,COVID-19-mRNA,Air,Delhi-Mumbai,8.41,8.76,7.43,42.67,0.7013,5,14.09,1.67,1,87.04,0
SHP-00615,Rotavirus,Road,Lucknow-Ahmedabad,7.71,7.8,5.21,64.09,0.7231,5,55.52,1.28,0,0.0,0
SHP-00616,Rotavirus,Rail,Delhi-Mumbai,2.83,3.3,0.62,42.24,0.1571,1,16.64,9.17,1,57.65,0
SHP-00617,COVID-19-mRNA,Rail,Lucknow-Ahmedabad,2.74,3.11,1.99,31.58,0.2849,5,26.19,19.29,1,58.47,0
SHP-00618,COVID-19-mRNA,Air,Delhi-Mumbai,1.47,3.05,-0.5,67.37,0.3342,3,28.0,7.04,1,28.37,0
SHP-00619,Influenza,Road,Chennai-Kolkata,2.43,2.46,0.67,46.44,0.1776,3,71.37,8.67,1,109.64,0
SHP-00620,Influenza,Air,Delhi-Mumbai,0.92,0.94,0.43,72.57,0.0498,6,44.93,4.84,1,81.24,0
SHP-00621,COVID-19-mRNA,Air,Lucknow-Ahmedabad,5.07,6.67,4.12,60.65,0.0675,3,57.32,3.76,0,0.0,0
SHP-00622,COVID-19-mRNA,Sea,Delhi-Mumbai,0.36,1.8,-0.42,62.9,0.0996,4,42.65,6.39,1,71.58,1
SHP-00623,Polio,Rail,Delhi-Mumbai,5.51,7.89,4.96,65.45,0.1139,3,70.89,0.18,0,0.0,0
SHP-00624,Polio,Rail,Delhi-Mumbai,5.57,8.2,5.27,56.13,0.1387,3,17.71,0.32,1,26.19,0
SHP-00625,Hepatitis-B,Air,Lucknow-Ahmedabad,-0.15,1.2,-0.36,56.24,0.1475,1,45.92,5.81,1,30.01,1
SHP-00626,Polio,Rail,Delhi-Mumbai,7.87,8.78,6.13,67.81,0.3041,4,58.63,2.04,1,71.52,0
SHP-00627,Polio,Road,Bengaluru-Pune,5.28,6.61,3.47,56.11,0.3562,2,47.48,3.36,0,0.0,0
SHP-00628,Influenza,Road,Bengaluru-Pune,5.87,6.25,5.28,47.72,0.1847,3,65.2,7.62,0,0.0,0
SHP-00629,COVID-19-mRNA,Road,Lucknow-Ahmedabad,2.1,3.68,1.05,60.86,1.1892,4,45.65,4.3,1,37.28,0
SHP-00630,COVID-19-mRNA,Air,Chennai-Kolkata,5.56,6.8,5.2,33.86,0.4028,2,60.54,8.18,0,0.0,0
SHP-00631,Influenza,Rail,Bengaluru-Pune,6.82,7.48,5.4,68.2,0.7744,2,17.6,2.72,0,0.0,0
SHP-00632,Rotavirus,Road,Jaipur-Hyderabad,3.75,5.06,3.06,68.4,1.2901,5,23.3,1.69,0,0.0,0
SHP-00633,Hepatitis-B,Air,Bengaluru-Pune,9.0,10.61,6.67,66.98,0.089,3,35.31,1.34,1,55.46,1
SHP-00634,Hepatitis-B,Air,Jaipur-Hyderabad,4.11,4.32,3.75,66.6,0.2792,5,62.21,0.71,0,0.0,0
SHP-00635,COVID-19-mRNA,Air,Lucknow-Ahmedabad,6.85,7.3,5.85,54.16,0.2839,3,34.15,0.19,0,0.0,0
SHP-00636,Polio,Air,Chennai-Kolkata,4.73,5.93,4.52,53.93,0.2188,5,47.41,0.27,0,0.0,0
SHP-00637,Hepatitis-B,Road,Jaipur-Hyderabad,5.46,6.78,4.92,42.7,0.0045,5,32.12,1.58,0,0.0,0
SHP-00638,COVID-19-mRNA,Rail,Jaipur-Hyderabad,-0.18,0.02,-0.21,72.48,0.8463,2,59.18,1.63,1,110.54,0
SHP-00639,COVID-19-mRNA,Air,Bengaluru-Pune,4.93,6.13,4.66,50.15,0.0591,2,19.22,2.4,0,0.0,0
SHP-00640,Polio,Air,Jaipur-Hyderabad,2.16,3.13,0.67,58.4,2.6997,3,45.19,4.48,1,112.97,0
SHP-00641,COVID-19-mRNA,Road,Lucknow-Ahmedabad,1.88,3.18,0.88,57.54,0.7413,2,44.14,7.12,1,105.27,0
SHP-00642,Polio,Rail,Lucknow-Ahmedabad,8.36,9.34,7.65,41.6,0.4338,3,32.61,1.1,1,82.6,0
SHP-00643,COVID-19-mRNA,Road,Lucknow-Ahmedabad,3.47,4.72,3.08,37.55,0.084,2,52.54,7.12,0,0.0,0
SHP-00644,Polio,Road,Bengaluru-Pune,1.49,3.91,1.47,55.06,0.3622,3,7.88,0.75,1,33.27,0
SHP-00645,COVID-19-mRNA,Road,Chennai-Kolkata,3.1,3.65,2.87,50.46,0.1513,1,61.54,22.41,0,0.0,0
SHP-00646,Rotavirus,Road,Bengaluru-Pune,0.75,2.43,0.44,54.11,0.1454,3,28.97,1.68,1,70.44,0
SHP-00647,Hepatitis-B,Air,Lucknow-Ahmedabad,7.58,8.57,6.44,65.65,0.8846,4,58.34,9.08,1,46.76,0
SHP-00648,Hepatitis-B,Road,Bengaluru-Pune,2.26,2.26,1.16,57.25,0.2395,5,26.13,1.06,1,65.62,0
SHP-00649,Influenza,Road,Lucknow-Ahmedabad,5.32,5.95,4.75,62.59,0.2996,4,18.4,15.04,0,0.0,0
SHP-00650,Polio,Road,Delhi-Mumbai,7.39,7.97,6.64,59.45,0.9256,1,31.71,8.76,0,0.0,0
SHP-00651,COVID-19-mRNA,Road,Delhi-Mumbai,2.75,2.91,1.76,51.84,0.0459,0,58.63,2.23,1,55.88,0
SHP-00652,Hepatitis-B,Road,Jaipur-Hyderabad,5.33,6.93,3.92,44.98,0.4515,4,52.43,2.74,0,0.0,0
SHP-00653,Hepatitis-B,Air,Chennai-Kolkata,1.42,1.95,1.17,57.65,0.4316,5,32.47,0.02,1,115.74,0
SHP-00654,Influenza,Road,Delhi-Mumbai,10.11,10.44,8.4,55.84,0.2769,3,67.9,1.45,1,117.13,1
SHP-00655,Polio,Air,Lucknow-Ahmedabad,6.34,8.37,6.24,64.15,0.8853,3,32.98,1.71,1,74.42,0
SHP-00656,COVID-19-mRNA,Air,Bengaluru-Pune,3.52,4.78,3.03,53.49,1.4314,5,29.15,3.01,0,0.0,0
SHP-00657,COVID-19-mRNA,Road,Bengaluru-Pune,2.07,2.68,1.29,52.03,0.3131,3,15.55,0.75,1,109.35,0
SHP-00658,Polio,Rail,Jaipur-Hyderabad,3.72,3.73,2.69,52.71,0.3045,4,10.64,3.26,0,0.0,0
SHP-00659,Hepatitis-B,Sea,Bengaluru-Pune,3.15,3.61,1.32,45.81,0.3486,2,29.09,5.52,1,71.85,0
SHP-00660,Hepatitis-B,Road,Delhi-Mumbai,8.88,10.25,8.38,69.47,0.6421,0,12.07,2.32,1,12.71,1
SHP-00661,Polio,Air,Bengaluru-Pune,0.94,3.3,0.42,66.4,0.5514,3,36.53,1.32,1,116.5,0
SHP-00662,Rotavirus,Air,Delhi-Mumbai,4.34,5.59,2.67,42.87,0.1261,3,62.76,3.97,0,0.0,0
SHP-00663,Hepatitis-B,Rail,Delhi-Mumbai,3.95,4.33,3.16,63.04,0.033,0,37.42,0.15,0,0.0,0
SHP-00664,COVID-19-mRNA,Road,Chennai-Kolkata,3.71,4.44,3.2,36.55,1.4905,1,37.72,2.08,0,0.0,0
SHP-00665,COVID-19-mRNA,Road,Jaipur-Hyderabad,3.73,3.78,2.1,64.85,0.1513,6,22.73,3.75,0,0.0,0
SHP-00666,COVID-19-mRNA,Rail,Lucknow-Ahmedabad,3.71,4.4,3.4,48.04,0.5089,1,16.98,2.05,0,0.0,0
SHP-00667,COVID-19-mRNA,Road,Delhi-Mumbai,6.18,8.24,5.2,58.6,0.8814,3,20.67,2.12,1,17.52,0
SHP-00668,COVID-19-mRNA,Rail,Jaipur-Hyderabad,5.52,5.53,4.84,35.7,0.1785,3,43.49,9.43,0,0.0,0
SHP-00669,COVID-19-mRNA,Air,Lucknow-Ahmedabad,5.05,6.83,4.54,43.01,0.5045,5,45.06,13.59,0,0.0,0
SHP-00670,COVID-19-mRNA,Road,Bengaluru-Pune,-3.58,-0.94,-4.7,59.69,0.0571,5,20.53,8.78,1,25.3,1
SHP-00671,COVID-19-mRNA,Rail,Jaipur-Hyderabad,4.75,4.94,3.46,47.99,1.7521,2,32.33,0.52,0,0.0,0
SHP-00672,Rotavirus,Road,Jaipur-Hyderabad,-0.14,-0.08,-1.47,46.6,0.03,3,43.53,1.71,1,119.8,0
SHP-00673,COVID-19-mRNA,Road,Jaipur-Hyderabad,5.62,8.93,5.42,68.96,0.2883,3,56.19,6.21,1,49.33,0
SHP-00674,Hepatitis-B,Road,Bengaluru-Pune,7.69,9.39,7.29,77.11,0.3848,4,27.1,18.32,1,40.51,0
SHP-00675,Polio,Sea,Bengaluru-Pune,1.68,2.61,-0.13,64.37,0.7815,1,23.91,1.39,1,103.08,0
SHP-00676,Rotavirus,Air,Jaipur-Hyderabad,3.35,4.27,2.65,44.08,0.0646,2,54.21,11.42,0,0.0,0
SHP-00677,COVID-19-mRNA,Road,Chennai-Kolkata,2.5,3.94,0.85,72.64,0.2906,7,39.91,6.72,1,47.28,0
SHP-00678,Polio,Air,Delhi-Mumbai,7.09,8.61,6.45,39.39,0.1781,3,62.55,20.51,1,42.85,0
SHP-00679,Rotavirus,Road,Bengaluru-Pune,4.24,5.87,4.12,51.96,0.187,2,19.93,0.49,0,0.0,0
SHP-00680,Rotavirus,Air,Chennai-Kolkata,8.32,8.82,7.89,55.55,0.7543,3,56.88,2.51,1,32.57,0
SHP-00681,Influenza,Air,Bengaluru-Pune,5.03,5.81,3.31,74.24,0.0027,1,16.69,3.25,0,0.0,0
SHP-00682,COVID-19-mRNA,Road,Jaipur-Hyderabad,4.61,4.99,4.41,64.13,0.6913,3,44.59,5.57,0,0.0,0
SHP-00683,COVID-19-mRNA,Sea,Chennai-Kolkata,4.17,5.12,3.98,50.36,0.8314,2,24.72,5.31,0,0.0,0
SHP-00684,Hepatitis-B,Air,Lucknow-Ahmedabad,6.04,8.24,5.87,45.55,1.1582,2,12.67,11.84,1,42.72,0
SHP-00685,Rotavirus,Air,Delhi-Mumbai,-0.34,0.03,-1.77,65.02,0.4929,1,46.71,9.12,1,86.44,0
SHP-00686,Hepatitis-B,Rail,Delhi-Mumbai,4.21,4.83,2.77,49.67,0.2028,2,39.45,0.28,0,0.0,0
SHP-00687,Hepatitis-B,Road,Bengaluru-Pune,3.82,3.95,3.02,57.17,0.2786,0,38.07,3.33,0,0.0,0
SHP-00688,COVID-19-mRNA,Sea,Delhi-Mumbai,5.81,6.1,4.8,41.3,1.7489,5,45.11,2.61,0,0.0,0
SHP-00689,Influenza,Air,Lucknow-Ahmedabad,3.53,5.08,3.2,60.69,1.0651,2,30.58,29.29,0,0.0,0
SHP-00690,COVID-19-mRNA,Road,Chennai-Kolkata,1.4,2.25,0.87,59.89,0.3114,4,50.23,2.79,1,53.74,0
SHP-00691,Polio,Air,Chennai-Kolkata,4.02,4.95,3.47,42.58,1.4329,3,14.64,5.74,0,0.0,0
SHP-00692,Polio,Air,Jaipur-Hyderabad,1.29,2.56,1.16,65.32,0.8657,4,53.19,1.67,1,48.72,0
SHP-00693,Hepatitis-B,Road,Chennai-Kolkata,-0.81,0.52,-2.52,60.55,1.1568,4,44.27,4.77,1,39.19,1
SHP-00694,COVID-19-mRNA,Road,Bengaluru-Pune,5.82,8.45,5.67,62.4,0.5744,1,38.11,1.16,1,52.09,0
SHP-00695,COVID-19-mRNA,Rail,Lucknow-Ahmedabad,5.45,8.4,4.66,51.21,0.9747,3,14.42,4.63,1,25.56,0
SHP-00696,Hepatitis-B,Road,Jaipur-Hyderabad,5.17,7.37,5.14,56.79,1.1117,4,24.37,10.13,0,0.0,0
SHP-00697,COVID-19-mRNA,Road,Bengaluru-Pune,7.26,9.3,5.5,55.63,0.0483,3,25.49,0.1,1,92.26,0
SHP-00698,Hepatitis-B,Road,Bengaluru-Pune,2.34,2.36,1.83,53.52,1.6793,1,21.43,3.51,1,47.85,0
SHP-00699,COVID-19-mRNA,Sea,Bengaluru-Pune,0.42,1.17,-0.76,56.71,0.2029,2,68.98,20.19,1,32.86,1
SHP-00700,Polio,Road,Delhi-Mumbai,3.82,4.63,3.32,67.56,0.2898,3,66.43,0.87,0,0.0,0
SHP-00701,Hepatitis-B,Road,Bengaluru-Pune,3.13,3.22,3.0,65.75,0.7849,5,42.04,1.01,0,0.0,0
SHP-00702,COVID-19-mRNA,Road,Delhi-Mumbai,1.89,2.01,1.21,43.18,0.5467,3,19.57,3.18,1,80.77,0
SHP-00703,Polio,Road,Chennai-Kolkata,3.8,5.37,2.79,64.85,1.1177,4,66.14,10.24,0,0.0,0
SHP-00704,COVID-19-mRNA,Road,Delhi-Mumbai,2.47,2.69,1.43,66.91,0.2559,6,55.46,4.14,1,56.47,0
SHP-00705,COVID-19-mRNA,Sea,Bengaluru-Pune,-0.59,1.51,-1.54,53.49,0.2336,4,8.56,3.55,1,114.76,0
SHP-00706,Rotavirus,Road,Lucknow-Ahmedabad,2.9,3.83,2.57,60.08,0.0161,4,38.39,0.45,0,0.0,0
SHP-00707,Polio,Rail,Lucknow-Ahmedabad,1.16,2.09,0.47,59.94,0.3106,2,45.93,16.35,1,68.51,0
SHP-00708,Influenza,Air,Chennai-Kolkata,4.58,5.32,3.32,46.5,0.6438,2,10.39,2.13,0,0.0,0
SHP-00709,COVID-19-mRNA,Road,Bengaluru-Pune,2.36,3.45,1.75,51.18,0.1792,1,9.29,1.45,1,71.25,0
SHP-00710,Hepatitis-B,Sea,Delhi-Mumbai,6.78,8.61,6.19,62.51,0.3106,2,36.59,2.65,1,118.3,0
SHP-00711,Influenza,Air,Lucknow-Ahmedabad,8.01,8.62,7.07,50.04,0.1238,5,6.13,2.67,1,37.92,0
SHP-00712,Hepatitis-B,Sea,Jaipur-Hyderabad,5.7,6.9,5.17,64.75,0.7409,2,9.09,3.07,0,0.0,0
SHP-00713,Polio,Road,Bengaluru-Pune,0.12,0.6,-0.78,68.05,0.0312,3,16.9,5.83,1,26.4,1
SHP-00714,Polio,Sea,Bengaluru-Pune,7.76,7.91,6.42,66.44,0.611,4,66.06,10.12,0,0.0,0
SHP-00715,Polio,Road,Jaipur-Hyderabad,7.94,8.38,7.63,74.8,0.2382,1,56.57,0.3,1,82.01,0
SHP-00716,Rotavirus,Road,Lucknow-Ahmedabad,4.05,6.88,2.86,54.09,0.0212,1,35.73,3.37,0,0.0,0
SHP-00717,Influenza,Air,Jaipur-Hyderabad,7.31,8.68,6.13,56.77,0.9603,3,37.63,2.67,1,58.88,0
SHP-00718,Rotavirus,Road,Chennai-Kolkata,2.62,2.66,0.78,58.21,0.3344,5,51.28,0.05,1,90.26,0
SHP-00719,COVID-19-mRNA,Air,Delhi-Mumbai,-0.67,1.45,-1.12,54.4,0.4573,2,37.31,8.48,1,68.83,1
SHP-00720,Influenza,Air,Delhi-Mumbai,2.1,2.85,1.72,60.42,0.6584,3,10.22,0.55,1,11.51,0
SHP-00721,Rotavirus,Air,Lucknow-Ahmedabad,8.32,9.39,7.54,37.89,0.5322,7,54.76,0.61,1,43.64,0
SHP-00722,COVID-19-mRNA,Road,Jaipur-Hyderabad,0.27,2.03,0.26,57.05,0.6563,3,9.81,0.25,1,17.12,0
SHP-00723,COVID-19-mRNA,Rail,Bengaluru-Pune,4.0,7.21,3.51,41.23,0.7183,4,38.08,1.12,0,0.0,0
SHP-00724,Influenza,Air,Bengaluru-Pune,4.09,4.11,3.97,45.37,0.4448,3,62.87,0.97,0,0.0,0
SHP-00725,Hepatitis-B,Air,Bengaluru-Pune,2.72,2.79,1.68,62.33,0.2276,0,13.75,2.14,1,118.22,0
SHP-00726,Influenza,Road,Chennai-Kolkata,2.89,3.89,1.87,53.01,0.1393,5,52.64,5.38,1,107.36,0
SHP-00727,COVID-19-mRNA,Air,Chennai-Kolkata,4.18,4.93,3.39,61.98,1.166,7,9.06,0.28,0,0.0,0
SHP-00728,Influenza,Air,Bengaluru-Pune,2.59,4.33,1.45,52.79,1.752,2,71.54,9.84,1,107.09,0
SHP-00729,COVID-19-mRNA,Air,Lucknow-Ahmedabad,0.44,3.69,-0.37,66.06,0.2213,3,51.02,1.98,1,83.97,0
SHP-00730,COVID-19-mRNA,Sea,Chennai-Kolkata,4.54,6.51,3.96,52.61,0.0596,4,69.95,4.66,0,0.0,0
SHP-00731,COVID-19-mRNA,Rail,Chennai-Kolkata,6.68,8.16,4.96,35.45,0.1259,1,50.1,0.06,1,50.77,0
SHP-00732,Influenza,Road,Delhi-Mumbai,6.17,8.26,5.32,57.25,0.5553,6,21.99,2.28,1,84.91,0
SHP-00733,Hepatitis-B,Road,Delhi-Mumbai,1.98,2.28,1.23,33.31,0.0949,3,67.14,0.01,1,74.91,0
SHP-00734,Hepatitis-B,Road,Lucknow-Ahmedabad,0.87,2.69,0.5,40.47,0.7573,4,47.36,0.9,1,77.56,0
SHP-00735,Polio,Road,Chennai-Kolkata,3.29,4.18,3.1,46.17,1.2822,2,44.01,2.97,0,0.0,0
SHP-00736,Rotavirus,Road,Chennai-Kolkata,7.92,9.42,7.33,44.92,1.6573,2,34.32,3.83,1,91.32,0
SHP-00737,Polio,Road,Jaipur-Hyderabad,5.61,6.59,5.17,49.55,0.0047,6,24.78,0.83,0,0.0,0
SHP-00738,Influenza,Road,Lucknow-Ahmedabad,5.76,6.44,5.71,44.58,1.5869,5,40.98,6.84,0,0.0,0
SHP-00739,Polio,Air,Lucknow-Ahmedabad,6.22,7.13,5.8,40.94,0.6739,5,30.16,1.05,0,0.0,0
SHP-00740,Polio,Road,Jaipur-Hyderabad,5.05,7.35,4.64,70.42,0.0439,3,62.37,0.62,0,0.0,0
SHP-00741,Polio,Rail,Jaipur-Hyderabad,4.3,7.18,4.18,48.22,0.2683,2,7.9,2.03,0,0.0,0
SHP-00742,Polio,Road,Delhi-Mumbai,5.66,6.64,3.85,32.69,0.6021,1,40.99,4.01,0,0.0,0
SHP-00743,Influenza,Rail,Lucknow-Ahmedabad,2.63,4.57,2.05,51.39,1.5696,2,61.21,22.5,0,0.0,0
SHP-00744,Hepatitis-B,Sea,Lucknow-Ahmedabad,0.46,1.91,-0.46,43.75,0.0896,3,7.82,2.71,1,41.37,1
SHP-00745,COVID-19-mRNA,Air,Jaipur-Hyderabad,5.81,8.82,5.33,46.15,0.0683,2,24.63,2.78,1,56.34,0
SHP-00746,Rotavirus,Road,Bengaluru-Pune,7.09,7.92,7.05,62.1,0.3197,7,9.4,0.31,0,0.0,0
SHP-00747,Polio,Road,Bengaluru-Pune,1.2,3.47,-0.1,50.52,1.7226,2,45.27,7.26,1,30.59,1
SHP-00748,Hepatitis-B,Sea,Delhi-Mumbai,6.05,6.45,4.64,43.47,1.7768,3,26.9,1.0,0,0.0,0
SHP-00749,Rotavirus,Sea,Bengaluru-Pune,8.2,10.0,7.81,59.46,0.1293,2,69.34,6.83,1,76.86,0
SHP-00750,Hepatitis-B,Road,Bengaluru-Pune,3.99,5.52,3.06,66.5,0.1924,2,46.68,12.07,0,0.0,0
SHP-00751,COVID-19-mRNA,Air,Bengaluru-Pune,1.95,3.8,0.89,60.37,1.1932,2,43.08,7.31,1,19.2,0
SHP-00752,Rotavirus,Rail,Chennai-Kolkata,4.31,4.46,4.06,30.46,0.6637,3,66.54,5.14,0,0.0,0
SHP-00753,Hepatitis-B,Air,Delhi-Mumbai,2.62,5.68,0.32,43.85,1.7935,2,20.76,4.63,1,26.19,0
SHP-00754,Polio,Rail,Jaipur-Hyderabad,2.46,3.69,1.92,55.47,1.1182,5,43.11,3.02,1,109.11,0
SHP-00755,COVID-19-mRNA,Sea,Bengaluru-Pune,5.08,6.11,3.49,52.56,0.1211,2,41.82,0.78,0,0.0,0
SHP-00756,Influenza,Road,Chennai-Kolkata,-0.01,1.2,-0.74,51.73,0.713,3,11.42,7.54,1,111.31,0
SHP-00757,Hepatitis-B,Road,Bengaluru-Pune,0.39,1.33,-0.23,45.17,0.0249,5,67.52,3.24,1,83.12,0
SHP-00758,Hepatitis-B,Road,Chennai-Kolkata,4.05,4.37,3.23,40.94,0.8514,2,52.22,4.91,0,0.0,0
SHP-00759,Rotavirus,Road,Delhi-Mumbai,3.94,4.72,3.56,75.08,0.4601,5,64.61,2.34,0,0.0,0
SHP-00760,Influenza,Road,Bengaluru-Pune,4.86,5.89,4.49,55.27,1.5629,4,70.85,1.12,0,0.0,0
SHP-00761,COVID-19-mRNA,Rail,Chennai-Kolkata,8.69,8.88,8.01,61.42,1.6098,7,37.66,8.21,1,76.13,0
SHP-00762,Polio,Sea,Lucknow-Ahmedabad,4.26,5.49,3.17,55.06,0.0261,3,59.04,2.1,0,0.0,0
SHP-00763,COVID-19-mRNA,Sea,Lucknow-Ahmedabad,5.5,8.72,4.97,55.46,0.0875,4,44.12,10.08,1,13.02,0
SHP-00764,Influenza,Air,Chennai-Kolkata,1.56,3.06,-0.39,54.38,0.331,2,70.49,16.87,1,25.98,1
SHP-00765,COVID-19-mRNA,Rail,Bengaluru-Pune,5.92,8.17,4.86,43.8,1.058,4,22.32,8.86,1,66.22,0
SHP-00766,Hepatitis-B,Road,Bengaluru-Pune,2.68,2.84,2.53,39.86,0.8422,1,6.91,0.69,0,0.0,0
SHP-00767,Influenza,Road,Delhi-Mumbai,4.18,4.68,4.03,58.86,1.6673,4,18.27,9.66,0,0.0,0
SHP-00768,Rotavirus,Air,Delhi-Mumbai,3.73,4.22,2.87,56.88,0.4813,2,14.45,3.66,0,0.0,0
SHP-00769,Polio,Road,Jaipur-Hyderabad,6.58,7.01,6.54,64.38,0.1482,2,34.84,1.38,0,0.0,0
SHP-00770,Influenza,Sea,Delhi-Mumbai,0.73,1.13,0.67,62.35,0.0127,1,11.11,0.49,1,117.47,0
SHP-00771,COVID-19-mRNA,Road,Bengaluru-Pune,-1.71,-1.0,-1.95,46.91,0.1261,5,20.53,1.63,1,71.33,1
SHP-00772,Influenza,Road,Jaipur-Hyderabad,3.47,4.57,3.21,66.33,0.5624,3,12.35,0.74,0,0.0,0
SHP-00773,COVID-19-mRNA,Road,Delhi-Mumbai,5.17,7.77,5.08,62.65,1.3037,3,38.13,0.13,0,0.0,0
SHP-00774,Polio,Road,Chennai-Kolkata,4.38,4.73,3.25,61.91,0.1935,2,23.61,22.02,0,0.0,0
SHP-00775,Influenza,Air,Lucknow-Ahmedabad,7.08,7.18,7.0,77.49,1.0425,2,37.09,8.91,0,0.0,0
SHP-00776,COVID-19-mRNA,Road,Delhi-Mumbai,5.09,6.45,5.06,75.44,0.2512,1,11.87,6.72,0,0.0,0
SHP-00777,COVID-19-mRNA,Road,Delhi-Mumbai,2.59,3.24,2.56,61.9,0.1843,3,40.11,1.07,0,0.0,0
SHP-00778,Influenza,Air,Chennai-Kolkata,-1.81,-0.81,-3.11,60.65,0.3555,2,14.58,0.14,1,79.68,1
SHP-00779,Influenza,Rail,Bengaluru-Pune,3.41,3.7,2.3,65.82,0.2919,1,12.56,3.32,0,0.0,0
SHP-00780,Hepatitis-B,Air,Chennai-Kolkata,6.57,7.39,4.79,49.16,1.2255,0,26.46,6.77,0,0.0,0
SHP-00781,Hepatitis-B,Road,Delhi-Mumbai,3.02,3.46,1.84,49.3,0.3158,1,63.71,16.46,1,18.92,0
SHP-00782,Hepatitis-B,Road,Bengaluru-Pune,4.07,5.08,3.42,61.73,0.1624,2,58.04,9.29,0,0.0,0
SHP-00783,COVID-19-mRNA,Road,Jaipur-Hyderabad,5.05,6.42,4.31,46.44,0.9244,3,69.3,11.2,0,0.0,0
SHP-00784,Polio,Air,Delhi-Mumbai,1.46,2.81,0.43,60.93,3.3421,1,36.37,1.36,1,14.02,0
SHP-00785,COVID-19-mRNA,Air,Chennai-Kolkata,5.56,5.73,4.15,56.57,0.5223,3,26.62,0.84,0,0.0,0
SHP-00786,Rotavirus,Sea,Jaipur-Hyderabad,8.09,9.65,7.0,46.44,0.1441,4,70.08,1.42,1,119.32,0
SHP-00787,Hepatitis-B,Road,Lucknow-Ahmedabad,3.57,4.49,3.29,55.26,0.1364,7,31.2,0.75,0,0.0,0
SHP-00788,Polio,Rail,Jaipur-Hyderabad,1.18,2.07,-1.17,68.05,0.0297,6,6.6,8.01,1,89.58,1
SHP-00789,Polio,Sea,Chennai-Kolkata,3.83,7.51,2.59,55.82,0.0402,3,60.13,11.67,0,0.0,0
SHP-00790,Rotavirus,Air,Jaipur-Hyderabad,-1.56,-1.05,-1.81,55.87,1.2325,4,17.17,1.84,1,83.42,1
SHP-00791,COVID-19-mRNA,Road,Chennai-Kolkata,4.84,5.53,2.42,58.29,0.0507,2,53.38,10.47,0,0.0,0
SHP-00792,Hepatitis-B,Road,Delhi-Mumbai,5.13,5.96,5.05,59.59,0.3312,5,7.0,0.28,0,0.0,0
SHP-00793,Hepatitis-B,Sea,Bengaluru-Pune,8.19,9.65,7.83,51.69,0.5989,4,13.33,5.66,1,88.25,0
SHP-00794,Hepatitis-B,Sea,Lucknow-Ahmedabad,3.52,4.53,3.13,58.5,0.9497,4,37.92,3.75,0,0.0,0
SHP-00795,COVID-19-mRNA,Road,Bengaluru-Pune,5.02,8.14,4.17,44.51,0.0939,5,10.48,1.62,1,71.23,0
SHP-00796,Rotavirus,Rail,Bengaluru-Pune,1.85,3.88,1.69,47.01,0.2879,6,64.65,7.31,1,63.3,0
SHP-00797,Rotavirus,Air,Bengaluru-Pune,3.11,6.45,2.17,48.29,0.1448,2,55.49,1.19,0,0.0,0
SHP-00798,Hepatitis-B,Sea,Chennai-Kolkata,0.19,0.58,-1.69,59.7,0.1477,3,27.66,2.69,1,53.12,0
SHP-00799,Hepatitis-B,Sea,Chennai-Kolkata,3.51,5.28,2.0,56.6,0.1811,1,45.44,6.19,1,39.26,0
SHP-00800,Rotavirus,Air,Lucknow-Ahmedabad,3.24,4.56,2.58,53.66,0.4423,3,53.22,2.06,0,0.0,0
SHP-00801,Influenza,Road,Chennai-Kolkata,4.75,6.81,4.66,61.91,0.0084,0,55.86,9.67,0,0.0,0
SHP-00802,COVID-19-mRNA,Air,Chennai-Kolkata,2.44,2.74,1.78,58.79,0.2628,3,32.11,10.03,1,109.11,0
SHP-00803,Hepatitis-B,Road,Chennai-Kolkata,4.21,5.66,4.19,52.1,0.1034,1,65.32,1.13,0,0.0,0
SHP-00804,Hepatitis-B,Rail,Chennai-Kolkata,3.17,4.05,1.53,44.65,1.7074,1,68.16,2.9,1,73.86,0
SHP-00805,Polio,Road,Delhi-Mumbai,3.17,4.32,2.3,46.8,0.437,4,18.92,2.83,0,0.0,0
SHP-00806,Influenza,Air,Lucknow-Ahmedabad,4.2,4.27,4.0,40.33,1.0128,6,66.14,2.64,0,0.0,0
SHP-00807,Rotavirus,Road,Chennai-Kolkata,4.1,4.36,3.18,56.41,0.1089,4,53.04,3.49,0,0.0,0
SHP-00808,Rotavirus,Sea,Lucknow-Ahmedabad,5.9,8.75,5.36,46.38,0.8304,4,64.62,0.39,1,37.66,0
SHP-00809,Polio,Road,Jaipur-Hyderabad,3.7,6.57,3.3,50.05,0.2679,2,34.03,10.2,0,0.0,0
SHP-00810,COVID-19-mRNA,Road,Delhi-Mumbai,3.13,3.18,2.14,53.72,0.0978,1,49.64,1.71,0,0.0,0
SHP-00811,Rotavirus,Air,Chennai-Kolkata,3.55,4.02,3.03,65.44,0.7162,6,21.54,0.01,0,0.0,0
SHP-00812,Influenza,Sea,Delhi-Mumbai,2.21,3.63,1.35,64.29,0.7178,2,55.57,5.78,1,37.24,0
SHP-00813,COVID-19-mRNA,Rail,Delhi-Mumbai,3.1,3.63,2.94,54.45,2.7469,1,44.39,5.26,0,0.0,0
SHP-00814,Rotavirus,Road,Jaipur-Hyderabad,9.08,9.96,8.82,67.66,0.7592,0,37.74,20.42,1,88.31,0
SHP-00815,Rotavirus,Air,Lucknow-Ahmedabad,1.72,2.24,1.17,34.88,0.0785,6,51.72,6.35,1,11.59,0
SHP-00816,Hepatitis-B,Air,Delhi-Mumbai,3.3,4.7,2.64,73.77,0.1947,1,42.45,2.02,0,0.0,0
SHP-00817,Hepatitis-B,Air,Bengaluru-Pune,3.03,4.85,1.43,61.92,0.3005,3,56.51,15.25,1,88.71,0
SHP-00818,Polio,Road,Jaipur-Hyderabad,3.38,4.58,2.47,56.03,0.0677,2,62.66,2.27,0,0.0,0
SHP-00819,COVID-19-mRNA,Sea,Bengaluru-Pune,3.17,4.55,2.23,46.09,0.7757,1,58.84,8.61,0,0.0,0
SHP-00820,Polio,Road,Jaipur-Hyderabad,4.7,6.59,4.19,50.62,0.374,2,26.3,2.04,0,0.0,0
SHP-00821,Influenza,Rail,Bengaluru-Pune,-0.28,0.35,-1.84,61.09,1.4452,3,70.42,0.25,1,86.59,1
SHP-00822,COVID-19-mRNA,Road,Bengaluru-Pune,6.59,8.81,6.44,61.32,0.445,3,48.88,6.62,1,69.42,0
SHP-00823,Polio,Road,Delhi-Mumbai,5.58,6.15,5.34,61.68,0.37,2,27.35,2.16,0,0.0,0
SHP-00824,Polio,Road,Delhi-Mumbai,0.89,1.22,0.62,47.72,0.0371,4,8.81,2.07,1,17.98,0
SHP-00825,Hepatitis-B,Air,Jaipur-Hyderabad,-1.67,-1.66,-3.26,45.7,0.0809,0,71.21,6.29,1,25.16,1
SHP-00826,Rotavirus,Road,Lucknow-Ahmedabad,1.56,1.59,0.98,56.95,0.947,1,45.54,1.94,1,70.73,0
SHP-00827,Polio,Road,Delhi-Mumbai,3.39,4.17,3.17,62.7,2.3376,2,21.02,0.63,0,0.0,0
SHP-00828,Polio,Air,Delhi-Mumbai,10.45,12.9,10.34,55.03,0.2682,3,38.41,2.59,1,64.86,1
SHP-00829,Influenza,Road,Chennai-Kolkata,5.36,5.8,4.22,69.81,0.8306,2,32.24,8.68,0,0.0,0
SHP-00830,Polio,Road,Delhi-Mumbai,-0.52,-0.38,-1.86,55.33,0.4939,3,68.79,0.7,1,99.07,1
SHP-00831,COVID-19-mRNA,Sea,Lucknow-Ahmedabad,2.28,2.86,1.8,54.99,1.5978,4,38.52,4.04,1,25.73,0
SHP-00832,Polio,Road,Chennai-Kolkata,3.87,8.34,2.63,61.71,0.136,1,37.99,0.71,1,91.61,0
SHP-00833,COVID-19-mRNA,Rail,Bengaluru-Pune,4.63,6.33,4.46,67.19,0.3935,5,58.44,0.25,0,0.0,0
SHP-00834,COVID-19-mRNA,Road,Bengaluru-Pune,0.71,1.98,0.54,41.51,0.2628,6,31.8,2.38,1,84.68,0
SHP-00835,Polio,Rail,Chennai-Kolkata,3.66,5.73,2.48,43.82,0.3901,4,18.97,5.36,0,0.0,0
SHP-00836,Polio,Road,Chennai-Kolkata,2.21,2.55,1.72,51.87,0.1566,5,56.71,1.61,1,66.67,0
SHP-00837,Rotavirus,Rail,Chennai-Kolkata,1.24,1.61,0.51,86.59,0.3443,1,66.07,2.95,1,102.13,0
SHP-00838,Polio,Road,Jaipur-Hyderabad,4.65,5.35,3.65,52.39,0.4902,8,9.02,3.38,0,0.0,0
SHP-00839,Hepatitis-B,Road,Lucknow-Ahmedabad,5.93,6.74,5.73,53.78,0.0424,4,62.75,9.2,0,0.0,0
SHP-00840,Hepatitis-B,Road,Lucknow-Ahmedabad,6.1,6.32,5.77,61.18,0.6793,3,34.9,8.55,0,0.0,0
SHP-00841,COVID-19-mRNA,Road,Bengaluru-Pune,5.44,6.19,4.54,64.77,0.613,4,25.08,0.01,0,0.0,0
SHP-00842,Hepatitis-B,Air,Bengaluru-Pune,2.76,3.22,2.67,56.7,1.062,3,8.59,2.67,0,0.0,0
SHP-00843,COVID-19-mRNA,Air,Bengaluru-Pune,5.79,7.46,5.4,66.64,0.2774,4,19.56,5.34,0,0.0,0
SHP-00844,Rotavirus,Air,Delhi-Mumbai,4.77,5.79,4.11,43.06,0.0318,7,27.97,9.57,0,0.0,0
SHP-00845,COVID-19-mRNA,Rail,Bengaluru-Pune,4.33,5.66,3.55,47.34,0.3094,3,10.67,0.25,0,0.0,0
SHP-00846,Polio,Air,Chennai-Kolkata,2.47,4.1,2.09,66.62,0.074,4,18.46,4.95,0,0.0,0
SHP-00847,COVID-19-mRNA,Air,Bengaluru-Pune,2.76,3.18,1.41,55.11,0.5213,6,54.63,9.23,1,79.09,0
SHP-00848,Rotavirus,Road,Chennai-Kolkata,4.18,4.42,3.23,42.38,0.0241,6,51.33,1.47,0,0.0,0
SHP-00849,Hepatitis-B,Road,Jaipur-Hyderabad,10.1,11.26,9.65,41.77,0.2342,6,56.81,1.15,1,61.17,1
SHP-00850,Hepatitis-B,Road,Delhi-Mumbai,4.75,5.34,3.92,46.89,0.0432,3,16.91,3.15,0,0.0,0
SHP-00851,COVID-19-mRNA,Air,Delhi-Mumbai,2.47,3.26,1.45,55.02,0.0017,2,8.84,16.43,1,64.96,0
SHP-00852,Influenza,Sea,Lucknow-Ahmedabad,1.92,3.02,0.91,59.67,1.6165,3,36.93,5.9,1,86.68,0
SHP-00853,COVID-19-mRNA,Rail,Jaipur-Hyderabad,2.77,3.29,2.42,51.71,2.7769,4,28.62,2.76,0,0.0,0
SHP-00854,Rotavirus,Rail,Chennai-Kolkata,9.44,10.49,7.23,58.85,0.4054,4,57.26,0.11,1,105.95,1
SHP-00855,COVID-19-mRNA,Road,Jaipur-Hyderabad,3.0,4.74,1.9,50.63,0.1365,3,41.56,4.07,1,71.59,0
SHP-00856,COVID-19-mRNA,Rail,Delhi-Mumbai,6.27,8.41,5.56,67.24,1.2101,1,67.46,2.14,1,40.43,0
SHP-00857,COVID-19-mRNA,Air,Chennai-Kolkata,3.06,3.7,2.41,80.52,1.2822,3,10.04,1.03,0,0.0,0
SHP-00858,Polio,Air,Jaipur-Hyderabad,4.65,6.3,3.67,51.07,0.9638,6,30.0,3.47,0,0.0,0
SHP-00859,Hepatitis-B,Air,Delhi-Mumbai,5.98,6.64,4.98,59.8,0.393,5,32.75,2.09,0,0.0,0
SHP-00860,COVID-19-mRNA,Road,Chennai-Kolkata,2.57,6.3,2.38,58.98,0.0388,2,14.31,0.2,0,0.0,0
SHP-00861,Influenza,Road,Chennai-Kolkata,2.4,2.98,2.01,56.39,0.0463,4,44.48,6.46,0,0.0,0
SHP-00862,Polio,Road,Delhi-Mumbai,8.15,8.63,7.75,61.53,1.1347,0,8.65,6.59,1,76.61,0
SHP-00863,Hepatitis-B,Air,Chennai-Kolkata,6.46,6.75,6.0,59.79,1.043,7,53.04,4.82,0,0.0,0
SHP-00864,Polio,Road,Delhi-Mumbai,5.98,6.2,4.74,50.29,0.2849,4,8.47,9.19,0,0.0,0
SHP-00865,Polio,Road,Bengaluru-Pune,5.97,7.14,5.55,68.17,0.1989,2,63.65,1.14,0,0.0,0
SHP-00866,Hepatitis-B,Road,Bengaluru-Pune,5.15,5.36,5.09,57.02,0.5166,0,10.29,1.69,0,0.0,0
SHP-00867,COVID-19-mRNA,Road,Chennai-Kolkata,9.04,10.66,8.22,51.15,0.8225,2,36.12,3.07,1,27.87,1
SHP-00868,COVID-19-mRNA,Air,Chennai-Kolkata,4.11,4.58,2.32,79.43,0.6578,1,16.26,0.31,0,0.0,0
SHP-00869,Rotavirus,Rail,Delhi-Mumbai,5.44,7.11,4.66,53.84,0.478,3,14.79,10.75,0,0.0,0
SHP-00870,Rotavirus,Road,Chennai-Kolkata,0.37,0.89,0.35,57.55,0.1317,5,53.6,3.37,1,15.05,0
SHP-00871,Polio,Air,Lucknow-Ahmedabad,1.94,2.76,1.89,56.75,0.1522,2,57.1,1.96,1,113.07,0
SHP-00872,COVID-19-mRNA,Air,Bengaluru-Pune,1.0,1.08,0.01,53.7,0.6438,4,54.79,3.25,1,16.8,0
SHP-00873,Hepatitis-B,Road,Chennai-Kolkata,7.19,9.18,7.0,59.49,0.8113,3,32.66,1.97,1,53.04,0
SHP-00874,Polio,Rail,Chennai-Kolkata,-2.38,-2.16,-3.48,46.55,0.0617,3,71.39,1.69,1,108.34,0
SHP-00875,COVID-19-mRNA,Road,Jaipur-Hyderabad,2.99,3.13,2.99,60.97,0.1037,7,28.44,2.97,0,0.0,0
SHP-00876,COVID-19-mRNA,Road,Chennai-Kolkata,-3.48,-0.82,-3.51,37.42,0.5705,4,22.19,3.29,1,61.18,1
SHP-00877,Influenza,Rail,Lucknow-Ahmedabad,1.92,3.24,1.71,42.02,0.2463,3,71.77,2.84,1,63.73,0
SHP-00878,Hepatitis-B,Road,Bengaluru-Pune,2.77,3.63,1.54,73.26,0.4142,2,70.5,3.97,1,79.98,0
SHP-00879,COVID-19-mRNA,Road,Jaipur-Hyderabad,7.46,10.4,6.84,42.44,0.477,3,45.06,7.65,1,54.84,1
SHP-00880,COVID-19-mRNA,Road,Delhi-Mumbai,4.99,5.73,3.74,35.4,0.7485,2,19.8,0.29,0,0.0,0
SHP-00881,COVID-19-mRNA,Air,Delhi-Mumbai,1.92,4.9,0.98,42.69,0.8192,1,21.74,8.34,1,91.34,0
SHP-00882,Hepatitis-B,Road,Bengaluru-Pune,6.66,7.91,5.62,72.4,0.1643,4,40.38,1.3,0,0.0,0
SHP-00883,COVID-19-mRNA,Road,Delhi-Mumbai,4.04,6.43,3.87,37.08,0.3897,2,57.22,1.45,0,0.0,0
SHP-00884,COVID-19-mRNA,Sea,Lucknow-Ahmedabad,4.09,4.77,3.74,45.44,0.0659,3,11.11,4.57,0,0.0,0
SHP-00885,Influenza,Road,Chennai-Kolkata,0.99,3.56,0.99,40.42,0.9226,1,51.39,18.58,1,17.57,0
SHP-00886,COVID-19-mRNA,Road,Bengaluru-Pune,1.52,2.23,0.62,52.26,0.9336,1,12.81,0.09,1,66.19,0
SHP-00887,Hepatitis-B,Road,Jaipur-Hyderabad,1.94,2.48,0.93,50.64,0.178,2,61.71,5.59,1,78.14,0
SHP-00888,COVID-19-mRNA,Sea,Chennai-Kolkata,4.12,5.27,3.28,50.19,0.0875,1,41.12,5.97,0,0.0,0
SHP-00889,COVID-19-mRNA,Rail,Delhi-Mumbai,4.19,4.72,4.02,73.56,0.0363,3,71.32,4.26,0,0.0,0
SHP-00890,COVID-19-mRNA,Road,Delhi-Mumbai,7.86,9.41,7.38,43.01,0.4278,0,55.7,0.05,1,99.78,0
SHP-00891,Influenza,Road,Jaipur-Hyderabad,4.96,6.03,4.38,53.98,0.0479,4,38.82,4.66,0,0.0,0
SHP-00892,Rotavirus,Road,Lucknow-Ahmedabad,-2.77,-1.95,-3.08,58.39,0.5706,6,15.32,0.61,1,97.39,1
SHP-00893,Influenza,Road,Jaipur-Hyderabad,4.66,6.11,3.26,45.2,0.5668,5,41.8,0.41,0,0.0,0
SHP-00894,Polio,Air,Bengaluru-Pune,0.37,0.66,-0.58,59.87,0.4759,2,13.55,5.95,1,101.08,1
SHP-00895,Hepatitis-B,Road,Jaipur-Hyderabad,1.59,2.07,0.72,51.0,1.046,4,65.74,6.02,1,102.77,0
SHP-00896,COVID-19-mRNA,Air,Delhi-Mumbai,1.97,3.46,1.67,58.74,0.2376,0,21.18,11.03,1,48.01,0
SHP-00897,COVID-19-mRNA,Sea,Lucknow-Ahmedabad,2.34,4.31,0.71,53.92,1.1628,1,63.11,0.02,1,38.96,0
SHP-00898,Rotavirus,Road,Lucknow-Ahmedabad,0.56,1.3,0.26,34.49,0.0188,2,26.06,2.38,1,70.79,0
SHP-00899,COVID-19-mRNA,Sea,Jaipur-Hyderabad,4.51,6.19,4.15,68.06,0.0598,5,20.65,0.06,0,0.0,0
SHP-00900,COVID-19-mRNA,Road,Bengaluru-Pune,0.47,0.59,0.07,75.7,0.2657,2,26.08,2.27,1,48.47,0
SHP-00901,COVID-19-mRNA,Road,Delhi-Mumbai,4.89,5.58,4.57,53.23,0.4507,3,52.7,3.38,0,0.0,0
SHP-00902,COVID-19-mRNA,Road,Chennai-Kolkata,9.59,9.83,8.93,46.02,0.0165,5,40.66,3.77,1,119.05,0
SHP-00903,COVID-19-mRNA,Air,Lucknow-Ahmedabad,0.68,0.76,0.41,70.06,0.419,2,13.09,2.2,1,44.02,0
SHP-00904,Hepatitis-B,Road,Jaipur-Hyderabad,3.29,3.65,3.26,73.9,0.1837,1,15.05,6.46,0,0.0,0
SHP-00905,Polio,Air,Bengaluru-Pune,-2.31,1.48,-2.82,53.31,1.0908,1,30.98,2.69,1,119.25,1
SHP-00906,Rotavirus,Road,Bengaluru-Pune,3.25,4.85,2.0,52.81,0.381,3,28.34,3.64,1,116.6,0
SHP-00907,Influenza,Road,Delhi-Mumbai,5.61,6.87,3.71,54.2,0.4432,3,62.21,8.05,0,0.0,0
SHP-00908,Polio,Rail,Lucknow-Ahmedabad,5.8,6.03,4.64,38.25,1.4559,5,43.77,0.96,0,0.0,0
SHP-00909,COVID-19-mRNA,Air,Delhi-Mumbai,4.19,4.47,3.64,52.09,0.7223,1,18.32,1.93,0,0.0,0
SHP-00910,Polio,Air,Chennai-Kolkata,6.22,7.18,5.46,72.15,0.2884,2,7.87,3.68,0,0.0,0
SHP-00911,Hepatitis-B,Road,Chennai-Kolkata,10.37,10.75,8.51,53.31,0.324,3,12.76,7.3,1,47.18,1
SHP-00912,COVID-19-mRNA,Sea,Chennai-Kolkata,8.28,10.23,7.52,44.6,0.522,0,52.23,2.77,1,21.74,1
SHP-00913,Hepatitis-B,Road,Bengaluru-Pune,2.69,4.86,2.11,59.97,0.1117,5,61.91,0.38,0,0.0,0
SHP-00914,Polio,Road,Lucknow-Ahmedabad,0.37,2.28,-0.02,48.33,0.0464,2,57.65,22.47,1,44.66,1
SHP-00915,Hepatitis-B,Road,Delhi-Mumbai,2.98,4.87,2.36,54.34,0.1864,5,58.13,6.15,0,0.0,0
SHP-00916,Polio,Air,Delhi-Mumbai,1.63,2.13,0.64,42.31,0.7534,2,23.22,6.41,1,28.65,0
SHP-00917,COVID-19-mRNA,Sea,Chennai-Kolkata,5.13,6.02,4.84,44.63,0.1487,5,71.28,3.13,0,0.0,0
SHP-00918,Rotavirus,Road,Lucknow-Ahmedabad,1.05,1.26,-0.05,62.38,0.0701,4,11.7,3.96,1,18.42,0
SHP-00919,Influenza,Road,Lucknow-Ahmedabad,3.82,5.4,1.99,56.16,0.1236,3,60.19,25.62,1,103.32,0
SHP-00920,COVID-19-mRNA,Road,Jaipur-Hyderabad,6.1,9.29,4.84,47.24,0.5681,2,12.39,4.52,1,89.73,0
SHP-00921,Rotavirus,Air,Lucknow-Ahmedabad,3.75,4.88,3.57,56.2,0.4759,2,23.66,1.24,0,0.0,0
SHP-00922,Polio,Sea,Lucknow-Ahmedabad,1.63,2.08,1.28,48.93,0.5829,4,38.7,16.67,1,57.3,0
SHP-00923,Rotavirus,Air,Delhi-Mumbai,6.94,7.45,5.58,47.16,0.1943,3,9.52,3.86,0,0.0,0
SHP-00924,Influenza,Road,Lucknow-Ahmedabad,-0.7,-0.42,-0.82,66.64,1.1556,5,32.02,0.1,1,52.29,1
SHP-00925,Polio,Air,Lucknow-Ahmedabad,3.18,5.22,2.03,62.83,0.3005,1,29.11,4.26,0,0.0,0
SHP-00926,COVID-19-mRNA,Road,Delhi-Mumbai,3.9,3.96,3.83,54.79,0.3605,3,48.71,0.37,0,0.0,0
SHP-00927,COVID-19-mRNA,Rail,Lucknow-Ahmedabad,4.04,5.37,3.1,56.44,1.4861,1,53.39,3.75,0,0.0,0
SHP-00928,Hepatitis-B,Road,Delhi-Mumbai,4.45,6.88,3.86,54.92,1.9383,3,11.97,8.72,0,0.0,0
SHP-00929,Hepatitis-B,Road,Jaipur-Hyderabad,5.53,6.3,4.72,59.87,0.5417,4,8.51,3.87,0,0.0,0
SHP-00930,COVID-19-mRNA,Rail,Bengaluru-Pune,3.91,4.28,3.06,47.0,1.4485,5,57.21,2.34,0,0.0,0
SHP-00931,COVID-19-mRNA,Air,Delhi-Mumbai,3.08,4.05,2.71,63.63,0.3899,7,40.85,10.71,0,0.0,0
SHP-00932,Influenza,Road,Delhi-Mumbai,2.98,4.52,1.8,58.54,0.1836,2,41.29,13.13,1,87.3,0
SHP-00933,Rotavirus,Air,Lucknow-Ahmedabad,2.47,3.1,1.67,52.37,0.1892,4,70.73,2.13,1,21.39,0
SHP-00934,Hepatitis-B,Sea,Delhi-Mumbai,5.97,6.17,4.4,50.12,0.4093,0,34.89,3.46,0,0.0,0
SHP-00935,COVID-19-mRNA,Road,Chennai-Kolkata,2.38,2.41,1.46,63.41,0.4645,3,18.95,20.35,1,100.09,0
SHP-00936,COVID-19-mRNA,Road,Chennai-Kolkata,6.12,6.64,5.18,53.5,0.2896,1,50.92,0.98,0,0.0,0
SHP-00937,COVID-19-mRNA,Road,Jaipur-Hyderabad,4.05,4.4,3.57,48.01,1.0761,2,59.83,1.77,0,0.0,0
SHP-00938,Rotavirus,Air,Delhi-Mumbai,2.7,4.42,2.69,51.15,0.2782,2,39.16,2.8,0,0.0,0
SHP-00939,COVID-19-mRNA,Air,Lucknow-Ahmedabad,5.55,7.26,5.25,62.69,0.1597,3,51.66,0.53,0,0.0,0
SHP-00940,Hepatitis-B,Road,Lucknow-Ahmedabad,2.18,2.91,0.08,38.89,0.004,1,39.92,1.59,1,99.97,0
SHP-00941,COVID-19-mRNA,Road,Bengaluru-Pune,5.6,5.85,4.13,51.45,1.7629,1,32.89,3.93,0,0.0,0
SHP-00942,Hepatitis-B,Air,Jaipur-Hyderabad,4.53,4.76,4.45,65.71,0.8695,3,8.26,1.3,0,0.0,0
SHP-00943,Hepatitis-B,Air,Lucknow-Ahmedabad,2.51,3.82,1.78,53.32,0.478,1,17.47,5.8,1,92.98,0
SHP-00944,Influenza,Rail,Bengaluru-Pune,5.32,5.4,4.33,57.73,0.8876,2,37.66,2.14,0,0.0,0
SHP-00945,COVID-19-mRNA,Sea,Lucknow-Ahmedabad,5.37,6.09,3.76,65.87,0.8311,4,32.17,0.47,0,0.0,0
SHP-00946,COVID-19-mRNA,Road,Bengaluru-Pune,6.89,7.97,6.33,63.92,1.343,1,61.63,7.23,0,0.0,0
SHP-00947,COVID-19-mRNA,Road,Chennai-Kolkata,6.42,7.17,5.04,50.6,0.2439,1,13.16,4.19,0,0.0,0
SHP-00948,Rotavirus,Air,Chennai-Kolkata,5.23,5.68,4.88,53.7,0.4047,3,9.31,8.71,0,0.0,0
SHP-00949,Rotavirus,Road,Lucknow-Ahmedabad,1.18,1.56,0.12,64.05,0.0519,2,11.75,2.23,1,17.49,0
SHP-00950,Hepatitis-B,Rail,Jaipur-Hyderabad,10.12,10.32,8.22,64.39,1.6807,1,50.75,0.1,1,32.43,1
SHP-00951,Hepatitis-B,Air,Delhi-Mumbai,0.49,0.97,-0.85,54.12,2.1041,1,45.24,0.24,1,119.47,1
SHP-00952,Hepatitis-B,Air,Jaipur-Hyderabad,6.37,7.08,6.25,54.46,0.7781,1,47.73,7.93,0,0.0,0
SHP-00953,COVID-19-mRNA,Rail,Jaipur-Hyderabad,5.08,5.2,3.35,57.68,0.3027,2,16.36,2.64,0,0.0,0
SHP-00954,Rotavirus,Road,Delhi-Mumbai,1.06,1.66,-0.53,68.67,0.3432,1,40.08,18.73,1,86.66,1
SHP-00955,Polio,Air,Chennai-Kolkata,3.69,3.72,3.29,65.68,0.2858,4,56.67,8.87,0,0.0,0
SHP-00956,Polio,Road,Chennai-Kolkata,3.8,6.21,3.67,61.93,0.1736,1,51.14,0.08,0,0.0,0
SHP-00957,Hepatitis-B,Road,Delhi-Mumbai,7.26,7.31,5.79,44.21,0.3752,4,34.95,10.2,0,0.0,0
SHP-00958,COVID-19-mRNA,Road,Bengaluru-Pune,2.22,2.31,2.07,52.25,0.0275,5,12.83,1.2,0,0.0,0
SHP-00959,COVID-19-mRNA,Rail,Jaipur-Hyderabad,3.35,3.71,3.13,52.78,2.4071,3,63.46,3.33,0,0.0,0
SHP-00960,Influenza,Rail,Lucknow-Ahmedabad,-1.84,-0.95,-1.97,69.18,0.2759,5,40.73,3.53,1,29.43,0
SHP-00961,COVID-19-mRNA,Road,Chennai-Kolkata,8.34,10.13,7.77,52.61,1.3112,1,64.72,0.31,1,37.89,1
SHP-00962,Hepatitis-B,Sea,Lucknow-Ahmedabad,1.32,2.26,0.83,67.53,0.6442,5,34.95,0.67,1,118.56,0
SHP-00963,COVID-19-mRNA,Road,Delhi-Mumbai,4.82,5.23,4.6,49.29,0.1712,3,21.64,2.75,0,0.0,0
SHP-00964,Polio,Rail,Lucknow-Ahmedabad,3.75,4.0,2.94,50.09,0.1255,3,26.29,5.14,0,0.0,0
SHP-00965,COVID-19-mRNA,Road,Lucknow-Ahmedabad,3.75,4.18,3.48,59.81,2.7217,4,33.6,1.54,0,0.0,0
SHP-00966,Polio,Rail,Jaipur-Hyderabad,6.02,6.03,5.91,70.68,0.7395,2,46.54,3.74,0,0.0,0
SHP-00967,Influenza,Sea,Delhi-Mumbai,8.18,8.85,6.78,52.88,0.1436,3,56.75,2.38,1,71.08,0
SHP-00968,COVID-19-mRNA,Air,Lucknow-Ahmedabad,4.63,6.08,3.13,29.37,0.0349,2,22.01,4.98,0,0.0,0
SHP-00969,Hepatitis-B,Sea,Chennai-Kolkata,5.64,6.35,4.98,39.36,0.5969,4,18.39,2.76,0,0.0,0
SHP-00970,Polio,Rail,Delhi-Mumbai,4.82,5.73,3.83,57.98,0.1805,3,19.38,9.54,0,0.0,0
SHP-00971,Hepatitis-B,Rail,Chennai-Kolkata,6.54,6.79,6.37,40.25,0.1251,1,67.68,20.6,0,0.0,0
SHP-00972,Rotavirus,Air,Bengaluru-Pune,2.84,3.46,1.55,46.34,0.6639,3,16.82,12.21,1,70.85,0
SHP-00973,Influenza,Rail,Lucknow-Ahmedabad,6.69,7.57,5.44,55.12,0.5686,4,28.82,0.92,0,0.0,0
SHP-00974,COVID-19-mRNA,Rail,Delhi-Mumbai,6.78,8.58,6.52,30.51,0.3283,0,38.07,3.05,1,44.3,0
SHP-00975,COVID-19-mRNA,Road,Chennai-Kolkata,6.71,10.35,5.37,51.2,1.4293,3,42.71,3.07,1,41.25,1
SHP-00976,COVID-19-mRNA,Sea,Lucknow-Ahmedabad,2.35,3.14,2.17,43.35,0.5692,2,62.63,9.18,0,0.0,0
SHP-00977,Hepatitis-B,Air,Jaipur-Hyderabad,3.58,4.51,2.88,40.01,1.1194,3,13.45,2.21,0,0.0,0
SHP-00978,COVID-19-mRNA,Air,Chennai-Kolkata,4.6,7.51,2.84,46.98,0.1057,1,13.13,3.99,0,0.0,0
SHP-00979,Polio,Road,Chennai-Kolkata,0.57,1.76,0.07,44.31,0.1759,1,26.88,4.7,1,31.03,0
SHP-00980,Hepatitis-B,Road,Bengaluru-Pune,7.99,8.44,6.71,59.69,0.0552,4,33.27,0.59,1,106.33,0
SHP-00981,Polio,Road,Jaipur-Hyderabad,3.97,4.07,3.59,66.97,0.1816,3,30.67,4.08,0,0.0,0
SHP-00982,Influenza,Air,Bengaluru-Pune,4.71,5.96,4.24,51.36,1.7838,5,31.87,1.42,0,0.0,0
SHP-00983,COVID-19-mRNA,Sea,Jaipur-Hyderabad,2.56,3.88,1.95,49.04,1.6465,2,62.2,1.16,1,64.06,0
SHP-00984,COVID-19-mRNA,Air,Chennai-Kolkata,0.68,1.53,-0.18,50.86,0.7144,3,61.22,1.44,1,13.72,1
SHP-00985,Influenza,Air,Bengaluru-Pune,2.49,3.26,1.63,43.92,0.3681,2,59.16,0.52,1,24.57,0
SHP-00986,Polio,Air,Lucknow-Ahmedabad,4.55,6.11,3.66,42.11,0.7588,1,55.85,0.36,0,0.0,0
SHP-00987,Hepatitis-B,Road,Jaipur-Hyderabad,5.68,7.67,4.37,38.54,0.4031,3,8.67,5.2,0,0.0,0
SHP-00988,Polio,Sea,Chennai-Kolkata,4.4,5.88,3.39,41.7,0.0018,1,15.86,14.15,0,0.0,0
SHP-00989,COVID-19-mRNA,Road,Delhi-Mumbai,4.87,5.05,4.52,71.32,0.3481,2,54.32,5.82,0,0.0,0
SHP-00990,Influenza,Rail,Jaipur-Hyderabad,3.16,3.48,1.03,48.1,0.4568,3,45.26,1.87,1,38.69,0
SHP-00991,Influenza,Air,Jaipur-Hyderabad,5.24,6.48,4.66,25.58,0.1545,3,50.48,2.04,0,0.0,0
SHP-00992,Hepatitis-B,Road,Lucknow-Ahmedabad,7.71,9.9,7.58,49.13,0.1136,2,53.32,3.9,1,15.28,0
SHP-00993,COVID-19-mRNA,Road,Jaipur-Hyderabad,5.76,7.21,4.78,39.1,0.16,4,66.15,10.06,0,0.0,0
SHP-00994,Hepatitis-B,Road,Jaipur-Hyderabad,6.02,6.09,5.47,55.59,0.4886,1,47.92,1.13,0,0.0,0
SHP-00995,Polio,Air,Lucknow-Ahmedabad,4.74,6.1,3.3,54.52,0.0789,2,24.19,3.16,0,0.0,0
SHP-00996,COVID-19-mRNA,Road,Lucknow-Ahmedabad,0.24,0.82,-0.9,55.56,0.6371,4,11.48,3.46,1,37.27,0
SHP-00997,Rotavirus,Road,Bengaluru-Pune,1.39,1.74,0.92,54.59,0.2747,1,34.52,13.38,1,76.26,0
SHP-00998,COVID-19-mRNA,Rail,Chennai-Kolkata,5.14,6.21,4.92,51.27,0.218,3,52.85,3.84,0,0.0,0
SHP-00999,Rotavirus,Road,Chennai-Kolkata,3.97,5.07,3.62,40.44,0.8231,4,24.61,7.59,0,0.0,0
SHP-01000,Polio,Air,Bengaluru-Pune,5.1,6.3,4.46,54.25,0.3527,4,13.93,0.46,0,0.0,0
SHP-01001,COVID-19-mRNA,Road,Chennai-Kolkata,8.19,8.63,6.56,65.19,0.2377,3,71.92,1.98,1,83.1,0
SHP-01002,Hepatitis-B,Air,Jaipur-Hyderabad,5.82,6.74,5.52,73.14,1.0525,2,33.65,4.73,0,0.0,0
SHP-01003,Rotavirus,Rail,Bengaluru-Pune,7.15,8.81,6.9,52.62,0.2296,3,20.28,5.66,1,58.12,0
SHP-01004,Influenza,Road,Bengaluru-Pune,4.24,4.39,3.61,53.7,0.9795,1,16.86,10.82,0,0.0,0
SHP-01005,Influenza,Air,Chennai-Kolkata,1.98,2.75,1.06,60.0,0.3508,0,62.94,4.46,1,32.0,0
SHP-01006,Hepatitis-B,Sea,Delhi-Mumbai,3.86,5.87,3.73,69.93,0.1166,4,60.09,1.71,0,0.0,0
SHP-01007,Hepatitis-B,Road,Chennai-Kolkata,1.99,2.97,1.68,50.14,0.4744,2,46.48,3.87,1,58.56,0
SHP-01008,Influenza,Air,Delhi-Mumbai,7.9,8.84,5.68,61.93,0.168,1,42.11,6.22,1,28.05,0
SHP-01009,COVID-19-mRNA,Road,Bengaluru-Pune,5.98,6.06,5.2,46.77,0.0796,0,68.79,7.67,0,0.0,0
SHP-01010,Polio,Road,Delhi-Mumbai,5.3,8.06,4.16,58.3,0.0453,1,21.07,14.46,1,55.11,0
SHP-01011,COVID-19-mRNA,Rail,Jaipur-Hyderabad,7.09,8.78,6.41,64.71,0.1383,3,33.42,1.06,1,83.66,0
SHP-01012,Rotavirus,Rail,Lucknow-Ahmedabad,-1.05,3.09,-1.29,42.09,0.667,4,7.63,5.41,1,36.71,1
SHP-01013,Rotavirus,Sea,Delhi-Mumbai,5.47,8.45,5.19,49.75,0.9101,2,33.63,1.12,1,106.36,0
SHP-01014,COVID-19-mRNA,Road,Lucknow-Ahmedabad,0.72,1.51,0.71,64.55,0.9892,2,31.36,1.91,1,49.87,0
SHP-01015,Influenza,Road,Jaipur-Hyderabad,3.98,4.77,3.11,61.16,0.1575,1,68.67,0.77,0,0.0,0
SHP-01016,Rotavirus,Rail,Lucknow-Ahmedabad,3.22,4.18,1.67,65.36,0.5408,6,29.64,7.41,1,64.16,0
SHP-01017,COVID-19-mRNA,Air,Jaipur-Hyderabad,5.65,5.88,4.36,63.48,0.1309,1,61.1,12.27,0,0.0,0
SHP-01018,Hepatitis-B,Road,Lucknow-Ahmedabad,4.57,8.37,2.95,51.59,0.4874,2,56.6,0.15,1,103.39,0
SHP-01019,Rotavirus,Road,Lucknow-Ahmedabad,7.36,8.42,6.68,76.99,1.0911,3,15.72,8.4,1,68.27,0
SHP-01020,COVID-19-mRNA,Air,Chennai-Kolkata,2.5,2.87,2.47,56.37,0.0209,6,69.54,1.38,0,0.0,0
SHP-01021,Hepatitis-B,Road,Delhi-Mumbai,5.77,5.84,4.16,24.44,2.1074,2,47.64,3.34,0,0.0,0
SHP-01022,COVID-19-mRNA,Rail,Lucknow-Ahmedabad,4.41,4.44,3.72,52.18,0.8775,3,45.37,6.9,0,0.0,0
SHP-01023,Rotavirus,Rail,Bengaluru-Pune,-0.09,0.65,-0.96,50.31,0.717,1,6.77,3.53,1,97.35,0
SHP-01024,Rotavirus,Air,Chennai-Kolkata,1.7,1.75,1.1,62.95,0.5878,1,52.15,1.31,1,36.54,0
SHP-01025,Rotavirus,Air,Delhi-Mumbai,3.63,6.44,3.1,50.49,0.7354,1,9.67,11.83,0,0.0,0
SHP-01026,Polio,Road,Chennai-Kolkata,6.78,10.08,6.02,65.99,2.6102,4,18.24,4.5,1,18.48,1
SHP-01027,Rotavirus,Rail,Delhi-Mumbai,5.16,6.96,5.0,60.58,0.7353,9,12.51,13.39,0,0.0,0
SHP-01028,Influenza,Air,Jaipur-Hyderabad,1.08,3.01,-0.52,45.0,0.2166,5,30.96,9.37,1,113.61,1
SHP-01029,Polio,Road,Lucknow-Ahmedabad,3.65,4.17,3.17,53.6,0.4759,3,58.52,10.46,0,0.0,0
SHP-01030,Influenza,Air,Bengaluru-Pune,9.04,9.4,7.53,47.24,0.2054,2,52.69,2.24,1,55.76,0
SHP-01031,COVID-19-mRNA,Road,Chennai-Kolkata,4.28,5.9,3.35,56.85,1.7544,4,13.04,21.84,0,0.0,0
SHP-01032,Hepatitis-B,Road,Chennai-Kolkata,3.18,6.42,1.96,47.19,1.152,4,58.7,9.57,1,89.15,0
SHP-01033,COVID-19-mRNA,Rail,Chennai-Kolkata,5.23,5.98,4.05,55.74,0.4192,1,36.42,2.06,0,0.0,0
SHP-01034,COVID-19-mRNA,Air,Chennai-Kolkata,5.91,8.55,5.53,52.28,0.76,4,8.15,11.34,1,10.01,0
SHP-01035,COVID-19-mRNA,Road,Lucknow-Ahmedabad,2.86,3.29,2.58,53.48,1.2022,2,20.77,7.04,0,0.0,0
SHP-01036,Hepatitis-B,Air,Delhi-Mumbai,5.26,5.97,4.73,75.51,0.1396,5,57.82,6.46,0,0.0,0
SHP-01037,Polio,Road,Lucknow-Ahmedabad,3.18,3.3,2.4,51.4,0.4331,4,54.4,0.03,0,0.0,0
SHP-01038,Influenza,Rail,Jaipur-Hyderabad,5.8,6.71,5.44,35.66,0.3286,3,18.43,0.11,0,0.0,0
SHP-01039,COVID-19-mRNA,Air,Lucknow-Ahmedabad,4.42,5.55,2.91,65.16,0.7383,1,8.51,5.93,0,0.0,0
SHP-01040,Polio,Rail,Lucknow-Ahmedabad,5.2,6.13,4.95,65.08,0.2383,1,25.48,1.63,0,0.0,0
SHP-01041,Hepatitis-B,Road,Jaipur-Hyderabad,2.1,2.78,2.05,35.21,0.6172,5,58.47,0.3,0,0.0,0
SHP-01042,Influenza,Air,Lucknow-Ahmedabad,1.95,2.77,1.01,47.99,0.2579,1,67.93,1.68,1,60.53,0
SHP-01043,Polio,Road,Delhi-Mumbai,6.36,6.63,4.8,59.36,0.0589,5,43.81,9.1,0,0.0,0
SHP-01044,Hepatitis-B,Air,Bengaluru-Pune,3.8,4.66,3.19,60.24,0.0567,3,12.01,3.18,0,0.0,0
SHP-01045,Rotavirus,Road,Jaipur-Hyderabad,4.71,4.89,4.02,54.95,0.0634,3,39.14,4.78,0,0.0,0
SHP-01046,Hepatitis-B,Rail,Chennai-Kolkata,3.23,3.99,2.75,55.18,0.0165,5,71.92,8.06,0,0.0,0
SHP-01047,COVID-19-mRNA,Air,Delhi-Mumbai,6.25,9.51,6.25,45.61,0.3807,4,67.95,1.95,1,11.39,0
SHP-01048,COVID-19-mRNA,Road,Bengaluru-Pune,2.48,3.07,1.85,31.0,0.5572,3,71.55,0.06,1,106.43,0
SHP-01049,Rotavirus,Rail,Delhi-Mumbai,3.66,4.12,3.51,75.5,0.0678,2,52.16,1.95,0,0.0,0
SHP-01050,COVID-19-mRNA,Sea,Delhi-Mumbai,5.96,6.06,4.36,45.31,0.4732,2,34.12,15.7,0,0.0,0
SHP-01051,Rotavirus,Road,Chennai-Kolkata,6.93,7.16,6.73,56.77,0.4553,2,64.95,3.29,0,0.0,0
SHP-01052,Hepatitis-B,Sea,Bengaluru-Pune,2.69,6.54,2.19,53.41,0.0796,5,65.08,4.22,0,0.0,0
SHP-01053,Rotavirus,Road,Delhi-Mumbai,8.9,9.56,8.26,63.97,0.2588,3,15.53,7.14,1,84.63,0
SHP-01054,Influenza,Road,Chennai-Kolkata,4.78,7.47,3.52,56.15,0.7035,0,57.18,0.61,0,0.0,0
SHP-01055,Rotavirus,Rail,Jaipur-Hyderabad,1.39,1.41,0.47,56.53,0.0084,1,66.67,6.62,1,110.34,0
SHP-01056,Polio,Road,Chennai-Kolkata,4.92,5.38,3.62,28.66,0.0795,2,65.3,1.77,0,0.0,0
SHP-01057,Influenza,Road,Lucknow-Ahmedabad,3.04,3.07,2.4,46.67,2.7397,4,52.65,2.46,0,0.0,0
SHP-01058,Polio,Road,Chennai-Kolkata,5.09,5.62,4.44,62.45,0.6613,1,41.47,1.57,0,0.0,0
SHP-01059,Polio,Rail,Chennai-Kolkata,3.89,4.88,3.42,61.55,0.3119,0,57.27,0.83,0,0.0,0
SHP-01060,Hepatitis-B,Rail,Chennai-Kolkata,4.19,4.53,3.28,45.48,0.4969,4,40.07,2.24,0,0.0,0
SHP-01061,Rotavirus,Road,Delhi-Mumbai,1.72,2.36,1.57,39.22,0.9361,4,27.2,0.5,1,22.67,0
SHP-01062,Rotavirus,Road,Bengaluru-Pune,6.48,8.99,5.28,56.27,0.9235,2,23.09,9.31,1,86.8,0
SHP-01063,Influenza,Road,Chennai-Kolkata,1.11,2.62,0.21,25.93,0.1963,2,41.68,1.83,1,37.92,0
SHP-01064,Polio,Road,Chennai-Kolkata,1.23,4.74,0.5,43.51,0.3379,1,36.09,5.3,1,60.52,0
SHP-01065,Polio,Air,Lucknow-Ahmedabad,4.92,5.9,3.02,72.6,0.5081,2,40.62,1.76,0,0.0,0
SHP-01066,Influenza,Rail,Lucknow-Ahmedabad,8.01,10.52,6.88,69.45,0.0373,6,23.21,1.18,1,60.41,1
SHP-01067,COVID-19-mRNA,Road,Jaipur-Hyderabad,3.12,4.3,3.01,59.87,1.4575,1,44.98,6.25,0,0.0,0
SHP-01068,COVID-19-mRNA,Road,Jaipur-Hyderabad,5.75,6.28,4.62,58.07,0.2835,2,49.7,4.89,0,0.0,0
SHP-01069,Polio,Air,Lucknow-Ahmedabad,6.68,7.78,5.23,35.5,0.2317,3,59.25,1.23,0,0.0,0
SHP-01070,COVID-19-mRNA,Air,Bengaluru-Pune,6.04,6.8,5.34,47.59,1.1881,2,44.94,4.73,0,0.0,0
SHP-01071,COVID-19-mRNA,Sea,Jaipur-Hyderabad,3.22,3.35,2.97,52.05,0.0629,4,55.9,0.03,0,0.0,0
SHP-01072,COVID-19-mRNA,Road,Bengaluru-Pune,1.27,2.64,0.45,47.81,0.02,6,17.18,0.97,1,69.0,0
SHP-01073,COVID-19-mRNA,Air,Lucknow-Ahmedabad,-1.52,-0.45,-3.54,51.5,0.5776,7,13.99,6.51,1,87.7,1
SHP-01074,COVID-19-mRNA,Road,Jaipur-Hyderabad,3.34,5.85,1.98,67.99,0.2431,2,17.86,2.64,1,14.06,0
SHP-01075,Rotavirus,Road,Chennai-Kolkata,6.95,9.02,6.5,49.58,0.723,3,61.85,1.14,1,14.04,0
SHP-01076,Polio,Air,Lucknow-Ahmedabad,1.19,4.1,0.29,51.59,0.0355,9,42.71,3.53,1,31.69,0
SHP-01077,Polio,Road,Jaipur-Hyderabad,5.75,7.25,5.4,62.4,0.2421,3,36.05,3.13,0,0.0,0
SHP-01078,Hepatitis-B,Road,Bengaluru-Pune,1.62,1.76,1.48,40.81,0.1342,4,56.3,5.02,1,30.11,0
SHP-01079,COVID-19-mRNA,Road,Bengaluru-Pune,4.27,4.87,2.26,46.6,0.6728,2,14.19,0.38,0,0.0,0
SHP-01080,Rotavirus,Road,Jaipur-Hyderabad,5.77,6.53,4.5,47.62,0.1288,5,6.41,8.56,0,0.0,0
SHP-01081,Influenza,Road,Bengaluru-Pune,2.35,2.55,2.13,55.56,0.3062,4,26.52,0.3,0,0.0,0
SHP-01082,COVID-19-mRNA,Sea,Jaipur-Hyderabad,4.43,4.5,4.31,51.55,0.8543,1,22.43,3.02,0,0.0,0
SHP-01083,Polio,Road,Jaipur-Hyderabad,2.96,4.85,1.83,51.87,1.2349,4,26.28,6.2,1,51.59,0
SHP-01084,Rotavirus,Road,Bengaluru-Pune,5.76,8.72,4.52,48.35,0.6412,4,70.26,2.11,1,108.24,0
SHP-01085,Rotavirus,Air,Delhi-Mumbai,4.59,4.89,3.43,44.29,0.2804,3,43.47,12.05,0,0.0,0
SHP-01086,Polio,Road,Chennai-Kolkata,4.14,5.41,3.89,61.09,0.4243,1,44.88,7.04,0,0.0,0
SHP-01087,Hepatitis-B,Rail,Lucknow-Ahmedabad,7.9,8.71,6.89,51.62,0.5851,5,49.27,2.78,1,90.12,0
SHP-01088,COVID-19-mRNA,Air,Chennai-Kolkata,5.66,5.93,4.67,61.19,1.0395,4,32.25,1.02,0,0.0,0
SHP-01089,Rotavirus,Road,Lucknow-Ahmedabad,2.27,3.82,0.91,43.88,1.0972,3,70.61,0.22,1,50.35,0
SHP-01090,COVID-19-mRNA,Air,Lucknow-Ahmedabad,3.79,5.55,1.84,48.35,1.3366,6,70.24,8.09,1,56.49,0
SHP-01091,Rotavirus,Road,Chennai-Kolkata,3.81,6.96,3.78,52.79,0.8322,2,56.77,1.08,0,0.0,0
SHP-01092,Hepatitis-B,Rail,Jaipur-Hyderabad,4.2,4.65,3.14,53.72,0.0794,4,19.97,1.57,0,0.0,0
SHP-01093,Hepatitis-B,Road,Bengaluru-Pune,10.31,11.56,9.08,62.54,0.6884,5,64.09,0.05,1,101.06,1
SHP-01094,Hepatitis-B,Road,Delhi-Mumbai,4.93,6.15,3.65,50.69,0.8426,1,12.66,0.09,0,0.0,0
SHP-01095,COVID-19-mRNA,Air,Delhi-Mumbai,-1.09,0.68,-1.23,62.47,1.0513,0,47.57,1.31,1,20.78,1
SHP-01096,COVID-19-mRNA,Road,Delhi-Mumbai,2.64,4.29,2.64,58.75,1.2939,6,36.18,10.31,0,0.0,0
SHP-01097,COVID-19-mRNA,Air,Chennai-Kolkata,-0.83,0.37,-2.07,53.93,0.3558,4,8.59,7.59,1,25.7,0
SHP-01098,COVID-19-mRNA,Rail,Chennai-Kolkata,3.18,5.66,2.82,45.49,0.5322,4,65.66,7.35,0,0.0,0
SHP-01099,Influenza,Air,Jaipur-Hyderabad,-0.97,-0.59,-2.34,62.57,0.0048,4,69.43,8.77,1,21.86,0
SHP-01100,Polio,Rail,Delhi-Mumbai,1.82,5.48,1.23,45.74,0.4252,1,65.89,1.03,1,50.95,0
SHP-01101,COVID-19-mRNA,Road,Jaipur-Hyderabad,0.2,2.01,0.14,54.79,0.3205,2,18.7,19.33,1,16.94,0
SHP-01102,Rotavirus,Road,Delhi-Mumbai,4.96,5.42,4.58,54.46,1.6391,5,27.98,1.32,0,0.0,0
SHP-01103,Rotavirus,Road,Chennai-Kolkata,4.0,6.78,2.71,52.93,1.1599,5,69.08,0.81,0,0.0,0
SHP-01104,Rotavirus,Sea,Bengaluru-Pune,4.76,5.23,4.46,51.11,0.7988,3,13.02,1.75,0,0.0,0
SHP-01105,Rotavirus,Air,Bengaluru-Pune,3.74,4.52,3.32,46.78,0.0293,6,44.5,3.78,0,0.0,0
SHP-01106,COVID-19-mRNA,Air,Bengaluru-Pune,0.51,1.12,0.2,38.83,0.2571,3,38.04,0.66,1,113.19,0
SHP-01107,Polio,Road,Bengaluru-Pune,5.28,7.98,5.12,69.04,0.5954,4,16.03,6.71,0,0.0,0
SHP-01108,Influenza,Air,Lucknow-Ahmedabad,8.81,10.08,8.01,50.08,0.0151,0,64.51,2.32,1,104.52,1
SHP-01109,Hepatitis-B,Air,Delhi-Mumbai,5.02,5.09,4.54,53.72,0.1345,1,14.85,4.2,0,0.0,0
SHP-01110,COVID-19-mRNA,Sea,Bengaluru-Pune,2.94,3.98,1.07,53.66,1.0924,2,45.12,6.63,1,35.27,0
SHP-01111,Influenza,Sea,Lucknow-Ahmedabad,0.43,2.74,-0.56,65.96,0.0695,2,27.0,11.61,1,39.21,0
SHP-01112,COVID-19-mRNA,Road,Lucknow-Ahmedabad,1.73,3.06,0.79,74.33,0.0264,7,33.59,8.56,1,67.41,0
SHP-01113,COVID-19-mRNA,Sea,Lucknow-Ahmedabad,5.13,5.83,4.03,56.6,0.4344,3,19.95,3.86,0,0.0,0
SHP-01114,Hepatitis-B,Road,Jaipur-Hyderabad,6.68,7.11,6.64,53.43,1.4637,3,47.23,23.65,0,0.0,0
SHP-01115,Hepatitis-B,Road,Jaipur-Hyderabad,4.65,5.29,4.35,43.77,0.8998,2,71.25,3.77,0,0.0,0
SHP-01116,Hepatitis-B,Road,Lucknow-Ahmedabad,6.0,7.03,5.47,40.56,1.8399,6,61.01,3.84,0,0.0,0
SHP-01117,COVID-19-mRNA,Road,Bengaluru-Pune,5.77,7.28,5.23,37.26,0.7002,2,51.09,0.86,0,0.0,0
SHP-01118,Rotavirus,Sea,Delhi-Mumbai,5.27,5.32,4.88,47.04,0.2876,5,55.92,0.81,0,0.0,0
SHP-01119,COVID-19-mRNA,Road,Chennai-Kolkata,2.35,4.1,0.94,34.09,1.4651,2,61.39,0.92,1,42.93,0
SHP-01120,COVID-19-mRNA,Road,Jaipur-Hyderabad,4.43,6.85,4.43,65.79,0.2781,4,37.19,4.48,0,0.0,0
SHP-01121,Rotavirus,Air,Bengaluru-Pune,1.88,3.07,0.91,59.23,0.2155,5,43.42,2.68,1,27.99,0
SHP-01122,Rotavirus,Air,Bengaluru-Pune,4.04,4.09,3.09,52.48,0.2973,2,65.1,2.44,0,0.0,0
SHP-01123,Rotavirus,Air,Chennai-Kolkata,4.83,5.23,4.58,66.09,0.8409,3,51.93,0.68,0,0.0,0
SHP-01124,Influenza,Sea,Chennai-Kolkata,8.2,8.21,7.96,44.29,1.2487,1,14.98,2.4,1,28.08,0
SHP-01125,Hepatitis-B,Rail,Bengaluru-Pune,0.73,2.26,0.24,46.8,0.2213,3,57.45,2.37,1,40.23,0
SHP-01126,Hepatitis-B,Rail,Chennai-Kolkata,5.2,5.24,5.08,35.66,0.3102,3,7.5,4.85,0,0.0,0
SHP-01127,COVID-19-mRNA,Road,Bengaluru-Pune,7.7,9.71,6.86,62.74,1.143,2,61.94,2.46,1,60.73,0
SHP-01128,Polio,Road,Chennai-Kolkata,5.9,6.08,5.47,46.9,0.0241,3,58.03,2.71,0,0.0,0
SHP-01129,Polio,Air,Chennai-Kolkata,6.08,8.54,5.35,55.16,0.7659,0,60.83,1.59,1,104.02,0
SHP-01130,COVID-19-mRNA,Road,Bengaluru-Pune,5.47,6.7,4.32,65.03,0.3028,2,7.56,0.7,0,0.0,0
SHP-01131,Influenza,Road,Lucknow-Ahmedabad,7.25,8.63,6.78,68.71,0.2362,6,70.18,1.78,1,17.77,0
SHP-01132,Polio,Rail,Bengaluru-Pune,1.28,1.39,0.68,54.71,0.2961,1,46.53,0.22,1,83.34,0
SHP-01133,COVID-19-mRNA,Road,Delhi-Mumbai,0.54,1.79,-0.34,58.84,0.2712,3,58.8,1.14,1,94.77,0
SHP-01134,COVID-19-mRNA,Air,Chennai-Kolkata,3.98,4.08,3.79,45.96,0.7066,4,43.39,1.96,0,0.0,0
SHP-01135,Hepatitis-B,Air,Jaipur-Hyderabad,-1.4,0.16,-1.81,71.83,1.3152,3,28.42,0.79,1,53.33,1
SHP-01136,COVID-19-mRNA,Air,Chennai-Kolkata,7.08,8.06,5.75,53.34,0.3381,1,25.55,5.47,1,75.64,0
SHP-01137,Rotavirus,Road,Delhi-Mumbai,7.05,10.78,6.53,55.8,0.8941,3,10.62,1.65,1,70.66,1
SHP-01138,Polio,Sea,Jaipur-Hyderabad,2.92,4.71,1.6,50.93,0.6583,0,41.81,4.78,1,63.92,0
SHP-01139,Polio,Road,Jaipur-Hyderabad,3.07,3.38,0.51,66.99,0.2007,4,15.48,5.16,1,100.06,0
SHP-01140,Hepatitis-B,Rail,Bengaluru-Pune,3.82,4.83,3.43,57.0,0.4425,2,43.46,2.96,0,0.0,0
SHP-01141,Influenza,Road,Lucknow-Ahmedabad,4.13,4.43,4.08,62.61,0.5495,2,47.24,2.98,0,0.0,0
SHP-01142,Polio,Road,Bengaluru-Pune,4.32,6.01,3.4,58.54,0.0119,2,35.18,4.35,0,0.0,0
SHP-01143,Hepatitis-B,Air,Jaipur-Hyderabad,5.4,7.35,3.52,52.8,0.2521,2,16.32,1.52,0,0.0,0
SHP-01144,Hepatitis-B,Rail,Jaipur-Hyderabad,3.57,5.08,3.39,64.29,2.4557,5,34.56,0.11,0,0.0,0
SHP-01145,COVID-19-mRNA,Rail,Lucknow-Ahmedabad,6.36,6.72,4.01,58.45,0.507,3,63.99,5.18,0,0.0,0
SHP-01146,Rotavirus,Air,Chennai-Kolkata,5.11,5.53,3.84,45.39,0.2034,3,36.23,4.69,0,0.0,0
SHP-01147,Influenza,Road,Lucknow-Ahmedabad,2.48,4.34,1.37,45.11,0.1439,2,28.62,3.23,1,65.43,0
SHP-01148,Hepatitis-B,Road,Bengaluru-Pune,7.34,8.61,7.09,56.49,0.1175,2,47.56,10.43,1,90.58,0
SHP-01149,Rotavirus,Road,Chennai-Kolkata,0.6,2.8,0.24,64.07,0.2568,0,46.84,3.55,1,11.89,0
SHP-01150,Rotavirus,Sea,Bengaluru-Pune,3.77,4.14,1.35,71.39,0.1074,3,11.98,1.81,1,29.16,0
SHP-01151,Influenza,Road,Lucknow-Ahmedabad,6.42,6.67,5.65,37.23,0.0726,4,21.61,6.25,0,0.0,0
SHP-01152,Influenza,Road,Chennai-Kolkata,2.19,3.86,1.61,55.26,0.2263,4,38.63,16.4,1,31.5,0
SHP-01153,Hepatitis-B,Air,Lucknow-Ahmedabad,4.77,6.32,4.07,59.9,0.467,3,30.18,6.68,0,0.0,0
SHP-01154,Hepatitis-B,Air,Delhi-Mumbai,5.36,7.34,5.04,57.96,0.0791,3,27.12,11.98,0,0.0,0
SHP-01155,Hepatitis-B,Air,Jaipur-Hyderabad,1.85,3.53,1.49,65.09,0.0227,1,35.42,0.6,1,42.37,0
SHP-01156,Influenza,Air,Chennai-Kolkata,3.82,4.99,3.1,61.56,0.0176,4,25.16,0.64,0,0.0,0
SHP-01157,COVID-19-mRNA,Road,Jaipur-Hyderabad,3.61,5.28,3.59,45.14,0.1556,3,28.93,0.84,0,0.0,0
SHP-01158,Rotavirus,Road,Delhi-Mumbai,2.62,3.51,2.06,44.85,0.1054,3,57.06,6.07,0,0.0,0
SHP-01159,Rotavirus,Air,Chennai-Kolkata,9.75,12.04,9.65,58.12,0.3875,4,39.68,2.47,1,64.33,1
SHP-01160,COVID-19-mRNA,Rail,Jaipur-Hyderabad,2.09,2.89,0.61,64.91,0.3041,3,63.61,3.25,1,71.64,0
SHP-01161,Influenza,Air,Jaipur-Hyderabad,6.51,7.33,6.3,56.43,0.1963,3,68.6,1.52,0,0.0,0
SHP-01162,COVID-19-mRNA,Road,Chennai-Kolkata,3.02,5.7,1.92,39.22,0.8965,4,66.86,6.66,1,18.53,0
SHP-01163,Polio,Air,Jaipur-Hyderabad,1.28,1.73,0.64,44.53,0.3515,1,22.74,9.33,1,38.69,0
SHP-01164,Influenza,Road,Jaipur-Hyderabad,4.26,4.5,4.11,61.92,0.048,1,37.21,0.87,0,0.0,0
SHP-01165,COVID-19-mRNA,Road,Chennai-Kolkata,5.62,6.18,4.02,51.51,0.1753,5,41.31,1.07,0,0.0,0
SHP-01166,Influenza,Road,Jaipur-Hyderabad,6.3,8.69,5.48,56.18,1.8123,0,62.24,2.07,1,40.61,0
SHP-01167,Influenza,Road,Jaipur-Hyderabad,7.91,8.44,7.34,65.65,1.8856,6,42.9,1.64,1,55.06,0
SHP-01168,Hepatitis-B,Sea,Bengaluru-Pune,11.36,11.98,9.95,42.98,0.147,2,22.68,3.79,1,116.29,1
SHP-01169,COVID-19-mRNA,Air,Bengaluru-Pune,4.63,5.82,2.85,50.86,0.0915,4,42.14,6.98,0,0.0,0
SHP-01170,COVID-19-mRNA,Air,Delhi-Mumbai,2.34,2.45,1.14,49.77,0.3423,1,8.92,7.88,1,26.17,0
SHP-01171,Hepatitis-B,Air,Bengaluru-Pune,5.13,6.6,4.64,58.55,0.3284,8,61.05,1.17,0,0.0,0
SHP-01172,Rotavirus,Road,Bengaluru-Pune,3.33,4.88,2.55,62.73,0.2639,1,43.36,0.97,0,0.0,0
SHP-01173,Hepatitis-B,Air,Delhi-Mumbai,6.31,9.03,6.11,40.2,0.3768,7,49.01,2.26,1,11.42,0
SHP-01174,COVID-19-mRNA,Rail,Jaipur-Hyderabad,0.76,0.97,-0.69,54.94,0.1321,1,19.26,0.8,1,59.94,0
SHP-01175,Hepatitis-B,Road,Jaipur-Hyderabad,9.92,10.84,7.92,63.69,0.061,0,42.84,0.48,1,104.51,1
SHP-01176,Hepatitis-B,Road,Bengaluru-Pune,6.14,6.65,5.68,36.45,0.4225,1,41.02,1.39,0,0.0,0
SHP-01177,Influenza,Road,Delhi-Mumbai,-0.21,0.87,-0.34,54.36,1.3485,5,46.9,2.5,1,50.17,1
SHP-01178,COVID-19-mRNA,Air,Jaipur-Hyderabad,2.23,3.22,2.13,42.84,0.0741,2,61.93,4.43,0,0.0,0
SHP-01179,Influenza,Air,Lucknow-Ahmedabad,6.04,7.37,5.43,48.58,0.6101,3,56.46,6.42,0,0.0,0
SHP-01180,Hepatitis-B,Road,Chennai-Kolkata,6.94,6.97,5.67,29.95,0.288,4,42.09,1.26,0,0.0,0
SHP-01181,Rotavirus,Road,Chennai-Kolkata,0.82,1.8,-0.68,68.93,0.1741,5,64.96,8.54,1,10.49,0
SHP-01182,Polio,Air,Chennai-Kolkata,5.78,6.48,4.64,51.44,0.959,3,29.66,0.17,0,0.0,0
SHP-01183,Hepatitis-B,Air,Bengaluru-Pune,-0.87,0.14,-1.35,46.93,0.3049,2,38.51,2.94,1,102.29,0
SHP-01184,Rotavirus,Sea,Chennai-Kolkata,3.78,5.57,2.62,58.28,0.4377,2,48.86,5.01,0,0.0,0
SHP-01185,COVID-19-mRNA,Air,Chennai-Kolkata,6.78,6.91,5.58,44.58,0.2926,2,35.09,1.72,0,0.0,0
SHP-01186,Rotavirus,Rail,Lucknow-Ahmedabad,2.62,3.74,2.5,43.63,0.0424,4,29.85,5.76,0,0.0,0
SHP-01187,Hepatitis-B,Rail,Jaipur-Hyderabad,0.23,2.53,-0.82,70.1,0.4518,2,13.42,10.09,1,86.42,1
SHP-01188,COVID-19-mRNA,Road,Lucknow-Ahmedabad,4.37,6.04,4.23,73.09,0.2714,5,47.97,0.47,0,0.0,0
SHP-01189,Polio,Air,Bengaluru-Pune,2.49,4.17,1.79,49.08,0.0454,4,18.71,3.59,1,14.16,0
SHP-01190,Influenza,Air,Chennai-Kolkata,5.57,5.86,4.71,65.67,0.4529,2,15.12,0.09,0,0.0,0
SHP-01191,COVID-19-mRNA,Road,Jaipur-Hyderabad,1.79,2.98,-0.32,58.56,0.005,0,18.02,1.64,1,58.63,1
SHP-01192,Hepatitis-B,Road,Chennai-Kolkata,2.07,2.39,1.93,40.86,0.1169,6,51.44,0.74,1,118.91,0
SHP-01193,Polio,Rail,Chennai-Kolkata,-1.05,0.76,-2.3,45.72,0.7595,8,15.13,4.89,1,29.53,1
SHP-01194,Hepatitis-B,Sea,Bengaluru-Pune,4.42,4.88,4.26,70.51,0.0193,3,70.43,1.43,0,0.0,0
SHP-01195,COVID-19-mRNA,Road,Chennai-Kolkata,3.6,3.98,3.09,40.73,0.5202,2,56.06,1.66,0,0.0,0
SHP-01196,Rotavirus,Air,Delhi-Mumbai,1.03,1.9,0.82,77.81,1.4949,2,31.92,1.15,1,55.06,0
SHP-01197,Rotavirus,Air,Jaipur-Hyderabad,4.48,4.68,4.33,49.29,0.0939,2,45.16,1.4,0,0.0,0
SHP-01198,Rotavirus,Rail,Jaipur-Hyderabad,6.57,7.71,6.37,70.81,0.2699,1,6.5,1.28,0,0.0,0
SHP-01199,Influenza,Air,Delhi-Mumbai,3.46,4.45,2.73,51.94,0.4284,0,61.74,5.98,0,0.0,0
SHP-01200,COVID-19-mRNA,Air,Bengaluru-Pune,4.67,6.64,3.43,63.0,0.2993,4,23.9,15.6,0,0.0,0
SHP-01201,Influenza,Road,Chennai-Kolkata,4.68,6.87,2.84,68.95,0.4843,3,10.74,3.37,0,0.0,0
SHP-01202,COVID-19-mRNA,Road,Chennai-Kolkata,0.99,1.34,0.76,68.9,0.2588,2,56.04,4.59,1,28.78,0
SHP-01203,COVID-19-mRNA,Sea,Jaipur-Hyderabad,9.14,9.51,8.31,49.16,0.0804,7,27.75,8.52,1,106.63,0
SHP-01204,Polio,Road,Bengaluru-Pune,2.82,3.66,2.35,46.43,0.0466,7,43.46,3.23,0,0.0,0
SHP-01205,Polio,Air,Bengaluru-Pune,5.64,6.53,4.67,54.19,0.6822,0,61.71,1.8,0,0.0,0
SHP-01206,Influenza,Sea,Bengaluru-Pune,5.92,8.04,5.11,42.0,0.1363,4,57.21,15.08,1,58.37,0
SHP-01207,Hepatitis-B,Road,Chennai-Kolkata,3.65,4.89,2.64,57.39,0.9401,2,28.23,11.83,0,0.0,0
SHP-01208,Polio,Road,Bengaluru-Pune,5.52,5.97,4.92,46.79,0.6794,2,63.33,1.24,0,0.0,0
SHP-01209,COVID-19-mRNA,Road,Delhi-Mumbai,4.61,5.57,3.87,65.83,0.0254,5,31.66,6.07,0,0.0,0
SHP-01210,Rotavirus,Air,Lucknow-Ahmedabad,0.46,1.58,0.2,49.3,0.1123,1,39.0,5.21,1,34.97,0
SHP-01211,Polio,Road,Bengaluru-Pune,3.17,3.67,2.91,37.58,0.1727,2,46.42,5.24,0,0.0,0
SHP-01212,Polio,Air,Lucknow-Ahmedabad,2.47,4.42,0.1,69.01,0.4513,3,10.68,8.88,1,119.73,0
SHP-01213,COVID-19-mRNA,Road,Chennai-Kolkata,2.85,5.43,2.53,56.83,0.8299,2,45.41,5.61,0,0.0,0
SHP-01214,Influenza,Road,Bengaluru-Pune,0.74,2.97,-0.07,55.29,0.0311,3,44.11,3.65,1,97.52,0
SHP-01215,Hepatitis-B,Rail,Jaipur-Hyderabad,6.82,7.49,5.36,65.94,0.1436,3,63.65,9.36,0,0.0,0
SHP-01216,COVID-19-mRNA,Rail,Chennai-Kolkata,8.0,8.34,7.73,63.72,0.236,3,29.34,1.54,1,50.5,0
SHP-01217,COVID-19-mRNA,Air,Delhi-Mumbai,6.45,6.74,6.33,47.38,0.1013,4,21.98,5.69,0,0.0,0
SHP-01218,Hepatitis-B,Road,Delhi-Mumbai,7.18,8.31,4.97,50.5,0.3941,0,37.45,6.05,1,24.14,0
SHP-01219,Hepatitis-B,Road,Lucknow-Ahmedabad,3.14,5.78,2.42,43.87,0.325,1,51.36,10.21,0,0.0,0
SHP-01220,COVID-19-mRNA,Air,Lucknow-Ahmedabad,2.41,3.26,2.11,40.36,0.1903,5,43.09,31.91,0,0.0,0
SHP-01221,Rotavirus,Rail,Jaipur-Hyderabad,2.05,3.73,1.52,60.79,0.3638,5,15.12,4.08,1,109.74,0
SHP-01222,COVID-19-mRNA,Road,Jaipur-Hyderabad,5.61,7.93,4.64,58.92,0.2199,3,28.96,3.31,0,0.0,0
SHP-01223,Polio,Air,Delhi-Mumbai,4.57,7.25,3.01,62.61,0.2102,5,10.21,4.59,0,0.0,0
SHP-01224,Rotavirus,Road,Bengaluru-Pune,3.81,5.32,3.13,67.82,0.1542,3,54.8,5.37,0,0.0,0
SHP-01225,Polio,Air,Delhi-Mumbai,7.24,7.61,6.32,62.74,0.3887,3,64.27,6.24,0,0.0,0
SHP-01226,Hepatitis-B,Road,Delhi-Mumbai,5.01,7.35,4.06,63.63,0.2936,3,9.01,1.65,0,0.0,0
SHP-01227,Polio,Air,Jaipur-Hyderabad,1.9,3.57,0.34,34.22,0.1093,6,40.68,3.34,1,20.52,0
SHP-01228,COVID-19-mRNA,Sea,Lucknow-Ahmedabad,2.3,3.58,1.98,51.93,0.0065,3,43.35,2.32,1,35.6,0
SHP-01229,Rotavirus,Rail,Jaipur-Hyderabad,5.7,6.57,5.04,64.65,0.0818,6,34.96,0.2,0,0.0,0
SHP-01230,Polio,Road,Jaipur-Hyderabad,6.6,8.52,5.2,43.32,0.0219,1,39.18,4.7,1,82.91,0
SHP-01231,Rotavirus,Road,Jaipur-Hyderabad,5.38,7.55,4.97,55.92,0.2825,6,52.88,10.39,0,0.0,0
SHP-01232,COVID-19-mRNA,Sea,Delhi-Mumbai,8.74,8.91,7.84,60.19,0.1275,2,37.93,12.72,1,70.46,0
SHP-01233,COVID-19-mRNA,Road,Bengaluru-Pune,8.09,8.76,7.17,59.43,0.2728,3,66.7,3.64,1,21.98,0
SHP-01234,COVID-19-mRNA,Air,Delhi-Mumbai,5.1,8.49,4.59,58.69,0.1998,3,41.7,7.26,1,53.46,0
SHP-01235,Hepatitis-B,Road,Chennai-Kolkata,1.9,2.99,0.75,60.99,0.3861,0,10.74,6.23,1,56.81,0
SHP-01236,Polio,Rail,Jaipur-Hyderabad,0.73,1.11,0.0,56.81,0.6434,4,68.92,1.3,1,59.7,0
SHP-01237,Rotavirus,Road,Jaipur-Hyderabad,3.03,5.08,2.65,40.37,0.3263,2,15.69,0.32,0,0.0,0
SHP-01238,Polio,Road,Chennai-Kolkata,5.88,6.34,5.81,60.07,0.032,2,57.77,6.89,0,0.0,0
SHP-01239,Rotavirus,Rail,Jaipur-Hyderabad,8.57,9.33,7.56,57.85,0.0088,3,40.78,1.66,1,39.51,0
SHP-01240,COVID-19-mRNA,Rail,Jaipur-Hyderabad,5.04,5.16,4.35,40.5,0.1199,2,54.9,3.99,0,0.0,0
SHP-01241,Rotavirus,Sea,Jaipur-Hyderabad,6.92,8.48,6.87,68.8,0.2767,4,39.89,3.71,1,113.79,0
SHP-01242,Influenza,Air,Chennai-Kolkata,3.39,6.38,3.13,60.34,0.023,3,9.89,8.52,0,0.0,0
SHP-01243,Influenza,Road,Delhi-Mumbai,5.56,5.99,3.78,41.2,0.1986,3,30.75,5.17,0,0.0,0
SHP-01244,Influenza,Road,Jaipur-Hyderabad,6.06,8.13,4.77,46.83,1.0903,6,46.97,9.39,1,116.52,0
SHP-01245,Influenza,Rail,Bengaluru-Pune,-0.95,-0.18,-1.4,49.36,0.0472,7,47.51,6.98,1,107.23,1
SHP-01246,Hepatitis-B,Road,Chennai-Kolkata,2.97,5.29,1.41,49.35,1.4832,4,70.22,43.44,1,116.94,0
SHP-01247,COVID-19-mRNA,Air,Lucknow-Ahmedabad,6.37,8.5,6.18,57.93,0.9713,3,46.02,9.97,1,95.47,0
SHP-01248,COVID-19-mRNA,Rail,Chennai-Kolkata,4.69,4.78,2.66,45.24,0.8912,3,24.9,1.19,0,0.0,0
SHP-01249,Rotavirus,Road,Delhi-Mumbai,1.01,1.86,0.4,66.28,0.9963,5,8.87,16.27,1,64.06,0
SHP-01250,Hepatitis-B,Air,Chennai-Kolkata,-2.08,-1.64,-3.51,65.46,0.0417,3,58.04,2.08,1,48.0,1
SHP-01251,Influenza,Road,Lucknow-Ahmedabad,3.09,7.08,2.47,61.19,0.0819,0,64.69,4.68,0,0.0,0
SHP-01252,Polio,Air,Bengaluru-Pune,3.82,6.63,3.65,55.44,0.0722,2,46.5,14.18,0,0.0,0
SHP-01253,COVID-19-mRNA,Road,Lucknow-Ahmedabad,1.79,1.98,0.92,64.37,0.059,1,37.84,1.21,1,115.4,0
SHP-01254,COVID-19-mRNA,Air,Chennai-Kolkata,4.36,5.27,3.98,52.24,0.1985,1,62.83,9.74,0,0.0,0
SHP-01255,Hepatitis-B,Road,Lucknow-Ahmedabad,5.27,5.44,3.9,47.76,0.8866,3,21.86,15.3,0,0.0,0
SHP-01256,Polio,Road,Chennai-Kolkata,5.68,6.04,5.67,66.9,0.1452,4,32.32,9.61,0,0.0,0
SHP-01257,COVID-19-mRNA,Road,Bengaluru-Pune,-1.89,-0.02,-2.13,58.18,0.14,2,39.51,8.55,1,58.86,0
SHP-01258,Polio,Road,Bengaluru-Pune,0.71,0.83,-0.29,48.16,0.5633,2,9.26,1.54,1,97.86,0
SHP-01259,COVID-19-mRNA,Rail,Delhi-Mumbai,3.24,5.22,1.3,50.82,0.051,5,51.45,2.61,1,14.93,0
SHP-01260,Hepatitis-B,Air,Bengaluru-Pune,5.43,8.13,5.37,47.64,0.2234,2,18.44,7.14,1,117.16,0
SHP-01261,COVID-19-mRNA,Air,Jaipur-Hyderabad,5.22,6.46,4.41,75.22,0.1751,5,27.99,0.63,0,0.0,0
SHP-01262,Influenza,Rail,Lucknow-Ahmedabad,5.18,7.24,3.55,55.04,0.9396,6,33.36,10.96,0,0.0,0
SHP-01263,Polio,Air,Lucknow-Ahmedabad,3.04,3.88,2.98,56.58,0.3613,1,48.14,1.18,0,0.0,0
SHP-01264,Polio,Sea,Chennai-Kolkata,3.18,5.72,2.92,62.21,0.5199,4,10.32,4.16,0,0.0,0
SHP-01265,COVID-19-mRNA,Rail,Bengaluru-Pune,2.18,3.21,1.4,42.85,0.0691,1,28.5,0.55,1,117.41,0
SHP-01266,COVID-19-mRNA,Road,Delhi-Mumbai,5.92,6.58,5.78,65.97,1.322,2,24.11,1.02,0,0.0,0
SHP-01267,Polio,Sea,Delhi-Mumbai,1.7,2.16,0.51,48.92,0.1946,1,6.1,4.4,1,48.93,0
SHP-01268,Polio,Air,Delhi-Mumbai,6.13,6.59,4.45,73.3,0.6135,5,51.65,5.03,0,0.0,0
SHP-01269,Hepatitis-B,Road,Jaipur-Hyderabad,4.52,5.45,4.08,51.87,1.5464,2,21.57,1.57,0,0.0,0
SHP-01270,COVID-19-mRNA,Road,Bengaluru-Pune,3.89,4.94,3.63,65.38,0.3553,3,16.98,0.63,0,0.0,0
SHP-01271,Hepatitis-B,Road,Delhi-Mumbai,2.36,3.63,2.19,30.03,0.3542,5,58.67,3.99,0,0.0,0
SHP-01272,Rotavirus,Sea,Jaipur-Hyderabad,0.61,0.71,0.14,43.25,0.0624,4,8.59,9.18,1,10.23,0
SHP-01273,Influenza,Air,Lucknow-Ahmedabad,2.38,4.42,0.95,52.06,0.2474,4,65.42,1.12,1,44.51,0
SHP-01274,COVID-19-mRNA,Road,Chennai-Kolkata,3.17,3.78,3.02,34.69,0.9568,1,51.34,5.88,0,0.0,0
SHP-01275,Polio,Road,Bengaluru-Pune,-1.92,-1.29,-2.37,61.01,0.0726,4,17.34,2.44,1,50.49,0
SHP-01276,COVID-19-mRNA,Road,Bengaluru-Pune,3.51,3.83,3.0,58.13,1.2475,3,29.11,14.33,0,0.0,0
SHP-01277,COVID-19-mRNA,Road,Lucknow-Ahmedabad,6.31,9.11,5.57,45.09,0.5503,2,68.7,0.43,1,69.09,0
SHP-01278,Rotavirus,Road,Bengaluru-Pune,5.42,7.76,4.81,54.84,0.2732,5,46.84,0.2,0,0.0,0
SHP-01279,COVID-19-mRNA,Rail,Bengaluru-Pune,2.76,6.09,1.1,63.06,0.3954,3,46.18,0.66,1,104.47,0
SHP-01280,Polio,Air,Bengaluru-Pune,4.12,5.21,2.89,33.97,0.0816,2,49.1,7.63,0,0.0,0
SHP-01281,Hepatitis-B,Rail,Bengaluru-Pune,2.61,3.68,-0.69,42.27,0.1226,3,36.54,12.8,1,82.46,1
SHP-01282,Influenza,Road,Jaipur-Hyderabad,4.37,5.96,3.22,51.65,0.1687,3,17.04,8.64,0,0.0,0
SHP-01283,Hepatitis-B,Rail,Jaipur-Hyderabad,7.85,9.32,7.78,55.24,0.2429,4,15.96,6.33,1,106.81,0
SHP-01284,COVID-19-mRNA,Road,Chennai-Kolkata,6.42,7.85,5.71,54.41,1.2356,2,51.36,0.3,0,0.0,0
SHP-01285,Polio,Air,Bengaluru-Pune,5.3,6.0,4.29,63.89,0.2291,5,64.34,1.2,0,0.0,0
SHP-01286,Hepatitis-B,Road,Lucknow-Ahmedabad,2.77,3.33,1.82,59.77,0.371,7,25.81,13.7,1,78.92,0
SHP-01287,COVID-19-mRNA,Rail,Delhi-Mumbai,5.87,7.05,5.19,61.97,0.0884,5,39.22,4.87,0,0.0,0
SHP-01288,Polio,Road,Chennai-Kolkata,-0.22,0.42,-1.34,41.1,0.6659,3,71.49,3.16,1,28.81,1
SHP-01289,COVID-19-mRNA,Sea,Delhi-Mumbai,3.37,3.94,2.01,56.45,0.4108,4,22.97,5.28,0,0.0,0
SHP-01290,COVID-19-mRNA,Road,Delhi-Mumbai,5.46,6.67,4.42,51.93,0.2898,6,31.75,0.98,0,0.0,0
SHP-01291,Polio,Air,Bengaluru-Pune,5.85,7.87,5.53,69.62,1.4705,2,29.99,11.17,0,0.0,0
SHP-01292,COVID-19-mRNA,Road,Lucknow-Ahmedabad,5.67,8.89,5.62,56.74,1.1066,3,8.15,5.34,1,92.57,0
SHP-01293,Hepatitis-B,Sea,Delhi-Mumbai,4.74,5.39,4.18,48.31,0.5387,2,39.63,3.19,0,0.0,0
SHP-01294,Hepatitis-B,Road,Delhi-Mumbai,3.51,4.91,3.44,63.53,1.2743,3,19.77,3.06,0,0.0,0
SHP-01295,Influenza,Rail,Chennai-Kolkata,5.34,5.73,4.04,60.63,0.416,1,14.49,8.64,0,0.0,0
SHP-01296,COVID-19-mRNA,Rail,Lucknow-Ahmedabad,1.62,2.9,1.12,46.78,0.8771,3,52.89,1.84,1,119.37,0
SHP-01297,COVID-19-mRNA,Road,Lucknow-Ahmedabad,1.89,4.91,0.88,51.52,0.2634,4,56.54,0.74,1,101.28,0
SHP-01298,COVID-19-mRNA,Air,Delhi-Mumbai,4.15,4.63,3.51,51.69,0.0454,1,64.67,1.03,0,0.0,0
SHP-01299,Hepatitis-B,Road,Lucknow-Ahmedabad,4.43,5.41,3.27,67.27,2.5705,0,67.65,0.42,0,0.0,0
SHP-01300,Influenza,Road,Chennai-Kolkata,-0.56,1.46,-1.25,57.03,0.0905,4,63.36,3.54,1,86.37,1
SHP-01301,COVID-19-mRNA,Rail,Chennai-Kolkata,5.14,6.43,4.78,62.27,0.1448,3,14.08,5.65,0,0.0,0
SHP-01302,Rotavirus,Road,Chennai-Kolkata,5.93,6.1,5.26,50.07,0.089,2,20.76,13.59,0,0.0,0
SHP-01303,COVID-19-mRNA,Road,Bengaluru-Pune,3.81,8.41,3.63,58.35,0.2059,5,14.08,6.95,1,84.53,0
SHP-01304,Hepatitis-B,Rail,Delhi-Mumbai,9.94,13.2,9.92,68.03,0.1707,2,29.33,4.37,1,27.02,1
SHP-01305,Influenza,Road,Lucknow-Ahmedabad,2.29,4.35,0.41,51.39,0.4595,3,14.19,9.97,1,46.17,0
SHP-01306,Rotavirus,Road,Chennai-Kolkata,3.1,3.69,1.26,56.15,2.8218,4,49.12,11.14,1,11.95,0
SHP-01307,Influenza,Road,Delhi-Mumbai,3.01,5.44,1.97,41.37,0.027,1,53.3,6.23,1,118.05,0
SHP-01308,Influenza,Road,Delhi-Mumbai,3.81,4.6,2.73,47.34,0.7535,2,16.53,0.29,0,0.0,0
SHP-01309,Polio,Road,Bengaluru-Pune,3.18,3.59,1.41,51.66,0.0685,0,47.02,1.72,1,112.17,0
SHP-01310,Influenza,Rail,Lucknow-Ahmedabad,0.48,2.04,-0.24,44.39,0.01,5,7.52,2.05,1,14.85,0
SHP-01311,COVID-19-mRNA,Road,Lucknow-Ahmedabad,2.63,5.22,1.95,68.22,0.5089,2,34.67,29.73,1,65.04,0
SHP-01312,Rotavirus,Road,Chennai-Kolkata,3.76,5.89,3.16,46.62,1.033,5,24.83,3.12,0,0.0,0
SHP-01313,Hepatitis-B,Road,Chennai-Kolkata,7.07,8.52,6.74,62.87,0.097,3,71.9,7.18,1,21.41,0
SHP-01314,Influenza,Road,Delhi-Mumbai,9.51,11.2,7.78,56.87,0.209,2,66.9,8.4,1,95.48,1
SHP-01315,Polio,Road,Lucknow-Ahmedabad,7.34,7.93,6.54,55.31,0.0924,2,15.74,5.3,0,0.0,0
SHP-01316,Hepatitis-B,Sea,Lucknow-Ahmedabad,2.06,3.04,1.6,69.86,1.1849,2,66.55,0.09,1,118.35,0
SHP-01317,Hepatitis-B,Road,Chennai-Kolkata,2.26,2.58,1.62,32.39,0.1576,5,33.64,0.1,1,25.5,0
SHP-01318,Influenza,Road,Jaipur-Hyderabad,3.6,4.67,1.93,53.04,0.2941,2,44.06,8.54,1,79.22,0
SHP-01319,COVID-19-mRNA,Road,Delhi-Mumbai,8.46,8.52,8.01,44.2,1.1257,4,41.23,6.72,1,114.18,0
SHP-01320,COVID-19-mRNA,Air,Lucknow-Ahmedabad,3.59,4.68,2.5,35.39,0.4025,2,53.93,3.84,0,0.0,0
SHP-01321,COVID-19-mRNA,Road,Bengaluru-Pune,0.68,2.22,0.24,43.05,1.3504,3,28.11,1.43,1,46.98,0
SHP-01322,COVID-19-mRNA,Road,Bengaluru-Pune,2.75,3.47,0.63,55.17,1.3049,4,10.6,0.45,1,23.12,0
SHP-01323,Rotavirus,Road,Jaipur-Hyderabad,5.89,6.84,4.61,47.75,0.3096,1,33.56,0.9,0,0.0,0
SHP-01324,COVID-19-mRNA,Road,Chennai-Kolkata,5.72,6.01,4.99,63.97,0.4366,3,41.94,4.34,0,0.0,0
SHP-01325,Rotavirus,Air,Chennai-Kolkata,3.5,5.55,2.63,52.86,0.1309,2,42.62,3.95,0,0.0,0
SHP-01326,Polio,Air,Chennai-Kolkata,5.71,6.1,3.96,51.75,2.3301,4,58.31,14.17,0,0.0,0
SHP-01327,COVID-19-mRNA,Sea,Bengaluru-Pune,-1.68,-1.23,-3.2,51.8,0.1631,4,8.92,15.77,1,104.63,0
SHP-01328,Influenza,Road,Chennai-Kolkata,4.26,5.25,3.49,54.02,0.7646,3,71.21,4.29,0,0.0,0
SHP-01329,Hepatitis-B,Road,Bengaluru-Pune,6.15,6.35,5.64,50.82,0.1877,4,71.38,9.21,0,0.0,0
SHP-01330,Polio,Air,Jaipur-Hyderabad,1.92,2.05,1.22,46.49,0.1877,1,12.54,8.36,1,56.93,0
SHP-01331,Hepatitis-B,Air,Delhi-Mumbai,1.91,5.69,0.96,64.89,0.0548,2,28.71,6.98,1,103.48,0
SHP-01332,Influenza,Road,Lucknow-Ahmedabad,-0.67,-0.64,-0.85,48.76,0.4104,5,44.96,2.88,1,36.22,0
SHP-01333,COVID-19-mRNA,Road,Jaipur-Hyderabad,7.97,10.72,7.49,51.16,0.1404,2,30.64,2.47,1,61.34,1
SHP-01334,Rotavirus,Road,Bengaluru-Pune,2.2,4.03,2.12,59.29,0.0803,2,38.18,1.53,0,0.0,0
SHP-01335,Rotavirus,Air,Jaipur-Hyderabad,4.6,6.61,4.51,58.19,0.1285,2,27.51,13.83,0,0.0,0
SHP-01336,Hepatitis-B,Road,Lucknow-Ahmedabad,5.51,7.07,4.56,46.07,0.1446,3,53.0,8.99,0,0.0,0
SHP-01337,COVID-19-mRNA,Air,Delhi-Mumbai,7.78,8.6,5.97,62.55,0.3507,2,30.03,0.97,1,58.06,0
SHP-01338,Hepatitis-B,Air,Lucknow-Ahmedabad,3.62,4.34,2.15,60.38,0.2438,0,34.37,1.45,0,0.0,0
SHP-01339,COVID-19-mRNA,Road,Bengaluru-Pune,2.65,3.65,2.24,56.78,0.0392,5,44.01,4.35,0,0.0,0
SHP-01340,COVID-19-mRNA,Road,Lucknow-Ahmedabad,4.43,4.77,4.06,50.69,0.384,3,69.97,2.67,0,0.0,0
SHP-01341,COVID-19-mRNA,Air,Jaipur-Hyderabad,7.21,10.06,6.06,50.93,0.775,4,48.36,1.2,1,20.6,1
SHP-01342,Polio,Road,Chennai-Kolkata,3.57,3.7,2.19,52.98,0.4269,0,12.4,7.83,0,0.0,0
SHP-01343,Rotavirus,Road,Jaipur-Hyderabad,1.61,2.09,1.48,42.68,1.8353,2,27.05,0.01,1,57.4,0
SHP-01344,Influenza,Rail,Bengaluru-Pune,0.15,0.64,-0.38,54.61,0.0522,2,33.7,2.1,1,39.58,1
SHP-01345,Influenza,Road,Delhi-Mumbai,0.95,1.04,-0.82,63.92,0.8606,2,54.85,13.25,1,79.62,1
SHP-01346,Polio,Air,Lucknow-Ahmedabad,6.16,6.45,6.1,63.76,0.3523,3,35.49,7.15,0,0.0,0
SHP-01347,Polio,Road,Delhi-Mumbai,3.2,4.35,2.13,51.19,0.3686,4,49.5,2.56,0,0.0,0
SHP-01348,Polio,Sea,Bengaluru-Pune,2.48,4.84,2.1,65.64,0.366,3,61.41,13.21,0,0.0,0
SHP-01349,Rotavirus,Road,Lucknow-Ahmedabad,2.21,2.58,0.91,74.06,0.1968,4,12.89,11.55,1,71.68,0
SHP-01350,COVID-19-mRNA,Road,Jaipur-Hyderabad,4.21,6.48,3.84,51.84,0.1962,0,56.54,0.27,0,0.0,0
SHP-01351,Rotavirus,Air,Jaipur-Hyderabad,3.4,5.53,2.34,61.92,0.4996,2,55.21,0.68,0,0.0,0
SHP-01352,Hepatitis-B,Road,Bengaluru-Pune,3.32,4.59,3.2,32.37,0.0229,2,60.1,2.45,0,0.0,0
SHP-01353,Polio,Air,Lucknow-Ahmedabad,7.37,8.18,5.75,42.42,0.4443,2,69.1,13.25,1,55.14,0
SHP-01354,Influenza,Road,Jaipur-Hyderabad,7.85,10.33,6.82,55.91,0.6447,2,26.43,9.3,1,22.21,1
SHP-01355,Polio,Sea,Bengaluru-Pune,-0.03,2.85,-1.8,44.93,0.2203,3,34.32,0.24,1,82.85,1
SHP-01356,Rotavirus,Sea,Bengaluru-Pune,4.82,5.01,3.27,75.39,0.1225,6,23.34,3.59,0,0.0,0
SHP-01357,Rotavirus,Road,Delhi-Mumbai,2.06,3.51,1.88,60.98,0.12,6,27.59,6.37,1,17.83,0
SHP-01358,Polio,Road,Jaipur-Hyderabad,3.38,3.78,3.13,64.66,0.0427,1,27.77,1.61,0,0.0,0
SHP-01359,COVID-19-mRNA,Sea,Lucknow-Ahmedabad,4.77,9.42,4.35,54.71,0.047,2,63.41,6.41,1,36.09,0
SHP-01360,Hepatitis-B,Road,Jaipur-Hyderabad,3.47,5.82,3.4,44.97,0.0912,4,10.15,2.31,0,0.0,0
SHP-01361,Rotavirus,Air,Jaipur-Hyderabad,4.58,5.28,2.82,49.81,0.0097,6,19.38,1.6,0,0.0,0
SHP-01362,COVID-19-mRNA,Road,Jaipur-Hyderabad,5.68,7.8,5.62,57.54,0.1548,4,46.3,2.49,0,0.0,0
SHP-01363,Hepatitis-B,Air,Bengaluru-Pune,4.74,4.92,3.7,48.62,0.1829,4,56.5,15.06,0,0.0,0
SHP-01364,Hepatitis-B,Road,Chennai-Kolkata,2.38,4.19,1.6,61.71,2.6718,5,52.03,11.78,1,75.25,0
SHP-01365,Influenza,Road,Chennai-Kolkata,2.43,2.59,1.13,62.11,2.395,2,9.07,12.26,1,115.3,0
SHP-01366,COVID-19-mRNA,Road,Delhi-Mumbai,0.4,3.33,0.23,55.05,0.1035,5,35.95,12.47,1,70.82,0
SHP-01367,Influenza,Road,Jaipur-Hyderabad,1.87,2.79,-0.26,36.74,0.1198,3,18.18,0.98,1,88.29,1
SHP-01368,Rotavirus,Air,Chennai-Kolkata,8.91,10.74,8.4,72.15,0.3385,3,71.22,11.32,1,73.3,1
SHP-01369,COVID-19-mRNA,Road,Delhi-Mumbai,2.02,2.6,1.35,52.87,0.0805,2,71.93,1.19,1,21.53,0
SHP-01370,COVID-19-mRNA,Rail,Bengaluru-Pune,1.02,1.22,0.85,82.09,0.3506,1,9.36,9.1,1,114.11,0
SHP-01371,Rotavirus,Road,Jaipur-Hyderabad,4.8,5.04,4.33,61.53,0.2549,4,50.07,3.9,0,0.0,0
SHP-01372,COVID-19-mRNA,Road,Lucknow-Ahmedabad,3.72,4.0,2.93,52.9,0.1962,4,59.66,1.37,0,0.0,0
SHP-01373,Rotavirus,Sea,Bengaluru-Pune,3.51,3.57,3.03,59.48,0.8647,5,27.44,2.54,0,0.0,0
SHP-01374,Polio,Sea,Delhi-Mumbai,7.52,8.67,6.09,34.81,0.8805,2,51.78,2.84,1,45.09,0
SHP-01375,COVID-19-mRNA,Air,Bengaluru-Pune,5.37,7.22,5.24,65.26,2.2068,4,18.39,6.61,0,0.0,0
SHP-01376,Rotavirus,Air,Lucknow-Ahmedabad,2.68,3.9,1.35,80.67,0.1262,3,14.45,4.66,1,72.28,0
SHP-01377,Polio,Road,Bengaluru-Pune,2.94,3.4,1.43,34.11,1.0959,2,67.07,8.49,1,97.46,0
SHP-01378,Hepatitis-B,Rail,Delhi-Mumbai,2.74,4.1,0.54,52.13,0.3859,3,48.41,2.53,1,114.44,0
SHP-01379,Polio,Sea,Lucknow-Ahmedabad,6.19,8.32,5.96,53.95,0.4476,3,59.92,6.8,1,86.3,0
SHP-01380,Hepatitis-B,Rail,Lucknow-Ahmedabad,3.23,6.19,2.8,63.75,1.1331,1,41.16,7.87,0,0.0,0
SHP-01381,COVID-19-mRNA,Road,Bengaluru-Pune,-0.48,-0.14,-1.25,76.06,1.4291,5,16.21,0.33,1,64.38,1
SHP-01382,Polio,Road,Lucknow-Ahmedabad,3.88,4.62,3.56,58.83,0.6488,3,30.86,2.36,0,0.0,0
SHP-01383,Rotavirus,Air,Bengaluru-Pune,0.16,1.24,-1.3,76.42,0.2137,2,64.19,10.86,1,96.67,1
SHP-01384,COVID-19-mRNA,Air,Jaipur-Hyderabad,9.46,10.33,8.81,56.7,0.3363,5,7.03,6.1,1,18.19,1
SHP-01385,Hepatitis-B,Road,Lucknow-Ahmedabad,1.59,2.73,1.13,59.51,0.4773,0,19.67,2.71,1,77.51,0
SHP-01386,Polio,Road,Bengaluru-Pune,3.6,4.9,2.19,58.28,0.882,1,22.72,1.01,0,0.0,0
SHP-01387,Influenza,Road,Jaipur-Hyderabad,4.65,5.69,2.62,67.2,0.5364,1,23.36,0.51,0,0.0,0
SHP-01388,COVID-19-mRNA,Road,Lucknow-Ahmedabad,3.28,5.05,3.01,50.78,0.2274,1,12.51,1.3,0,0.0,0
SHP-01389,Rotavirus,Road,Jaipur-Hyderabad,3.27,3.67,2.86,63.18,0.2705,3,61.98,1.4,0,0.0,0
SHP-01390,Polio,Road,Lucknow-Ahmedabad,5.05,6.41,4.76,42.69,0.0259,3,16.53,2.32,0,0.0,0
SHP-01391,COVID-19-mRNA,Air,Delhi-Mumbai,7.82,10.0,7.31,52.15,1.2903,7,60.76,0.97,1,87.69,0
SHP-01392,COVID-19-mRNA,Road,Delhi-Mumbai,5.92,7.22,5.46,48.63,0.0461,3,29.43,0.79,0,0.0,0
SHP-01393,COVID-19-mRNA,Rail,Bengaluru-Pune,7.7,8.48,5.25,55.88,0.4337,3,36.18,9.29,1,18.51,0
SHP-01394,Hepatitis-B,Road,Chennai-Kolkata,1.38,1.67,1.29,51.84,1.0265,5,36.55,1.44,1,91.21,0
SHP-01395,Polio,Sea,Delhi-Mumbai,4.79,7.06,4.65,66.32,0.2731,2,53.07,4.12,0,0.0,0
SHP-01396,Influenza,Road,Chennai-Kolkata,4.39,5.5,3.9,46.21,0.805,0,54.27,1.11,0,0.0,0
SHP-01397,Polio,Road,Jaipur-Hyderabad,4.88,6.01,4.35,37.69,0.8144,2,48.29,3.38,0,0.0,0
SHP-01398,COVID-19-mRNA,Road,Jaipur-Hyderabad,7.44,11.32,6.67,41.43,0.0309,3,57.07,1.62,1,97.01,1
SHP-01399,Hepatitis-B,Road,Chennai-Kolkata,3.45,6.41,3.44,64.94,0.2656,2,6.55,0.45,0,0.0,0
SHP-01400,Influenza,Rail,Bengaluru-Pune,2.99,3.29,1.37,45.3,0.5872,5,39.32,20.14,1,98.39,0
SHP-01401,COVID-19-mRNA,Road,Lucknow-Ahmedabad,5.33,5.95,5.19,58.98,0.2744,5,40.59,3.06,0,0.0,0
SHP-01402,COVID-19-mRNA,Rail,Chennai-Kolkata,-0.45,0.48,-2.31,52.05,0.3939,0,21.8,2.5,1,57.14,0
SHP-01403,COVID-19-mRNA,Air,Chennai-Kolkata,3.41,4.68,2.29,63.24,0.4513,2,42.72,1.11,0,0.0,0
SHP-01404,Influenza,Rail,Chennai-Kolkata,3.66,4.96,2.98,52.69,0.082,4,36.83,3.42,0,0.0,0
SHP-01405,Hepatitis-B,Air,Chennai-Kolkata,1.7,1.93,0.77,82.64,0.2655,2,37.16,5.04,1,55.31,0
SHP-01406,Polio,Rail,Chennai-Kolkata,6.64,7.43,5.98,73.98,0.0144,3,13.82,1.82,0,0.0,0
SHP-01407,Influenza,Road,Bengaluru-Pune,1.34,3.17,1.23,51.85,0.081,0,34.73,3.27,1,119.28,0
SHP-01408,Influenza,Road,Delhi-Mumbai,3.66,4.67,2.65,50.48,0.359,5,56.58,1.35,0,0.0,0
SHP-01409,Hepatitis-B,Road,Lucknow-Ahmedabad,4.73,5.26,2.71,86.32,0.4262,4,33.06,3.75,0,0.0,0
SHP-01410,Rotavirus,Sea,Delhi-Mumbai,7.38,8.8,7.07,44.21,0.079,1,38.17,7.74,1,14.99,0
SHP-01411,COVID-19-mRNA,Air,Chennai-Kolkata,3.97,5.52,3.18,54.45,0.7045,5,69.86,0.31,0,0.0,0
SHP-01412,COVID-19-mRNA,Road,Delhi-Mumbai,6.34,6.44,5.25,55.22,0.2334,3,63.54,3.65,0,0.0,0
SHP-01413,COVID-19-mRNA,Rail,Bengaluru-Pune,5.75,8.49,5.74,54.98,1.2669,3,67.29,2.55,1,49.23,0
SHP-01414,COVID-19-mRNA,Road,Jaipur-Hyderabad,4.31,5.94,3.61,37.61,0.2452,4,11.13,0.38,0,0.0,0
SHP-01415,Hepatitis-B,Air,Delhi-Mumbai,1.28,1.85,-0.52,59.97,0.0811,3,46.83,14.11,1,89.2,0
SHP-01416,Rotavirus,Road,Lucknow-Ahmedabad,0.41,1.9,-0.16,45.3,0.7093,4,20.75,1.5,1,109.31,0
SHP-01417,COVID-19-mRNA,Road,Bengaluru-Pune,4.27,5.08,0.61,69.36,0.4194,3,32.68,4.16,1,27.44,0
SHP-01418,COVID-19-mRNA,Sea,Jaipur-Hyderabad,2.64,3.38,2.16,40.44,0.2444,4,50.86,2.33,0,0.0,0
SHP-01419,Polio,Rail,Bengaluru-Pune,6.3,7.17,4.91,55.59,0.22,2,44.21,1.58,0,0.0,0
SHP-01420,Rotavirus,Road,Chennai-Kolkata,5.86,7.1,5.06,32.84,0.0817,4,39.38,3.75,0,0.0,0
SHP-01421,Polio,Sea,Jaipur-Hyderabad,3.54,3.86,3.39,33.46,0.2084,4,59.75,5.84,0,0.0,0
SHP-01422,Hepatitis-B,Road,Lucknow-Ahmedabad,1.11,1.76,0.75,46.61,0.0149,3,51.05,7.7,1,66.47,0
SHP-01423,COVID-19-mRNA,Air,Jaipur-Hyderabad,5.28,7.14,5.02,48.02,0.349,4,60.19,5.02,0,0.0,0
SHP-01424,COVID-19-mRNA,Road,Lucknow-Ahmedabad,1.46,1.93,0.38,69.66,1.1352,2,67.51,3.74,1,109.37,0
SHP-01425,Rotavirus,Road,Chennai-Kolkata,2.1,4.41,1.47,54.59,0.7932,4,52.99,7.51,1,104.63,0
SHP-01426,Rotavirus,Air,Lucknow-Ahmedabad,1.55,2.92,0.98,67.92,0.0145,0,32.1,3.64,1,73.51,0
SHP-01427,COVID-19-mRNA,Sea,Bengaluru-Pune,3.65,4.44,3.45,51.2,1.0654,4,20.04,18.29,0,0.0,0
SHP-01428,Rotavirus,Rail,Delhi-Mumbai,6.93,8.87,5.64,61.06,0.301,4,23.88,3.74,1,115.46,0
SHP-01429,Hepatitis-B,Road,Bengaluru-Pune,3.99,4.38,3.67,47.75,0.1059,4,32.18,1.91,0,0.0,0
SHP-01430,Rotavirus,Road,Bengaluru-Pune,2.89,3.48,2.6,47.07,0.698,3,54.85,2.96,0,0.0,0
SHP-01431,Polio,Road,Jaipur-Hyderabad,0.19,0.6,-1.72,36.79,0.1949,3,8.65,3.37,1,16.05,1
SHP-01432,Hepatitis-B,Sea,Chennai-Kolkata,5.38,7.05,4.32,58.36,0.1461,5,59.74,1.67,0,0.0,0
SHP-01433,Polio,Rail,Delhi-Mumbai,2.05,2.73,1.97,57.62,0.088,1,56.04,0.86,1,86.28,0
SHP-01434,Hepatitis-B,Road,Lucknow-Ahmedabad,4.29,7.03,1.36,62.77,0.3334,2,38.96,2.82,1,85.4,0
SHP-01435,COVID-19-mRNA,Rail,Jaipur-Hyderabad,3.11,4.74,2.71,57.15,0.049,6,32.38,11.37,0,0.0,0
SHP-01436,COVID-19-mRNA,Road,Chennai-Kolkata,6.1,6.88,6.01,75.26,0.77,10,13.44,1.48,0,0.0,0
SHP-01437,Polio,Road,Delhi-Mumbai,3.61,5.15,3.06,56.76,0.3181,3,25.12,2.25,0,0.0,0
SHP-01438,Influenza,Air,Bengaluru-Pune,3.85,4.12,2.75,64.92,0.2962,4,13.24,7.09,0,0.0,0
SHP-01439,COVID-19-mRNA,Air,Chennai-Kolkata,5.21,5.32,4.86,51.76,0.0009,4,60.05,0.43,0,0.0,0
SHP-01440,Hepatitis-B,Road,Chennai-Kolkata,9.27,10.31,9.23,45.92,0.8515,2,39.62,8.72,1,12.55,1
SHP-01441,Rotavirus,Road,Chennai-Kolkata,6.22,7.18,5.92,62.18,0.3395,3,22.29,6.37,0,0.0,0
SHP-01442,COVID-19-mRNA,Air,Bengaluru-Pune,3.78,4.03,2.61,54.11,0.2898,3,7.19,3.99,0,0.0,0
SHP-01443,Hepatitis-B,Road,Lucknow-Ahmedabad,4.01,4.19,3.1,63.32,0.7165,1,40.58,1.18,0,0.0,0
SHP-01444,Polio,Air,Jaipur-Hyderabad,2.69,3.77,2.41,58.53,0.0325,3,55.64,0.49,0,0.0,0
SHP-01445,Rotavirus,Road,Lucknow-Ahmedabad,1.63,2.91,0.17,47.07,0.2284,5,56.59,1.32,1,100.56,0
SHP-01446,COVID-19-mRNA,Road,Delhi-Mumbai,2.62,5.16,1.91,65.74,0.4287,2,20.15,7.17,1,62.86,0
SHP-01447,Hepatitis-B,Sea,Jaipur-Hyderabad,2.07,5.14,1.77,46.29,0.3086,1,71.67,13.55,1,115.37,0
SHP-01448,Influenza,Road,Delhi-Mumbai,5.63,7.82,3.29,61.25,0.1002,4,43.54,6.69,0,0.0,0
SHP-01449,Rotavirus,Air,Bengaluru-Pune,1.32,1.39,0.85,67.82,0.1778,3,27.91,3.75,1,15.89,0
SHP-01450,Hepatitis-B,Road,Lucknow-Ahmedabad,7.33,8.84,6.83,51.15,0.1785,3,31.93,15.05,1,102.96,0
SHP-01451,Polio,Rail,Chennai-Kolkata,5.88,6.43,5.08,66.56,2.4123,0,14.21,8.82,0,0.0,0
SHP-01452,Hepatitis-B,Sea,Jaipur-Hyderabad,4.05,4.57,3.48,58.98,0.1974,2,38.56,5.33,0,0.0,0
SHP-01453,Rotavirus,Road,Chennai-Kolkata,4.0,4.83,2.44,63.52,0.1148,0,55.72,0.19,0,0.0,0
SHP-01454,Hepatitis-B,Road,Delhi-Mumbai,2.61,3.82,1.23,46.63,0.8648,1,33.02,1.7,1,100.77,0
SHP-01455,COVID-19-mRNA,Sea,Chennai-Kolkata,4.68,5.17,3.57,57.14,0.2734,2,63.21,1.84,0,0.0,0
SHP-01456,Rotavirus,Air,Chennai-Kolkata,6.72,8.27,4.27,40.92,0.2934,3,37.47,2.13,1,70.62,0
SHP-01457,Hepatitis-B,Road,Bengaluru-Pune,2.24,3.87,1.75,72.11,0.398,7,65.44,2.47,1,57.36,0
SHP-01458,Hepatitis-B,Road,Bengaluru-Pune,0.17,0.17,-1.97,34.86,0.4528,1,52.41,14.01,1,47.43,0
SHP-01459,COVID-19-mRNA,Air,Lucknow-Ahmedabad,5.76,7.01,4.39,51.45,0.4465,3,9.63,6.77,0,0.0,0
SHP-01460,Hepatitis-B,Road,Delhi-Mumbai,4.81,6.3,3.79,45.68,0.0176,5,10.42,5.89,0,0.0,0
SHP-01461,Polio,Road,Bengaluru-Pune,1.2,1.89,0.7,61.75,0.8542,1,58.81,2.78,1,39.49,0
SHP-01462,Hepatitis-B,Road,Bengaluru-Pune,2.17,2.76,1.33,74.24,0.1084,3,29.55,2.06,1,60.01,0
SHP-01463,COVID-19-mRNA,Sea,Lucknow-Ahmedabad,1.85,3.2,0.88,61.55,0.1729,3,18.49,0.64,1,64.21,0
SHP-01464,Hepatitis-B,Road,Jaipur-Hyderabad,2.19,3.19,1.69,84.61,0.0952,1,63.11,3.02,1,89.19,0
SHP-01465,Rotavirus,Rail,Lucknow-Ahmedabad,3.19,5.82,1.88,41.22,0.7285,0,70.9,1.15,1,67.09,0
SHP-01466,COVID-19-mRNA,Air,Chennai-Kolkata,3.33,3.46,3.28,41.99,0.4381,3,59.38,2.48,0,0.0,0
SHP-01467,Rotavirus,Road,Chennai-Kolkata,2.37,4.68,2.15,46.07,0.7039,1,53.86,0.85,0,0.0,0
SHP-01468,Polio,Air,Bengaluru-Pune,2.1,3.9,1.63,56.21,0.5298,2,6.06,2.11,1,89.05,0
SHP-01469,Rotavirus,Sea,Bengaluru-Pune,3.43,3.49,3.15,44.73,0.055,5,12.99,0.22,0,0.0,0
SHP-01470,Influenza,Rail,Lucknow-Ahmedabad,4.42,4.63,4.09,47.48,0.1794,3,50.28,0.03,0,0.0,0
SHP-01471,Hepatitis-B,Road,Lucknow-Ahmedabad,3.21,6.16,2.3,61.2,0.3539,2,33.03,10.2,0,0.0,0
SHP-01472,Influenza,Rail,Delhi-Mumbai,6.9,8.45,6.5,42.61,0.1819,6,7.29,5.13,1,94.2,0
SHP-01473,Rotavirus,Road,Chennai-Kolkata,5.27,5.33,5.0,43.67,0.1162,2,54.9,4.43,0,0.0,0
SHP-01474,Polio,Sea,Lucknow-Ahmedabad,0.02,1.61,-0.68,51.01,1.0194,2,33.64,3.61,1,67.41,1
SHP-01475,Polio,Road,Jaipur-Hyderabad,5.31,6.05,4.52,51.96,0.6887,4,49.48,6.49,0,0.0,0
SHP-01476,Hepatitis-B,Sea,Delhi-Mumbai,5.51,8.04,4.74,65.1,0.2117,2,36.91,6.66,1,105.52,0
SHP-01477,Influenza,Road,Lucknow-Ahmedabad,2.91,4.62,2.46,45.99,0.7241,6,7.75,13.69,0,0.0,0
SHP-01478,Influenza,Air,Bengaluru-Pune,0.26,1.14,0.19,47.8,0.4938,5,47.97,1.4,1,52.15,0
SHP-01479,Influenza,Road,Lucknow-Ahmedabad,4.02,4.61,2.65,60.82,0.0019,4,58.01,7.69,0,0.0,0
SHP-01480,Polio,Air,Bengaluru-Pune,3.98,4.02,3.79,63.01,0.2392,2,16.29,23.64,0,0.0,0
SHP-01481,Influenza,Road,Bengaluru-Pune,1.2,1.98,0.67,69.29,0.1716,4,64.81,0.15,1,58.25,0
SHP-01482,COVID-19-mRNA,Road,Chennai-Kolkata,0.37,2.11,0.07,59.69,0.1229,1,17.98,2.34,1,97.05,0
SHP-01483,Hepatitis-B,Road,Chennai-Kolkata,3.78,6.27,3.7,56.3,0.1449,4,33.91,2.86,0,0.0,0
SHP-01484,COVID-19-mRNA,Air,Lucknow-Ahmedabad,3.42,6.3,3.37,60.75,1.4268,3,40.79,8.63,0,0.0,0
SHP-01485,Polio,Air,Lucknow-Ahmedabad,2.96,3.03,2.66,52.33,0.3331,4,26.72,0.07,0,0.0,0
SHP-01486,Polio,Road,Jaipur-Hyderabad,3.79,7.43,3.5,52.25,0.941,6,39.03,4.56,0,0.0,0
SHP-01487,Polio,Sea,Delhi-Mumbai,1.24,1.84,-0.1,37.26,0.1205,6,53.41,11.15,1,41.61,1
SHP-01488,Hepatitis-B,Road,Delhi-Mumbai,2.91,3.51,2.54,63.93,0.0958,4,53.15,0.8,0,0.0,0
SHP-01489,Polio,Road,Lucknow-Ahmedabad,5.33,7.48,3.63,57.11,1.0982,2,66.87,0.61,0,0.0,0
SHP-01490,Polio,Road,Chennai-Kolkata,3.13,3.81,0.38,62.77,0.3423,1,62.9,42.26,1,64.89,0
SHP-01491,COVID-19-mRNA,Road,Jaipur-Hyderabad,-0.18,1.89,-0.51,26.84,1.1276,3,71.02,8.74,1,49.05,1
SHP-01492,Polio,Road,Delhi-Mumbai,2.82,5.24,1.51,54.53,0.0326,1,45.3,5.98,1,33.17,0
SHP-01493,COVID-19-mRNA,Road,Lucknow-Ahmedabad,1.32,4.42,-0.08,46.44,1.2411,2,32.43,2.55,1,33.48,1
SHP-01494,COVID-19-mRNA,Air,Chennai-Kolkata,4.67,5.46,3.72,70.01,0.2685,2,21.85,9.62,0,0.0,0
SHP-01495,Hepatitis-B,Sea,Chennai-Kolkata,4.8,5.08,4.6,61.14,0.0844,1,22.1,12.81,0,0.0,0
SHP-01496,Hepatitis-B,Air,Chennai-Kolkata,-0.15,1.52,-0.43,57.34,0.575,2,15.96,6.59,1,47.09,0
SHP-01497,Hepatitis-B,Road,Bengaluru-Pune,5.9,7.32,4.62,50.68,0.797,2,53.96,2.54,0,0.0,0
SHP-01498,Polio,Air,Chennai-Kolkata,1.22,2.39,-0.77,58.97,0.0243,2,49.18,4.38,1,56.75,0
SHP-01499,Polio,Air,Lucknow-Ahmedabad,7.9,8.63,7.05,45.72,2.179,5,25.29,0.52,1,118.99,0
SHP-01500,Rotavirus,Rail,Jaipur-Hyderabad,3.88,4.33,3.62,54.0,0.5971,2,64.88,0.86,0,0.0,0
SHP-01501,Hepatitis-B,Air,Lucknow-Ahmedabad,0.88,2.48,0.79,49.22,0.1939,4,42.45,7.64,1,42.41,0
SHP-01502,Polio,Air,Chennai-Kolkata,1.15,1.41,1.04,77.66,0.082,2,10.56,0.15,1,42.12,0
SHP-01503,COVID-19-mRNA,Road,Jaipur-Hyderabad,4.87,6.97,4.21,69.7,0.2492,1,10.06,0.25,0,0.0,0
SHP-01504,Polio,Air,Delhi-Mumbai,3.02,3.66,1.63,65.63,0.1246,1,15.45,3.55,1,54.79,0
SHP-01505,Polio,Air,Delhi-Mumbai,3.76,3.95,2.81,40.1,0.3408,2,19.94,0.93,0,0.0,0
SHP-01506,Polio,Rail,Lucknow-Ahmedabad,8.03,8.35,7.71,63.64,0.7614,5,64.57,1.74,1,31.79,0
SHP-01507,Hepatitis-B,Rail,Jaipur-Hyderabad,2.25,2.84,1.85,56.88,0.5396,3,57.38,2.54,1,11.4,0
SHP-01508,Hepatitis-B,Sea,Lucknow-Ahmedabad,4.15,7.14,3.09,67.23,0.2863,3,19.31,3.69,0,0.0,0
SHP-01509,Hepatitis-B,Rail,Jaipur-Hyderabad,7.55,8.77,7.09,58.22,0.0633,4,22.4,1.67,1,80.29,0
SHP-01510,Influenza,Road,Jaipur-Hyderabad,4.68,4.99,3.11,54.93,1.5751,3,48.03,3.3,0,0.0,0
SHP-01511,Influenza,Air,Lucknow-Ahmedabad,-0.02,0.16,-0.13,57.34,0.1576,0,63.52,2.32,1,92.93,0
SHP-01512,Influenza,Rail,Jaipur-Hyderabad,5.26,6.78,4.03,36.94,0.1628,2,26.9,0.42,0,0.0,0
SHP-01513,Rotavirus,Rail,Chennai-Kolkata,1.09,2.75,0.98,47.33,0.5185,3,40.68,10.09,1,22.72,0
SHP-01514,COVID-19-mRNA,Rail,Jaipur-Hyderabad,7.52,7.57,7.45,58.73,0.7359,1,64.76,1.65,0,0.0,0
SHP-01515,COVID-19-mRNA,Road,Jaipur-Hyderabad,1.94,2.38,0.72,66.39,2.0724,2,56.86,4.7,1,96.65,0
SHP-01516,COVID-19-mRNA,Air,Lucknow-Ahmedabad,11.42,11.92,9.23,49.5,1.7395,3,64.84,4.22,1,57.93,1
SHP-01517,Hepatitis-B,Rail,Delhi-Mumbai,7.67,11.08,6.11,54.59,1.2253,4,24.35,1.11,1,114.18,1
SHP-01518,Rotavirus,Road,Bengaluru-Pune,2.01,4.39,1.13,38.99,0.2857,4,51.6,0.15,1,113.78,0
SHP-01519,COVID-19-mRNA,Sea,Jaipur-Hyderabad,4.05,4.96,3.46,69.59,0.0912,3,13.52,9.72,0,0.0,0
SHP-01520,Rotavirus,Air,Bengaluru-Pune,5.88,6.73,5.38,66.14,0.4391,1,46.67,3.44,0,0.0,0
SHP-01521,COVID-19-mRNA,Air,Jaipur-Hyderabad,5.96,7.76,5.66,61.52,0.0087,3,26.07,2.68,0,0.0,0
SHP-01522,Rotavirus,Air,Lucknow-Ahmedabad,5.11,6.23,4.19,59.07,0.1092,0,52.3,7.2,0,0.0,0
SHP-01523,Polio,Rail,Lucknow-Ahmedabad,7.13,7.13,6.75,70.53,0.0013,3,15.36,0.17,0,0.0,0
SHP-01524,COVID-19-mRNA,Air,Jaipur-Hyderabad,3.69,4.01,3.25,46.95,0.0996,2,49.93,7.25,0,0.0,0
SHP-01525,Polio,Air,Lucknow-Ahmedabad,3.08,4.97,1.12,45.87,0.3219,4,52.76,2.63,1,13.7,0
SHP-01526,COVID-19-mRNA,Sea,Lucknow-Ahmedabad,3.13,3.2,3.09,65.62,0.2499,4,62.57,4.01,0,0.0,0
SHP-01527,COVID-19-mRNA,Air,Jaipur-Hyderabad,6.15,10.09,5.73,64.94,0.2305,3,51.35,6.98,1,19.5,1
SHP-01528,Polio,Rail,Delhi-Mumbai,4.91,5.16,4.83,43.07,0.8888,1,40.51,3.96,0,0.0,0
SHP-01529,Influenza,Road,Jaipur-Hyderabad,4.73,4.82,4.37,49.69,0.562,5,57.75,0.32,0,0.0,0
SHP-01530,Hepatitis-B,Rail,Delhi-Mumbai,5.99,6.35,4.65,71.89,1.3778,2,24.77,6.52,0,0.0,0
SHP-01531,Polio,Road,Lucknow-Ahmedabad,-1.13,1.22,-1.9,59.12,0.2947,2,50.71,7.72,1,89.08,1
SHP-01532,Hepatitis-B,Sea,Delhi-Mumbai,4.78,5.11,3.74,62.87,0.1589,2,53.82,3.1,0,0.0,0
SHP-01533,Influenza,Sea,Lucknow-Ahmedabad,4.55,6.11,4.55,43.41,0.0654,2,31.91,2.89,0,0.0,0
SHP-01534,COVID-19-mRNA,Air,Delhi-Mumbai,8.17,9.39,7.83,61.57,0.5574,1,71.27,1.45,1,16.26,0
SHP-01535,Polio,Air,Delhi-Mumbai,0.18,1.26,-0.37,40.8,0.9218,3,29.5,5.17,1,113.57,0
SHP-01536,COVID-19-mRNA,Road,Jaipur-Hyderabad,7.89,10.91,7.87,35.2,0.1015,1,11.58,10.68,1,23.01,1
SHP-01537,COVID-19-mRNA,Road,Delhi-Mumbai,4.19,4.27,1.89,62.27,1.055,7,26.03,5.34,1,29.61,0
SHP-01538,Hepatitis-B,Rail,Lucknow-Ahmedabad,5.22,6.45,4.38,69.34,0.3736,5,12.56,7.38,0,0.0,0
SHP-01539,COVID-19-mRNA,Road,Jaipur-Hyderabad,8.19,8.47,6.38,52.46,0.0778,1,28.39,9.08,1,44.89,0
SHP-01540,Hepatitis-B,Road,Delhi-Mumbai,5.4,6.81,4.34,49.53,0.5148,1,14.44,1.28,0,0.0,0
SHP-01541,Influenza,Air,Jaipur-Hyderabad,5.0,5.93,4.06,72.11,0.367,4,35.01,2.57,0,0.0,0
SHP-01542,COVID-19-mRNA,Rail,Bengaluru-Pune,4.61,8.72,4.16,53.05,0.0143,2,57.35,2.86,1,83.26,0
SHP-01543,Hepatitis-B,Sea,Jaipur-Hyderabad,2.79,3.86,1.32,54.34,0.2548,2,10.45,4.09,1,116.21,0
SHP-01544,COVID-19-mRNA,Road,Bengaluru-Pune,3.93,4.31,3.93,71.94,0.7681,3,43.17,0.25,0,0.0,0
SHP-01545,Rotavirus,Road,Bengaluru-Pune,2.21,4.53,0.98,51.46,0.4053,1,8.89,4.44,1,29.8,0
SHP-01546,Polio,Air,Jaipur-Hyderabad,3.89,6.12,3.68,48.46,0.1657,9,64.38,0.46,0,0.0,0
SHP-01547,Influenza,Road,Lucknow-Ahmedabad,-1.84,1.09,-2.87,63.16,1.32,4,66.81,8.21,1,92.63,1
SHP-01548,Hepatitis-B,Road,Lucknow-Ahmedabad,5.07,5.08,4.4,47.88,0.1358,2,38.5,16.49,0,0.0,0
SHP-01549,COVID-19-mRNA,Air,Lucknow-Ahmedabad,3.7,5.92,3.39,53.55,0.1457,4,56.77,1.71,0,0.0,0
SHP-01550,Hepatitis-B,Road,Chennai-Kolkata,3.16,7.5,2.23,41.81,0.219,4,45.13,3.53,0,0.0,0
SHP-01551,Rotavirus,Road,Bengaluru-Pune,4.55,5.61,3.77,56.85,1.1247,7,28.48,8.66,0,0.0,0
SHP-01552,Hepatitis-B,Road,Jaipur-Hyderabad,0.42,0.97,0.34,55.68,0.3543,1,22.18,1.89,1,64.47,0
SHP-01553,Influenza,Road,Lucknow-Ahmedabad,8.82,10.34,8.61,64.68,0.5731,2,56.07,0.86,1,31.22,1
SHP-01554,Rotavirus,Air,Lucknow-Ahmedabad,3.74,7.07,2.32,63.57,1.8704,7,34.38,6.72,0,0.0,0
SHP-01555,COVID-19-mRNA,Rail,Jaipur-Hyderabad,3.64,4.73,3.24,60.52,0.7646,3,66.74,5.99,0,0.0,0
SHP-01556,COVID-19-mRNA,Road,Bengaluru-Pune,1.59,2.86,1.2,58.94,0.0947,3,70.4,4.22,1,66.63,0
SHP-01557,Hepatitis-B,Road,Jaipur-Hyderabad,4.06,4.36,3.34,54.27,0.7764,6,19.89,14.45,0,0.0,0
SHP-01558,Polio,Air,Chennai-Kolkata,7.47,7.93,6.69,61.1,0.6898,0,43.03,15.52,0,0.0,0
SHP-01559,Influenza,Rail,Chennai-Kolkata,6.59,7.41,6.05,43.88,0.1324,7,41.44,9.89,0,0.0,0
SHP-01560,Rotavirus,Sea,Jaipur-Hyderabad,6.14,7.49,5.52,31.51,0.1968,4,63.29,1.73,0,0.0,0
SHP-01561,Polio,Air,Bengaluru-Pune,5.37,6.29,4.53,66.62,0.6192,3,51.61,1.28,0,0.0,0
SHP-01562,COVID-19-mRNA,Road,Lucknow-Ahmedabad,3.1,5.58,1.78,61.74,0.1362,2,46.09,9.03,1,97.23,0
SHP-01563,Influenza,Air,Chennai-Kolkata,0.37,1.93,-0.42,53.73,0.1167,1,50.82,5.27,1,55.63,1
SHP-01564,COVID-19-mRNA,Road,Chennai-Kolkata,3.5,4.01,3.14,65.75,0.6078,5,31.7,2.52,0,0.0,0
SHP-01565,Influenza,Air,Bengaluru-Pune,3.41,4.11,3.22,47.69,1.0626,4,69.38,2.64,0,0.0,0
SHP-01566,Polio,Road,Chennai-Kolkata,6.62,8.76,5.61,47.95,0.039,7,9.8,9.6,1,97.13,0
SHP-01567,Hepatitis-B,Road,Chennai-Kolkata,4.77,5.1,3.87,46.56,0.2952,1,7.92,0.89,0,0.0,0
SHP-01568,COVID-19-mRNA,Road,Bengaluru-Pune,8.03,8.2,7.42,60.68,0.4672,3,33.43,14.41,1,26.78,0
SHP-01569,Hepatitis-B,Road,Jaipur-Hyderabad,6.99,7.28,5.29,39.17,0.5639,4,16.2,5.01,0,0.0,0
SHP-01570,Polio,Road,Lucknow-Ahmedabad,2.86,2.95,-0.02,47.33,2.7858,3,41.96,7.84,1,36.6,1
SHP-01571,Hepatitis-B,Road,Lucknow-Ahmedabad,-0.49,1.38,-1.36,57.9,0.5739,5,6.59,2.32,1,26.09,0
SHP-01572,COVID-19-mRNA,Air,Chennai-Kolkata,7.46,7.93,6.09,42.96,0.484,1,36.34,4.42,0,0.0,0
SHP-01573,Influenza,Air,Lucknow-Ahmedabad,7.4,8.22,6.14,48.4,2.2895,3,25.47,6.93,1,36.4,0
SHP-01574,Rotavirus,Rail,Jaipur-Hyderabad,0.58,2.16,-0.13,32.88,0.0313,2,19.36,2.86,1,66.78,0
SHP-01575,COVID-19-mRNA,Air,Chennai-Kolkata,7.77,9.62,7.4,61.06,0.0387,2,35.35,3.35,1,93.18,0
SHP-01576,COVID-19-mRNA,Road,Lucknow-Ahmedabad,4.96,6.96,4.49,48.12,0.4113,4,62.4,4.36,0,0.0,0
SHP-01577,COVID-19-mRNA,Sea,Delhi-Mumbai,4.4,6.7,3.07,44.01,0.2221,8,49.26,0.33,0,0.0,0
SHP-01578,Hepatitis-B,Road,Delhi-Mumbai,8.04,8.58,7.09,42.05,0.0508,2,16.56,9.95,1,18.48,0
SHP-01579,Hepatitis-B,Road,Delhi-Mumbai,7.36,7.79,6.38,50.82,0.183,5,38.93,10.07,0,0.0,0
SHP-01580,Hepatitis-B,Road,Delhi-Mumbai,5.63,7.14,5.12,39.2,0.561,3,67.49,1.65,0,0.0,0
SHP-01581,COVID-19-mRNA,Rail,Delhi-Mumbai,5.18,6.03,4.91,74.42,1.0627,3,34.99,10.59,0,0.0,0
SHP-01582,Polio,Sea,Chennai-Kolkata,5.54,6.97,4.21,31.15,0.0495,3,37.06,6.84,0,0.0,0
SHP-01583,Hepatitis-B,Road,Bengaluru-Pune,3.0,3.57,2.9,50.49,0.3884,2,68.13,3.3,0,0.0,0
SHP-01584,Polio,Air,Bengaluru-Pune,3.86,6.07,1.56,56.07,0.1756,3,14.96,2.14,1,68.37,0
SHP-01585,Rotavirus,Road,Chennai-Kolkata,1.74,3.24,0.9,47.25,0.5503,4,54.51,2.55,1,18.57,0
SHP-01586,COVID-19-mRNA,Road,Chennai-Kolkata,3.17,4.02,2.91,57.12,0.3986,6,25.74,3.82,0,0.0,0
SHP-01587,Hepatitis-B,Road,Jaipur-Hyderabad,3.08,4.5,1.74,47.0,1.3067,0,63.15,2.66,1,82.0,0
SHP-01588,Polio,Air,Bengaluru-Pune,2.41,4.83,0.8,70.3,0.0192,5,9.59,2.73,1,93.78,0
SHP-01589,Polio,Air,Delhi-Mumbai,4.34,6.13,2.55,43.81,0.3175,1,71.37,1.14,0,0.0,0
SHP-01590,Influenza,Rail,Chennai-Kolkata,3.19,5.19,2.66,31.49,0.1071,6,56.73,6.15,0,0.0,0
SHP-01591,Hepatitis-B,Road,Delhi-Mumbai,5.26,5.44,4.7,42.02,0.3848,4,24.77,4.7,0,0.0,0
SHP-01592,Rotavirus,Road,Bengaluru-Pune,-0.06,0.33,-1.3,58.86,0.9606,0,56.22,24.08,1,96.26,1
SHP-01593,COVID-19-mRNA,Road,Lucknow-Ahmedabad,3.72,5.51,3.68,53.82,1.2113,4,66.92,0.76,0,0.0,0
SHP-01594,COVID-19-mRNA,Rail,Lucknow-Ahmedabad,4.33,5.82,2.69,62.52,0.2539,6,13.45,0.6,0,0.0,0
SHP-01595,Influenza,Road,Chennai-Kolkata,3.22,3.79,0.38,60.02,0.8351,2,66.3,3.63,1,70.8,0
SHP-01596,Hepatitis-B,Road,Jaipur-Hyderabad,3.57,4.42,2.5,48.64,0.1646,1,29.77,0.82,0,0.0,0
SHP-01597,COVID-19-mRNA,Air,Delhi-Mumbai,0.04,2.57,-0.58,50.11,0.0032,0,6.43,4.72,1,69.5,1
SHP-01598,COVID-19-mRNA,Road,Chennai-Kolkata,4.89,5.8,4.25,51.15,0.9663,9,13.42,1.09,0,0.0,0
SHP-01599,COVID-19-mRNA,Sea,Jaipur-Hyderabad,5.62,5.81,5.55,73.84,0.0636,9,64.4,3.3,0,0.0,0
SHP-01600,Rotavirus,Road,Delhi-Mumbai,5.23,5.72,5.14,61.91,0.0089,2,70.86,4.72,0,0.0,0
SHP-01601,COVID-19-mRNA,Road,Bengaluru-Pune,6.6,8.0,5.58,73.92,0.2183,2,65.09,3.06,0,0.0,0
SHP-01602,Polio,Road,Lucknow-Ahmedabad,4.5,4.79,3.97,63.41,0.2385,2,35.14,1.93,0,0.0,0
SHP-01603,COVID-19-mRNA,Road,Jaipur-Hyderabad,5.2,5.94,4.27,54.36,0.0402,4,69.45,7.62,0,0.0,0
SHP-01604,Polio,Rail,Delhi-Mumbai,4.39,4.88,3.17,44.81,0.8415,4,32.85,9.64,0,0.0,0
SHP-01605,COVID-19-mRNA,Road,Chennai-Kolkata,5.72,7.68,5.13,57.02,0.2601,5,13.5,1.63,0,0.0,0
SHP-01606,Hepatitis-B,Air,Delhi-Mumbai,0.06,2.32,-0.02,54.39,0.3366,3,28.5,8.39,1,65.93,0
SHP-01607,COVID-19-mRNA,Air,Chennai-Kolkata,1.77,3.45,1.19,54.06,0.1537,2,71.9,2.48,1,32.53,0
SHP-01608,Influenza,Road,Lucknow-Ahmedabad,7.97,8.96,7.64,52.91,0.3582,3,47.31,3.34,1,105.71,0
SHP-01609,COVID-19-mRNA,Sea,Lucknow-Ahmedabad,-2.15,-1.3,-2.85,34.48,0.7278,1,28.44,1.32,1,98.03,0
SHP-01610,Hepatitis-B,Road,Delhi-Mumbai,3.65,5.04,3.15,67.61,1.1832,1,47.2,4.91,0,0.0,0
SHP-01611,Rotavirus,Rail,Delhi-Mumbai,6.93,10.05,5.6,54.5,1.7622,2,34.32,0.53,1,102.61,1
SHP-01612,Hepatitis-B,Rail,Chennai-Kolkata,3.77,4.96,3.2,40.86,0.2782,1,9.27,4.48,0,0.0,0
SHP-01613,Hepatitis-B,Air,Chennai-Kolkata,2.99,4.56,2.72,59.82,2.3043,1,19.27,22.89,0,0.0,0
SHP-01614,Polio,Air,Jaipur-Hyderabad,4.32,4.41,3.99,46.44,0.1747,5,7.27,7.0,0,0.0,0
SHP-01615,Polio,Air,Jaipur-Hyderabad,3.12,4.86,2.49,60.62,0.0035,5,22.82,11.27,0,0.0,0
SHP-01616,Hepatitis-B,Road,Jaipur-Hyderabad,4.08,5.01,3.62,63.82,0.7297,2,54.81,3.12,0,0.0,0
SHP-01617,Rotavirus,Air,Delhi-Mumbai,2.29,3.35,2.26,65.2,0.0983,4,18.76,0.77,0,0.0,0
SHP-01618,Hepatitis-B,Road,Jaipur-Hyderabad,6.77,7.85,4.38,53.39,0.0269,3,40.85,1.7,0,0.0,0
SHP-01619,Hepatitis-B,Road,Delhi-Mumbai,7.56,9.01,6.27,50.86,1.2886,5,52.31,0.25,1,68.69,0
SHP-01620,Influenza,Road,Lucknow-Ahmedabad,3.67,3.83,3.08,48.74,0.7847,1,42.21,3.48,0,0.0,0
SHP-01621,Polio,Air,Bengaluru-Pune,0.53,1.53,-0.43,47.77,0.0542,1,7.01,5.24,1,24.31,0
SHP-01622,COVID-19-mRNA,Road,Lucknow-Ahmedabad,2.69,5.0,2.55,54.83,0.7501,4,29.98,2.76,0,0.0,0
SHP-01623,Hepatitis-B,Road,Delhi-Mumbai,3.54,3.81,2.78,52.91,0.9289,2,35.15,4.14,0,0.0,0
SHP-01624,Rotavirus,Road,Delhi-Mumbai,5.26,5.42,5.09,46.75,1.1785,5,28.62,1.93,0,0.0,0
SHP-01625,COVID-19-mRNA,Rail,Bengaluru-Pune,1.48,3.38,0.11,43.56,0.3923,4,42.05,0.45,1,79.08,0
SHP-01626,Hepatitis-B,Air,Chennai-Kolkata,2.08,3.48,1.07,53.91,0.6077,2,39.87,2.83,1,113.5,0
SHP-01627,COVID-19-mRNA,Rail,Chennai-Kolkata,5.28,7.11,3.93,50.66,0.7182,5,18.37,3.97,0,0.0,0
SHP-01628,Hepatitis-B,Road,Chennai-Kolkata,6.35,7.43,5.18,43.59,0.5834,3,55.63,20.27,0,0.0,0
SHP-01629,COVID-19-mRNA,Road,Jaipur-Hyderabad,2.45,2.94,1.24,63.31,0.5204,1,16.64,2.13,1,78.15,0
SHP-01630,Polio,Road,Chennai-Kolkata,0.67,2.51,0.04,72.72,0.3965,2,36.29,5.66,1,91.12,0
SHP-01631,Influenza,Road,Jaipur-Hyderabad,12.21,12.44,12.17,64.63,0.3262,2,55.92,8.65,1,61.13,1
SHP-01632,Polio,Air,Jaipur-Hyderabad,5.96,6.85,5.35,47.8,2.7766,0,52.02,2.04,0,0.0,0
SHP-01633,Hepatitis-B,Road,Chennai-Kolkata,3.33,5.52,1.44,54.5,0.2059,2,34.52,13.29,1,22.0,0
SHP-01634,Influenza,Road,Chennai-Kolkata,6.17,7.2,5.16,70.4,0.0462,1,58.07,2.07,0,0.0,0
SHP-01635,Rotavirus,Road,Bengaluru-Pune,3.69,5.55,2.98,43.26,0.7242,0,53.11,17.5,0,0.0,0
SHP-01636,COVID-19-mRNA,Road,Bengaluru-Pune,6.17,7.72,5.35,62.83,0.1203,2,31.38,0.01,0,0.0,0
SHP-01637,Polio,Sea,Jaipur-Hyderabad,4.4,4.89,4.19,40.52,0.3804,6,65.1,5.03,0,0.0,0
SHP-01638,COVID-19-mRNA,Road,Bengaluru-Pune,4.23,4.87,3.41,71.84,0.0504,1,15.37,7.8,0,0.0,0
SHP-01639,Rotavirus,Air,Jaipur-Hyderabad,3.72,5.46,2.77,50.7,0.4829,4,29.66,1.64,0,0.0,0
SHP-01640,Rotavirus,Road,Delhi-Mumbai,0.38,0.6,0.23,77.29,1.4413,7,52.06,0.62,1,44.6,1
SHP-01641,Hepatitis-B,Rail,Jaipur-Hyderabad,8.85,8.97,8.12,72.28,0.6413,3,63.62,0.12,1,95.35,0
SHP-01642,Influenza,Rail,Jaipur-Hyderabad,1.65,2.68,1.21,53.94,0.1207,3,27.29,0.39,1,55.69,0
SHP-01643,Hepatitis-B,Road,Bengaluru-Pune,0.6,2.29,0.11,47.81,1.7726,6,43.04,3.92,1,113.04,0
SHP-01644,Hepatitis-B,Rail,Delhi-Mumbai,3.47,5.88,2.79,56.95,0.1834,6,6.78,9.14,0,0.0,0
SHP-01645,COVID-19-mRNA,Road,Lucknow-Ahmedabad,1.6,2.92,0.73,53.2,0.2869,4,30.48,0.33,1,92.16,0
SHP-01646,Influenza,Road,Lucknow-Ahmedabad,3.87,6.75,2.51,50.98,0.3447,3,27.84,0.6,0,0.0,0
SHP-01647,COVID-19-mRNA,Rail,Lucknow-Ahmedabad,5.72,5.73,5.21,38.42,2.3399,5,61.6,0.03,0,0.0,0
SHP-01648,Influenza,Rail,Delhi-Mumbai,6.49,9.04,4.59,49.85,0.0357,2,10.88,1.66,1,103.39,0
SHP-01649,Influenza,Road,Chennai-Kolkata,6.04,6.92,5.29,43.9,0.5966,1,10.1,12.71,0,0.0,0
SHP-01650,Influenza,Rail,Delhi-Mumbai,3.24,4.36,3.02,60.52,0.2247,2,35.22,1.62,0,0.0,0
SHP-01651,COVID-19-mRNA,Air,Bengaluru-Pune,4.12,4.19,3.69,64.91,0.0408,3,32.89,2.91,0,0.0,0
SHP-01652,Polio,Rail,Jaipur-Hyderabad,5.02,5.25,3.54,62.41,1.3669,3,16.66,0.99,0,0.0,0
SHP-01653,COVID-19-mRNA,Road,Jaipur-Hyderabad,-0.39,1.92,-1.8,58.42,0.4456,4,23.38,0.62,1,70.76,1
SHP-01654,Polio,Air,Bengaluru-Pune,5.43,8.82,4.23,46.47,0.7002,1,70.3,1.01,1,67.95,0
SHP-01655,COVID-19-mRNA,Air,Bengaluru-Pune,0.36,0.65,-0.42,57.05,0.1375,5,39.87,1.18,1,87.18,1
SHP-01656,Rotavirus,Road,Jaipur-Hyderabad,9.1,11.07,8.98,62.93,0.7168,0,11.8,0.7,1,98.7,1
SHP-01657,Hepatitis-B,Road,Chennai-Kolkata,2.99,3.5,2.8,49.14,0.8815,2,9.28,7.84,0,0.0,0
SHP-01658,Polio,Road,Chennai-Kolkata,3.54,4.47,3.27,56.19,0.2818,4,8.77,3.24,0,0.0,0
SHP-01659,Polio,Air,Chennai-Kolkata,2.08,4.45,1.44,53.55,0.4243,4,31.68,3.88,1,45.29,0
SHP-01660,Polio,Road,Bengaluru-Pune,2.43,2.92,1.13,71.62,1.7855,1,63.13,2.35,1,103.02,0
SHP-01661,Hepatitis-B,Road,Jaipur-Hyderabad,9.69,9.87,9.67,63.52,0.9378,3,60.97,1.18,1,67.29,0
SHP-01662,Hepatitis-B,Road,Jaipur-Hyderabad,6.35,7.58,5.08,61.09,0.2943,3,30.28,0.49,0,0.0,0
SHP-01663,Rotavirus,Road,Jaipur-Hyderabad,0.13,3.16,-0.26,37.83,0.5462,5,57.11,0.39,1,119.53,0
SHP-01664,Polio,Road,Delhi-Mumbai,7.76,8.55,7.63,56.73,0.7668,0,55.65,1.02,1,80.83,0
SHP-01665,Rotavirus,Rail,Delhi-Mumbai,6.98,8.4,6.09,53.45,0.0123,5,37.88,9.49,1,40.62,0
SHP-01666,Rotavirus,Rail,Lucknow-Ahmedabad,3.3,5.05,2.69,53.36,0.4438,5,32.69,1.22,0,0.0,0
SHP-01667,COVID-19-mRNA,Road,Delhi-Mumbai,4.77,6.65,4.23,39.37,2.0844,5,17.92,2.19,0,0.0,0
SHP-01668,Rotavirus,Road,Chennai-Kolkata,3.96,5.52,3.94,44.12,1.4704,2,24.4,4.25,0,0.0,0
SHP-01669,COVID-19-mRNA,Air,Chennai-Kolkata,8.93,11.71,8.06,54.32,0.8932,6,28.35,3.58,1,18.13,1
SHP-01670,Influenza,Air,Chennai-Kolkata,2.01,6.14,0.64,66.14,0.0561,2,59.64,5.48,1,18.64,0
SHP-01671,Polio,Road,Chennai-Kolkata,4.37,6.5,3.86,49.09,2.5615,4,42.49,1.08,0,0.0,0
SHP-01672,Rotavirus,Rail,Lucknow-Ahmedabad,2.93,3.66,2.47,51.0,0.4702,0,19.26,3.71,0,0.0,0
SHP-01673,Rotavirus,Air,Chennai-Kolkata,0.42,0.6,0.09,72.81,0.1261,1,12.32,7.3,1,21.96,0
SHP-01674,Influenza,Air,Bengaluru-Pune,9.48,9.74,7.48,52.03,0.5608,3,38.78,2.45,1,48.78,0
SHP-01675,Influenza,Air,Bengaluru-Pune,1.05,3.88,0.85,53.71,0.9708,0,49.98,17.86,1,88.49,0
SHP-01676,Polio,Rail,Bengaluru-Pune,4.55,5.61,3.8,53.85,0.0596,5,60.05,4.31,0,0.0,0
SHP-01677,COVID-19-mRNA,Road,Delhi-Mumbai,-0.35,1.0,-1.07,41.54,1.2411,8,58.62,5.62,1,44.02,1
SHP-01678,Polio,Road,Jaipur-Hyderabad,3.0,5.58,1.82,60.72,1.2641,4,60.39,3.07,1,63.69,0
SHP-01679,COVID-19-mRNA,Road,Lucknow-Ahmedabad,5.05,5.32,3.21,48.47,0.0068,3,35.56,9.75,0,0.0,0
SHP-01680,Hepatitis-B,Road,Bengaluru-Pune,1.94,1.94,1.12,54.7,1.1529,3,63.13,3.0,1,64.02,0
SHP-01681,Polio,Road,Bengaluru-Pune,5.47,7.75,4.38,59.44,1.467,2,35.34,14.26,0,0.0,0
SHP-01682,Rotavirus,Air,Chennai-Kolkata,3.33,3.41,1.66,74.43,0.0192,2,17.1,1.84,1,97.93,0
SHP-01683,Hepatitis-B,Rail,Bengaluru-Pune,6.9,7.76,5.87,41.82,0.1742,8,32.23,10.04,0,0.0,0
SHP-01684,Influenza,Road,Chennai-Kolkata,7.4,7.42,6.38,63.65,0.2335,3,28.44,5.1,0,0.0,0
SHP-01685,COVID-19-mRNA,Road,Chennai-Kolkata,2.53,3.62,1.76,63.69,0.2145,0,31.88,8.02,1,60.72,0
SHP-01686,Rotavirus,Air,Jaipur-Hyderabad,4.19,6.43,2.22,48.62,0.7115,4,49.47,0.19,0,0.0,0
SHP-01687,Rotavirus,Road,Delhi-Mumbai,4.46,5.82,2.8,61.0,0.2217,4,49.36,1.62,0,0.0,0
SHP-01688,Polio,Road,Chennai-Kolkata,5.55,6.63,4.29,71.43,1.5684,1,20.84,9.39,0,0.0,0
SHP-01689,Hepatitis-B,Road,Chennai-Kolkata,4.04,4.59,3.58,47.35,2.6484,1,26.85,1.92,0,0.0,0
SHP-01690,Influenza,Air,Jaipur-Hyderabad,4.48,4.57,4.24,57.41,0.1905,2,45.29,6.24,0,0.0,0
SHP-01691,COVID-19-mRNA,Rail,Chennai-Kolkata,3.39,5.39,2.5,59.05,0.3555,3,11.55,24.26,0,0.0,0
SHP-01692,Hepatitis-B,Air,Lucknow-Ahmedabad,4.29,4.89,3.13,60.34,0.4079,3,51.45,0.98,0,0.0,0
SHP-01693,Polio,Road,Delhi-Mumbai,7.24,10.03,5.73,62.69,0.433,5,17.81,2.7,1,108.31,1
SHP-01694,COVID-19-mRNA,Rail,Lucknow-Ahmedabad,5.62,5.66,5.35,56.66,0.2344,3,62.15,0.9,0,0.0,0
SHP-01695,Polio,Road,Bengaluru-Pune,5.75,8.14,5.17,60.13,0.0908,1,32.5,0.84,1,14.36,0
SHP-01696,COVID-19-mRNA,Road,Delhi-Mumbai,5.81,5.85,5.67,45.89,0.0281,4,20.57,5.01,0,0.0,0
SHP-01697,COVID-19-mRNA,Road,Bengaluru-Pune,3.62,5.44,3.33,56.64,0.0562,4,50.08,1.06,0,0.0,0
SHP-01698,COVID-19-mRNA,Road,Chennai-Kolkata,4.8,6.09,3.86,50.24,1.1578,6,42.57,3.3,0,0.0,0
SHP-01699,Rotavirus,Rail,Jaipur-Hyderabad,1.29,2.07,0.29,42.7,0.1645,6,17.35,19.07,1,98.17,0
SHP-01700,Hepatitis-B,Road,Lucknow-Ahmedabad,7.17,7.43,6.91,49.91,0.04,6,60.59,2.03,0,0.0,0
SHP-01701,Rotavirus,Road,Bengaluru-Pune,-2.96,-2.46,-3.65,57.69,0.4885,6,35.92,10.34,1,76.86,1
SHP-01702,Polio,Road,Chennai-Kolkata,3.78,4.1,2.24,59.36,0.0391,2,16.05,2.52,0,0.0,0
SHP-01703,Polio,Road,Lucknow-Ahmedabad,6.85,6.86,4.9,42.32,0.0363,3,58.55,1.52,0,0.0,0
SHP-01704,Hepatitis-B,Road,Lucknow-Ahmedabad,0.59,1.75,0.52,45.62,0.4859,7,14.81,2.05,1,22.15,0
SHP-01705,Polio,Road,Bengaluru-Pune,5.0,7.08,3.86,62.25,0.4475,1,69.89,0.68,0,0.0,0
SHP-01706,COVID-19-mRNA,Rail,Chennai-Kolkata,2.3,4.01,-0.37,60.08,0.0212,4,35.16,5.68,1,41.52,0
SHP-01707,Hepatitis-B,Sea,Jaipur-Hyderabad,3.08,3.66,1.53,63.87,0.3085,6,54.06,3.56,1,119.37,0
SHP-01708,COVID-19-mRNA,Road,Bengaluru-Pune,6.36,6.62,5.64,68.68,0.2861,1,35.83,4.76,0,0.0,0
SHP-01709,Hepatitis-B,Road,Lucknow-Ahmedabad,4.5,4.92,4.25,60.38,0.3956,3,18.38,1.81,0,0.0,0
SHP-01710,Hepatitis-B,Sea,Lucknow-Ahmedabad,-1.09,-0.6,-1.53,50.85,0.6694,2,56.04,5.3,1,87.54,0
SHP-01711,COVID-19-mRNA,Air,Delhi-Mumbai,1.56,3.32,1.41,56.15,0.1662,3,25.1,0.9,1,109.69,0
SHP-01712,COVID-19-mRNA,Air,Chennai-Kolkata,6.44,8.95,6.24,71.6,0.2835,4,51.04,5.28,1,95.84,0
SHP-01713,Influenza,Road,Delhi-Mumbai,5.12,6.01,3.53,82.64,0.7869,3,22.99,0.42,0,0.0,0
SHP-01714,Polio,Rail,Jaipur-Hyderabad,8.37,8.96,7.99,59.63,1.2791,1,21.91,2.56,1,36.76,0
SHP-01715,COVID-19-mRNA,Rail,Bengaluru-Pune,8.21,9.3,7.12,60.36,1.1097,3,36.19,4.7,1,49.22,0
SHP-01716,Rotavirus,Road,Lucknow-Ahmedabad,3.14,3.68,1.33,62.26,0.3247,0,59.87,9.67,1,22.16,0
SHP-01717,COVID-19-mRNA,Air,Chennai-Kolkata,10.26,13.45,9.73,55.24,0.3679,2,46.5,8.37,1,83.65,1
SHP-01718,Hepatitis-B,Road,Lucknow-Ahmedabad,4.06,6.83,2.14,66.64,0.3766,5,10.27,3.74,0,0.0,0
SHP-01719,Rotavirus,Air,Delhi-Mumbai,1.59,2.73,0.73,65.08,1.0152,3,54.44,10.74,1,80.63,0
SHP-01720,COVID-19-mRNA,Road,Delhi-Mumbai,2.42,5.26,1.09,58.54,0.9161,0,44.26,3.53,1,68.67,0
SHP-01721,COVID-19-mRNA,Rail,Bengaluru-Pune,-1.64,-1.57,-2.29,51.82,0.1866,1,47.16,3.64,1,65.37,1
SHP-01722,COVID-19-mRNA,Air,Chennai-Kolkata,8.02,9.08,7.03,39.79,0.0889,3,29.34,6.37,1,75.19,0
SHP-01723,Polio,Rail,Chennai-Kolkata,7.99,9.74,7.98,62.32,0.2382,6,42.71,10.51,1,88.17,0
SHP-01724,COVID-19-mRNA,Road,Bengaluru-Pune,1.46,1.54,1.39,57.13,0.1701,2,30.54,4.62,1,97.45,0
SHP-01725,Hepatitis-B,Road,Delhi-Mumbai,3.43,3.95,1.81,47.62,1.5057,0,11.38,14.43,1,86.82,0
SHP-01726,COVID-19-mRNA,Air,Delhi-Mumbai,4.24,4.53,3.43,43.7,0.1546,2,61.73,1.32,0,0.0,0
SHP-01727,Hepatitis-B,Road,Delhi-Mumbai,1.6,2.59,-0.61,61.61,0.1,4,50.75,12.91,1,114.69,0
SHP-01728,Rotavirus,Air,Lucknow-Ahmedabad,-0.39,1.14,-0.63,38.99,1.1487,2,50.25,1.25,1,108.93,1
SHP-01729,Influenza,Sea,Jaipur-Hyderabad,3.47,3.64,3.3,58.0,0.0452,6,18.78,3.74,0,0.0,0
SHP-01730,Hepatitis-B,Rail,Delhi-Mumbai,3.2,4.71,1.38,63.44,0.1507,9,49.8,7.95,1,14.77,0
SHP-01731,Polio,Road,Jaipur-Hyderabad,3.03,3.05,2.63,60.5,0.2891,4,21.31,8.09,0,0.0,0
SHP-01732,Hepatitis-B,Air,Jaipur-Hyderabad,4.56,5.09,4.47,51.09,0.4521,3,51.38,1.63,0,0.0,0
SHP-01733,Hepatitis-B,Sea,Chennai-Kolkata,7.57,8.85,6.58,42.51,0.1985,3,28.01,21.31,1,77.94,0
SHP-01734,Polio,Road,Bengaluru-Pune,3.24,4.93,2.84,60.87,0.3428,6,16.4,0.42,0,0.0,0
SHP-01735,COVID-19-mRNA,Air,Lucknow-Ahmedabad,4.43,5.03,3.68,67.01,0.1108,3,65.81,0.18,0,0.0,0
SHP-01736,Rotavirus,Road,Jaipur-Hyderabad,5.82,6.57,3.56,49.27,0.427,2,12.91,9.21,0,0.0,0
SHP-01737,Polio,Sea,Lucknow-Ahmedabad,5.39,6.12,4.45,60.07,0.262,0,56.28,8.55,0,0.0,0
SHP-01738,COVID-19-mRNA,Air,Chennai-Kolkata,2.46,2.96,1.52,70.82,0.9461,4,12.72,6.24,1,76.75,0
SHP-01739,Polio,Air,Delhi-Mumbai,4.24,4.96,4.08,58.39,0.2687,1,51.19,9.51,0,0.0,0
SHP-01740,Polio,Sea,Jaipur-Hyderabad,5.37,6.91,4.76,51.03,0.2933,0,13.29,0.74,0,0.0,0
SHP-01741,Influenza,Air,Bengaluru-Pune,1.18,1.93,-0.98,65.41,0.4485,4,39.58,0.5,1,32.3,0
SHP-01742,Influenza,Air,Chennai-Kolkata,7.16,9.72,6.1,47.62,0.0657,1,18.41,17.43,1,13.88,0
SHP-01743,Influenza,Road,Lucknow-Ahmedabad,7.58,7.98,6.18,42.02,0.0853,3,63.19,4.89,0,0.0,0
SHP-01744,COVID-19-mRNA,Rail,Delhi-Mumbai,2.19,6.02,1.97,63.12,0.7809,1,32.5,12.62,1,74.53,0
SHP-01745,Polio,Road,Lucknow-Ahmedabad,4.48,6.49,3.68,50.94,0.1597,2,7.02,11.85,0,0.0,0
SHP-01746,Polio,Sea,Bengaluru-Pune,5.61,6.92,4.86,51.83,0.5771,2,47.46,5.29,0,0.0,0
SHP-01747,COVID-19-mRNA,Road,Jaipur-Hyderabad,2.64,4.28,0.42,48.73,0.0513,4,35.38,4.95,1,102.71,0
SHP-01748,COVID-19-mRNA,Air,Bengaluru-Pune,5.2,6.24,5.19,50.27,0.8626,2,62.74,2.23,0,0.0,0
SHP-01749,Influenza,Sea,Lucknow-Ahmedabad,4.41,5.24,4.15,69.03,2.221,3,34.59,0.81,0,0.0,0
SHP-01750,COVID-19-mRNA,Road,Lucknow-Ahmedabad,0.33,1.42,-0.8,71.62,0.234,6,33.14,5.8,1,20.79,1
SHP-01751,Hepatitis-B,Road,Bengaluru-Pune,5.15,6.48,4.69,72.95,0.3521,3,35.97,8.51,0,0.0,0
SHP-01752,COVID-19-mRNA,Road,Bengaluru-Pune,1.25,1.49,-0.47,65.9,0.2923,1,62.75,3.93,1,103.55,1
SHP-01753,COVID-19-mRNA,Road,Bengaluru-Pune,6.35,8.42,3.68,59.66,1.123,2,44.73,0.26,1,86.67,0
SHP-01754,COVID-19-mRNA,Air,Delhi-Mumbai,2.32,2.63,1.79,40.68,0.005,3,50.18,0.78,1,43.0,0
SHP-01755,Rotavirus,Air,Lucknow-Ahmedabad,3.6,3.74,2.35,53.12,0.5299,3,53.55,0.54,0,0.0,0
SHP-01756,Influenza,Road,Chennai-Kolkata,7.43,9.28,7.36,76.57,0.5283,2,67.88,5.36,1,95.59,0
SHP-01757,Rotavirus,Rail,Delhi-Mumbai,5.24,5.79,4.92,50.64,0.2409,3,61.28,4.16,0,0.0,0
SHP-01758,Polio,Road,Delhi-Mumbai,1.3,1.72,0.7,70.14,0.1238,7,67.2,3.14,1,58.5,0
SHP-01759,COVID-19-mRNA,Sea,Delhi-Mumbai,1.46,2.13,0.77,55.55,0.137,2,28.66,3.92,1,68.39,0
SHP-01760,Hepatitis-B,Road,Chennai-Kolkata,2.5,2.92,0.87,28.22,0.8059,3,20.18,1.61,1,85.4,0
SHP-01761,Polio,Road,Bengaluru-Pune,4.99,6.08,2.33,61.4,0.0342,6,19.42,8.17,0,0.0,0
SHP-01762,Influenza,Air,Lucknow-Ahmedabad,4.9,5.16,4.16,67.66,0.4149,7,62.61,1.99,0,0.0,0
SHP-01763,COVID-19-mRNA,Air,Jaipur-Hyderabad,1.89,2.19,0.07,54.51,0.1832,0,60.82,5.17,1,99.54,0
SHP-01764,Polio,Road,Jaipur-Hyderabad,1.08,1.68,0.52,67.33,0.1541,5,48.93,2.48,1,88.44,0
SHP-01765,COVID-19-mRNA,Rail,Lucknow-Ahmedabad,4.7,5.58,3.09,38.32,0.3523,5,10.15,0.37,0,0.0,0
SHP-01766,Polio,Sea,Chennai-Kolkata,3.55,5.55,2.73,41.14,1.1407,4,26.99,1.48,0,0.0,0
SHP-01767,Influenza,Sea,Jaipur-Hyderabad,9.39,12.46,7.79,57.05,0.4813,4,54.46,16.78,1,70.56,1
SHP-01768,Polio,Air,Delhi-Mumbai,4.09,5.41,3.87,59.77,0.777,1,22.41,1.06,0,0.0,0
SHP-01769,Polio,Rail,Jaipur-Hyderabad,8.54,9.47,7.93,68.57,0.459,0,47.19,0.55,1,73.26,0
SHP-01770,Polio,Road,Lucknow-Ahmedabad,1.07,2.2,0.96,61.39,0.5982,4,41.82,1.72,1,63.15,0
SHP-01771,Polio,Air,Delhi-Mumbai,0.07,0.46,-0.26,43.06,0.2832,2,23.34,10.52,1,93.06,1
SHP-01772,Influenza,Rail,Jaipur-Hyderabad,1.2,3.43,0.54,57.13,1.3017,6,67.67,1.83,1,56.27,0
SHP-01773,Rotavirus,Road,Lucknow-Ahmedabad,6.97,8.2,6.0,61.01,0.3485,5,22.94,2.7,1,95.44,0
SHP-01774,Rotavirus,Air,Chennai-Kolkata,8.39,9.66,7.34,36.26,0.4012,2,65.06,1.86,1,93.62,0
SHP-01775,Influenza,Road,Lucknow-Ahmedabad,2.04,2.38,1.53,54.56,0.3722,6,41.7,22.54,1,40.46,0
SHP-01776,Polio,Road,Chennai-Kolkata,2.85,4.05,2.6,51.64,0.19,0,12.06,44.94,0,0.0,0
SHP-01777,Hepatitis-B,Road,Delhi-Mumbai,1.08,3.48,0.28,48.45,0.1315,3,61.02,3.3,1,103.61,0
SHP-01778,Polio,Road,Lucknow-Ahmedabad,-0.53,2.17,-2.49,59.99,0.0384,3,58.23,7.68,1,28.58,0
SHP-01779,COVID-19-mRNA,Sea,Bengaluru-Pune,5.8,8.83,5.59,43.5,0.6332,7,60.84,1.24,1,13.43,0
SHP-01780,Influenza,Air,Bengaluru-Pune,4.56,5.37,4.51,59.17,0.1707,5,48.12,2.34,0,0.0,0
SHP-01781,COVID-19-mRNA,Road,Bengaluru-Pune,4.03,5.31,3.81,60.59,0.2465,1,52.97,5.69,0,0.0,0
SHP-01782,Rotavirus,Road,Bengaluru-Pune,0.5,1.31,0.41,65.84,1.2624,5,65.87,1.69,1,34.24,0
SHP-01783,Polio,Road,Bengaluru-Pune,8.1,9.09,7.67,43.77,0.4179,4,14.43,1.27,1,28.95,0
SHP-01784,Hepatitis-B,Road,Chennai-Kolkata,2.74,3.11,2.17,39.95,0.0511,2,11.48,12.77,0,0.0,0
SHP-01785,Hepatitis-B,Road,Lucknow-Ahmedabad,5.33,6.46,4.2,57.79,0.8037,5,14.25,1.4,0,0.0,0
SHP-01786,Rotavirus,Rail,Delhi-Mumbai,0.36,0.99,-0.11,52.14,0.1479,3,63.42,0.31,1,15.1,0
SHP-01787,Hepatitis-B,Sea,Bengaluru-Pune,3.52,5.34,3.37,84.03,0.4023,2,43.15,6.95,0,0.0,0
SHP-01788,Hepatitis-B,Rail,Bengaluru-Pune,4.73,4.9,4.03,59.58,0.3567,4,17.62,1.39,0,0.0,0
SHP-01789,COVID-19-mRNA,Rail,Delhi-Mumbai,4.82,7.07,4.0,55.58,0.136,7,15.35,2.99,0,0.0,0
SHP-01790,Hepatitis-B,Road,Delhi-Mumbai,4.39,4.69,4.18,53.27,0.0615,3,35.4,0.59,0,0.0,0
SHP-01791,COVID-19-mRNA,Rail,Bengaluru-Pune,5.24,7.11,4.48,42.82,0.1187,1,59.84,0.35,0,0.0,0
SHP-01792,Influenza,Road,Chennai-Kolkata,1.17,1.48,1.12,60.64,0.0512,2,59.14,3.09,1,114.29,0
SHP-01793,Hepatitis-B,Road,Delhi-Mumbai,4.49,5.51,3.86,54.21,0.1612,3,62.18,2.06,0,0.0,0
SHP-01794,Hepatitis-B,Road,Lucknow-Ahmedabad,4.28,4.72,3.73,54.22,2.9568,4,56.75,3.53,0,0.0,0
SHP-01795,COVID-19-mRNA,Road,Lucknow-Ahmedabad,4.58,6.2,4.09,55.94,0.2572,7,10.07,16.88,0,0.0,0
SHP-01796,COVID-19-mRNA,Road,Chennai-Kolkata,4.18,6.57,4.09,57.21,0.9971,2,53.53,2.62,0,0.0,0
SHP-01797,Influenza,Sea,Jaipur-Hyderabad,0.82,4.61,-0.21,37.61,0.3983,4,40.25,4.61,1,112.13,0
SHP-01798,COVID-19-mRNA,Road,Chennai-Kolkata,0.71,1.96,-0.53,63.37,0.5492,5,53.94,0.51,1,51.55,1
SHP-01799,COVID-19-mRNA,Air,Bengaluru-Pune,-1.54,-1.08,-2.27,46.54,0.085,0,37.96,10.85,1,25.15,0
SHP-01800,COVID-19-mRNA,Road,Jaipur-Hyderabad,6.04,6.73,5.46,53.62,0.1607,4,37.91,8.2,0,0.0,0
SHP-01801,Rotavirus,Air,Bengaluru-Pune,6.07,8.54,5.01,67.86,0.3571,5,14.32,3.69,1,82.19,0
SHP-01802,Influenza,Air,Lucknow-Ahmedabad,6.11,7.58,5.56,72.79,1.0649,5,65.74,1.01,0,0.0,0
SHP-01803,Polio,Air,Delhi-Mumbai,4.77,4.96,2.81,38.0,0.0219,4,30.73,2.78,0,0.0,0
SHP-01804,COVID-19-mRNA,Road,Bengaluru-Pune,-1.33,-1.21,-1.61,55.3,0.3535,2,44.44,1.76,1,82.68,0
SHP-01805,Polio,Road,Lucknow-Ahmedabad,1.43,2.0,-0.69,57.73,0.0262,4,19.67,26.03,1,31.53,1
SHP-01806,Influenza,Rail,Chennai-Kolkata,4.43,5.09,4.31,39.92,0.3052,1,30.35,3.37,0,0.0,0
SHP-01807,Hepatitis-B,Road,Bengaluru-Pune,4.34,4.85,4.08,63.03,0.4956,1,63.46,2.74,0,0.0,0
SHP-01808,COVID-19-mRNA,Road,Lucknow-Ahmedabad,3.44,3.73,3.37,56.16,0.6827,4,19.83,0.93,0,0.0,0
SHP-01809,COVID-19-mRNA,Road,Delhi-Mumbai,4.92,5.01,4.83,56.94,0.0746,1,19.6,1.37,0,0.0,0
SHP-01810,COVID-19-mRNA,Road,Bengaluru-Pune,4.03,5.03,3.26,45.82,0.0911,1,23.19,6.22,0,0.0,0
SHP-01811,Hepatitis-B,Rail,Lucknow-Ahmedabad,4.3,7.66,3.15,59.13,0.3175,1,43.93,3.83,0,0.0,0
SHP-01812,Influenza,Air,Bengaluru-Pune,2.4,4.72,1.9,63.38,3.1165,4,40.37,2.22,1,89.05,0
SHP-01813,COVID-19-mRNA,Air,Delhi-Mumbai,6.46,9.76,5.4,56.27,0.2201,2,17.57,1.76,1,29.02,0
SHP-01814,COVID-19-mRNA,Rail,Bengaluru-Pune,2.92,4.54,0.48,49.86,0.2789,2,51.67,1.12,1,31.53,0
SHP-01815,COVID-19-mRNA,Road,Bengaluru-Pune,0.67,1.01,0.24,50.64,0.2832,1,65.9,0.17,1,15.31,0
SHP-01816,Rotavirus,Air,Lucknow-Ahmedabad,2.07,3.08,1.72,57.2,0.0421,1,19.12,18.89,1,118.44,0
SHP-01817,COVID-19-mRNA,Air,Jaipur-Hyderabad,3.13,7.62,2.36,55.49,0.744,3,50.41,6.99,0,0.0,0
SHP-01818,Influenza,Sea,Bengaluru-Pune,6.49,6.53,5.36,64.05,0.1459,2,44.7,13.15,0,0.0,0
SHP-01819,Hepatitis-B,Rail,Jaipur-Hyderabad,3.89,5.08,3.08,50.2,0.6081,5,27.71,2.66,0,0.0,0
SHP-01820,Polio,Road,Chennai-Kolkata,3.53,5.03,2.66,42.82,0.3223,6,46.78,10.18,0,0.0,0
SHP-01821,COVID-19-mRNA,Road,Bengaluru-Pune,0.88,1.92,-0.02,58.59,0.4731,3,19.85,1.48,1,75.45,1
SHP-01822,COVID-19-mRNA,Road,Jaipur-Hyderabad,5.96,6.41,5.01,50.22,0.0277,1,61.04,3.57,0,0.0,0
SHP-01823,Hepatitis-B,Sea,Chennai-Kolkata,2.37,3.29,1.99,62.84,1.1035,2,7.47,1.13,1,85.81,0
SHP-01824,Influenza,Sea,Lucknow-Ahmedabad,3.75,4.34,2.99,55.08,0.1398,6,43.43,7.36,0,0.0,0
SHP-01825,Hepatitis-B,Air,Bengaluru-Pune,7.7,9.25,6.82,61.55,0.5545,6,27.04,3.44,1,87.22,0
SHP-01826,Hepatitis-B,Rail,Lucknow-Ahmedabad,5.27,6.61,3.39,44.86,0.7998,1,64.17,3.84,0,0.0,0
SHP-01827,COVID-19-mRNA,Air,Chennai-Kolkata,-0.07,0.58,-0.95,56.43,0.3883,4,38.96,9.81,1,22.64,0
SHP-01828,Rotavirus,Air,Lucknow-Ahmedabad,-0.42,-0.23,-1.11,48.01,0.2057,6,58.96,6.72,1,93.09,1
SHP-01829,Influenza,Road,Lucknow-Ahmedabad,3.84,4.58,1.73,42.8,1.9062,4,66.97,16.95,1,100.56,0
SHP-01830,COVID-19-mRNA,Road,Delhi-Mumbai,0.97,1.29,0.54,46.39,0.1632,2,28.07,2.6,1,40.38,0
SHP-01831,Rotavirus,Sea,Chennai-Kolkata,5.62,6.68,3.35,49.56,1.4847,6,64.1,3.09,0,0.0,0
SHP-01832,Hepatitis-B,Air,Lucknow-Ahmedabad,4.11,5.42,3.28,67.45,0.0849,1,53.93,4.78,0,0.0,0
SHP-01833,Hepatitis-B,Road,Jaipur-Hyderabad,4.41,7.03,3.02,49.29,0.2465,5,13.14,3.02,0,0.0,0
SHP-01834,Influenza,Sea,Chennai-Kolkata,2.23,3.51,2.02,42.28,0.0745,3,12.86,2.72,0,0.0,0
SHP-01835,Influenza,Sea,Delhi-Mumbai,8.35,8.7,7.49,56.31,0.0011,2,59.94,2.08,1,103.48,0
SHP-01836,Hepatitis-B,Air,Bengaluru-Pune,11.11,11.14,8.68,55.29,0.1507,1,36.91,8.92,1,59.72,1
SHP-01837,COVID-19-mRNA,Road,Lucknow-Ahmedabad,3.3,4.31,2.66,50.08,0.0456,3,38.68,3.81,0,0.0,0
SHP-01838,Polio,Road,Jaipur-Hyderabad,4.88,6.25,3.71,53.39,2.1468,1,64.82,4.67,0,0.0,0
SHP-01839,Rotavirus,Air,Delhi-Mumbai,4.24,7.21,3.84,64.76,0.717,2,65.65,1.14,0,0.0,0
SHP-01840,COVID-19-mRNA,Sea,Chennai-Kolkata,3.35,3.63,3.29,61.71,0.0019,0,13.44,1.45,0,0.0,0
SHP-01841,Polio,Sea,Lucknow-Ahmedabad,1.92,2.05,1.75,60.84,0.1266,2,30.66,2.08,1,63.41,0
SHP-01842,Polio,Air,Delhi-Mumbai,1.29,2.56,1.06,43.16,0.5545,1,65.08,3.13,1,27.71,0
SHP-01843,Polio,Air,Delhi-Mumbai,1.16,3.96,-0.01,83.87,0.2542,5,60.11,0.22,1,40.11,1
SHP-01844,Hepatitis-B,Air,Jaipur-Hyderabad,5.01,5.06,4.33,65.51,0.8914,4,53.59,10.96,0,0.0,0
SHP-01845,Rotavirus,Sea,Bengaluru-Pune,2.7,4.17,2.28,60.17,0.3515,5,12.73,11.7,0,0.0,0
SHP-01846,COVID-19-mRNA,Air,Bengaluru-Pune,-2.45,-1.48,-2.56,43.36,0.5302,8,47.0,5.42,1,11.24,1
SHP-01847,COVID-19-mRNA,Road,Bengaluru-Pune,5.11,6.95,4.56,64.48,0.4545,1,44.4,1.9,0,0.0,0
SHP-01848,COVID-19-mRNA,Road,Chennai-Kolkata,3.9,4.18,3.04,49.99,0.5083,1,17.03,2.43,0,0.0,0
SHP-01849,Rotavirus,Road,Delhi-Mumbai,7.37,7.46,6.61,53.06,0.1307,2,57.07,6.62,0,0.0,0
SHP-01850,Hepatitis-B,Air,Chennai-Kolkata,4.93,6.3,4.56,38.19,0.2336,1,26.59,1.69,0,0.0,0
SHP-01851,COVID-19-mRNA,Air,Delhi-Mumbai,0.3,3.45,-0.24,42.59,0.026,3,46.96,4.69,1,113.99,1
SHP-01852,Influenza,Sea,Jaipur-Hyderabad,-1.57,-0.86,-2.08,59.39,0.4429,0,29.88,11.84,1,77.02,1
SHP-01853,Rotavirus,Sea,Jaipur-Hyderabad,2.2,3.93,1.75,65.06,0.3074,4,11.57,2.64,1,52.59,0
SHP-01854,Influenza,Rail,Chennai-Kolkata,2.44,2.58,2.37,61.85,0.7151,3,40.64,4.42,0,0.0,0
SHP-01855,Rotavirus,Air,Chennai-Kolkata,6.36,7.72,5.38,61.51,0.1156,2,26.24,13.2,0,0.0,0
SHP-01856,COVID-19-mRNA,Road,Jaipur-Hyderabad,3.98,4.0,3.37,54.35,0.2871,3,10.71,2.08,0,0.0,0
SHP-01857,Influenza,Road,Lucknow-Ahmedabad,6.83,7.56,5.66,50.93,0.0997,1,19.1,7.13,0,0.0,0
SHP-01858,Polio,Road,Bengaluru-Pune,0.69,2.0,0.54,57.89,0.4759,2,46.84,7.03,1,79.29,0
SHP-01859,Influenza,Sea,Bengaluru-Pune,6.41,8.64,5.05,63.21,0.942,1,12.69,13.19,1,60.12,0
SHP-01860,Influenza,Road,Jaipur-Hyderabad,5.8,6.65,5.53,55.05,0.725,4,11.77,9.78,0,0.0,0
SHP-01861,Influenza,Air,Bengaluru-Pune,-1.05,0.53,-1.33,67.1,1.443,2,68.31,6.91,1,118.03,1
SHP-01862,Hepatitis-B,Sea,Lucknow-Ahmedabad,7.31,7.85,4.84,52.85,1.7829,5,13.1,5.06,0,0.0,0
SHP-01863,COVID-19-mRNA,Sea,Lucknow-Ahmedabad,4.23,5.47,3.7,45.2,0.7393,1,30.82,1.38,0,0.0,0
SHP-01864,Hepatitis-B,Air,Delhi-Mumbai,4.98,6.29,4.8,54.9,0.169,3,14.81,5.55,0,0.0,0
SHP-01865,Rotavirus,Road,Chennai-Kolkata,1.84,2.57,0.66,56.06,0.1238,3,67.99,1.62,1,35.98,0
SHP-01866,Rotavirus,Road,Bengaluru-Pune,7.19,9.21,6.97,54.18,0.2967,6,37.76,2.9,1,33.32,0
SHP-01867,COVID-19-mRNA,Road,Lucknow-Ahmedabad,1.04,3.37,0.3,67.81,2.5484,4,13.33,6.18,1,49.93,0
SHP-01868,COVID-19-mRNA,Air,Chennai-Kolkata,6.08,7.8,4.89,63.05,0.2661,1,56.74,5.62,0,0.0,0
SHP-01869,COVID-19-mRNA,Road,Chennai-Kolkata,6.05,6.43,5.92,40.69,0.111,5,57.53,2.56,0,0.0,0
SHP-01870,Influenza,Sea,Delhi-Mumbai,1.56,2.21,1.56,70.34,1.4443,2,65.48,1.01,1,81.0,0
SHP-01871,Influenza,Road,Chennai-Kolkata,8.96,10.0,7.38,27.59,0.2438,2,52.57,3.31,1,100.19,1
SHP-01872,COVID-19-mRNA,Air,Chennai-Kolkata,4.58,5.01,3.34,76.51,0.587,3,9.61,1.57,0,0.0,0
SHP-01873,Hepatitis-B,Road,Jaipur-Hyderabad,5.63,7.35,5.49,52.13,0.7759,1,42.32,1.47,0,0.0,0
SHP-01874,Influenza,Road,Delhi-Mumbai,0.18,0.86,-0.82,53.1,0.9263,1,31.35,1.98,1,96.26,1
SHP-01875,Influenza,Rail,Delhi-Mumbai,9.29,9.77,8.55,54.4,0.861,3,55.41,6.12,1,94.51,0
SHP-01876,Hepatitis-B,Road,Bengaluru-Pune,0.94,1.71,-1.24,58.85,0.9047,2,45.0,3.44,1,18.1,1
SHP-01877,Hepatitis-B,Air,Chennai-Kolkata,6.56,7.1,6.13,55.0,0.5508,4,53.86,2.34,0,0.0,0
SHP-01878,Hepatitis-B,Air,Bengaluru-Pune,1.51,2.13,0.6,53.67,0.2586,1,17.91,11.54,1,96.17,0
SHP-01879,COVID-19-mRNA,Rail,Lucknow-Ahmedabad,2.45,4.55,2.01,68.09,0.5502,4,34.85,6.13,0,0.0,0
SHP-01880,Hepatitis-B,Road,Chennai-Kolkata,5.97,9.09,5.25,60.66,0.9062,2,34.52,3.41,1,73.56,0
SHP-01881,Hepatitis-B,Rail,Lucknow-Ahmedabad,6.57,7.76,6.15,45.41,0.2159,3,70.74,2.73,0,0.0,0
SHP-01882,Rotavirus,Air,Jaipur-Hyderabad,0.82,3.13,-1.19,62.41,0.1758,3,7.26,8.54,1,42.51,1
SHP-01883,Hepatitis-B,Road,Chennai-Kolkata,6.73,8.57,6.01,60.24,0.2106,4,59.86,0.95,1,27.38,0
SHP-01884,Influenza,Road,Bengaluru-Pune,6.61,7.57,6.49,49.55,0.4007,5,12.41,5.46,0,0.0,0
SHP-01885,COVID-19-mRNA,Sea,Bengaluru-Pune,1.66,3.48,1.38,62.92,0.0269,1,11.3,0.11,1,84.0,0
SHP-01886,Polio,Sea,Chennai-Kolkata,8.0,9.04,7.73,53.42,0.7547,2,27.66,0.03,1,24.88,0
SHP-01887,COVID-19-mRNA,Air,Bengaluru-Pune,0.36,0.9,0.34,52.78,0.0747,4,52.25,13.43,1,16.53,0
SHP-01888,COVID-19-mRNA,Road,Chennai-Kolkata,2.44,3.94,1.78,52.51,0.0713,3,50.78,3.61,1,61.3,0
SHP-01889,Influenza,Air,Delhi-Mumbai,5.2,7.08,5.15,30.72,0.1101,7,47.44,1.89,0,0.0,0
SHP-01890,Rotavirus,Road,Bengaluru-Pune,1.87,2.15,0.5,49.73,0.4301,6,57.12,7.92,1,10.9,0
SHP-01891,COVID-19-mRNA,Road,Chennai-Kolkata,4.66,6.47,4.08,62.13,0.1681,4,21.34,20.94,0,0.0,0
SHP-01892,Polio,Sea,Chennai-Kolkata,4.6,6.19,4.1,54.78,0.2295,5,47.83,0.18,0,0.0,0
SHP-01893,Influenza,Sea,Bengaluru-Pune,3.53,3.71,3.33,42.15,1.3416,0,48.11,0.19,0,0.0,0
SHP-01894,COVID-19-mRNA,Road,Delhi-Mumbai,6.08,7.53,5.01,64.65,0.9393,6,49.19,9.65,0,0.0,0
SHP-01895,Hepatitis-B,Road,Bengaluru-Pune,3.43,4.07,3.4,52.01,0.9559,4,45.23,4.07,0,0.0,0
SHP-01896,Influenza,Rail,Chennai-Kolkata,4.58,6.81,3.47,42.78,0.431,1,20.62,10.72,0,0.0,0
SHP-01897,Hepatitis-B,Rail,Delhi-Mumbai,6.87,7.09,5.46,77.06,1.0067,4,66.34,5.93,0,0.0,0
SHP-01898,COVID-19-mRNA,Air,Lucknow-Ahmedabad,5.98,6.17,5.39,44.47,0.7538,2,70.42,3.18,0,0.0,0
SHP-01899,Polio,Road,Jaipur-Hyderabad,5.97,8.99,5.22,63.79,1.5313,4,51.49,0.88,1,114.15,0
SHP-01900,Influenza,Road,Bengaluru-Pune,1.13,2.91,1.0,47.31,0.0333,3,35.31,2.47,1,36.79,0
SHP-01901,Hepatitis-B,Air,Chennai-Kolkata,5.31,7.1,4.07,56.36,0.0146,4,41.45,7.74,0,0.0,0
SHP-01902,COVID-19-mRNA,Air,Delhi-Mumbai,1.8,3.41,0.31,45.98,0.0962,0,13.15,1.33,1,71.26,0
SHP-01903,Influenza,Air,Delhi-Mumbai,0.8,2.08,0.4,42.61,1.3231,1,29.98,6.23,1,69.14,0
SHP-01904,COVID-19-mRNA,Road,Lucknow-Ahmedabad,3.82,5.76,3.48,60.22,0.4652,5,70.42,1.42,0,0.0,0
SHP-01905,Influenza,Road,Bengaluru-Pune,1.74,2.16,0.87,59.05,0.2777,2,42.15,3.11,1,116.34,0
SHP-01906,COVID-19-mRNA,Air,Delhi-Mumbai,5.98,6.85,5.1,66.45,0.3594,3,43.0,0.45,0,0.0,0
SHP-01907,Rotavirus,Air,Lucknow-Ahmedabad,6.04,7.68,5.66,54.66,0.8848,5,68.96,3.03,0,0.0,0
SHP-01908,Polio,Rail,Chennai-Kolkata,-0.76,0.94,-1.47,77.2,1.3233,5,64.5,4.74,1,47.07,1
SHP-01909,Polio,Rail,Lucknow-Ahmedabad,1.93,3.59,1.32,57.68,0.6541,1,43.54,4.14,1,79.15,0
SHP-01910,COVID-19-mRNA,Road,Bengaluru-Pune,0.35,0.42,0.19,60.67,0.7132,0,23.75,2.61,1,76.45,0
SHP-01911,Polio,Road,Lucknow-Ahmedabad,2.84,3.92,1.95,41.42,0.1931,1,13.72,2.31,1,68.17,0
SHP-01912,Rotavirus,Sea,Delhi-Mumbai,5.14,5.42,4.43,48.86,0.3146,1,63.0,1.61,0,0.0,0
SHP-01913,Rotavirus,Air,Delhi-Mumbai,3.39,4.81,2.96,60.2,1.0823,4,66.73,7.29,0,0.0,0
SHP-01914,Polio,Air,Jaipur-Hyderabad,2.53,4.06,1.59,54.16,0.7707,6,38.62,7.63,1,97.18,0
SHP-01915,Polio,Road,Lucknow-Ahmedabad,7.25,7.89,6.76,56.88,0.5764,4,12.24,3.3,0,0.0,0
SHP-01916,Influenza,Air,Chennai-Kolkata,-1.76,-1.29,-2.31,46.84,0.0337,2,46.01,2.41,1,88.79,0
SHP-01917,Rotavirus,Road,Bengaluru-Pune,7.09,9.06,5.51,56.22,0.0202,1,30.25,5.07,1,40.44,0
SHP-01918,Hepatitis-B,Sea,Jaipur-Hyderabad,2.64,4.12,1.38,56.19,0.0699,1,16.42,4.08,1,110.26,0
SHP-01919,Polio,Road,Lucknow-Ahmedabad,3.8,4.98,3.45,43.2,0.4354,5,66.66,5.5,0,0.0,0
SHP-01920,Polio,Road,Chennai-Kolkata,2.68,3.86,1.85,61.43,0.3844,3,21.8,1.83,1,75.53,0
SHP-01921,Hepatitis-B,Sea,Jaipur-Hyderabad,7.86,9.58,7.76,38.0,1.4296,2,52.94,7.76,1,99.36,0
SHP-01922,COVID-19-mRNA,Air,Delhi-Mumbai,0.92,2.47,-0.32,56.84,0.5933,6,34.34,1.9,1,105.29,1
SHP-01923,Hepatitis-B,Air,Bengaluru-Pune,4.03,4.51,1.83,72.66,0.1741,6,60.64,2.71,1,45.15,0
SHP-01924,Polio,Road,Lucknow-Ahmedabad,5.32,6.49,4.98,61.81,0.0881,3,52.26,0.71,0,0.0,0
SHP-01925,Influenza,Road,Chennai-Kolkata,-0.03,1.01,-0.26,61.74,0.947,8,14.13,9.67,1,13.84,1
SHP-01926,COVID-19-mRNA,Air,Delhi-Mumbai,1.7,2.59,0.72,46.03,0.3077,5,35.67,5.17,1,96.87,0
SHP-01927,Hepatitis-B,Road,Jaipur-Hyderabad,3.63,4.75,2.79,72.69,0.5299,4,23.15,1.34,0,0.0,0
SHP-01928,Polio,Road,Bengaluru-Pune,1.78,2.19,-0.74,68.77,0.4164,2,53.1,9.54,1,57.09,0
SHP-01929,Hepatitis-B,Road,Jaipur-Hyderabad,1.96,4.54,1.96,46.56,0.0568,4,41.95,6.1,1,118.99,0
SHP-01930,COVID-19-mRNA,Road,Jaipur-Hyderabad,3.13,4.6,2.73,50.25,0.0294,5,28.45,2.92,0,0.0,0
SHP-01931,Hepatitis-B,Road,Chennai-Kolkata,5.62,6.27,5.23,67.55,0.2366,1,27.74,22.95,0,0.0,0
SHP-01932,Hepatitis-B,Air,Delhi-Mumbai,3.14,5.2,2.95,72.96,0.2244,3,13.56,2.06,0,0.0,0
SHP-01933,Hepatitis-B,Road,Lucknow-Ahmedabad,6.7,8.05,6.61,42.35,0.5601,2,20.11,0.52,1,37.69,0
SHP-01934,Hepatitis-B,Air,Chennai-Kolkata,1.51,3.94,0.64,44.96,0.5001,3,53.09,6.61,1,85.33,0
SHP-01935,Hepatitis-B,Sea,Bengaluru-Pune,0.87,3.35,0.14,53.56,1.7359,2,46.25,7.07,1,89.84,0
SHP-01936,Influenza,Road,Jaipur-Hyderabad,8.82,9.62,7.16,33.29,0.9763,2,29.47,0.3,1,33.81,0
SHP-01937,COVID-19-mRNA,Road,Bengaluru-Pune,2.36,2.64,1.51,55.19,0.3432,4,61.18,8.56,1,36.4,0
SHP-01938,Influenza,Rail,Chennai-Kolkata,0.72,1.34,-0.67,66.86,0.3466,3,37.97,7.48,1,45.57,0
SHP-01939,Polio,Road,Chennai-Kolkata,-0.36,0.65,-0.38,40.61,0.5606,2,58.43,13.27,1,57.65,1
SHP-01940,COVID-19-mRNA,Road,Lucknow-Ahmedabad,6.69,9.45,6.66,56.27,0.0606,4,57.56,0.63,1,110.92,0
SHP-01941,COVID-19-mRNA,Rail,Jaipur-Hyderabad,3.15,3.17,1.98,49.18,4.5601,2,61.97,4.59,1,12.92,0
SHP-01942,Polio,Rail,Chennai-Kolkata,3.37,5.29,2.14,71.4,0.3657,1,62.08,1.24,0,0.0,0
SHP-01943,Influenza,Road,Bengaluru-Pune,3.6,3.65,3.06,49.3,1.2034,1,50.82,2.55,0,0.0,0
SHP-01944,Influenza,Air,Lucknow-Ahmedabad,6.53,9.71,4.38,70.19,1.7111,3,55.46,1.54,1,89.57,0
SHP-01945,Influenza,Road,Bengaluru-Pune,3.55,4.32,2.18,49.03,0.4357,4,57.28,2.98,0,0.0,0
SHP-01946,Hepatitis-B,Rail,Jaipur-Hyderabad,9.86,10.15,9.61,62.71,0.0545,2,17.16,0.6,1,62.44,1
SHP-01947,Polio,Air,Lucknow-Ahmedabad,4.33,5.69,3.87,57.52,0.4259,4,25.82,1.81,0,0.0,0
SHP-01948,COVID-19-mRNA,Air,Lucknow-Ahmedabad,6.65,7.07,5.33,53.62,0.4552,3,12.88,0.37,0,0.0,0
SHP-01949,Polio,Rail,Lucknow-Ahmedabad,6.01,6.45,4.78,47.09,0.7784,2,18.5,3.38,0,0.0,0
SHP-01950,Polio,Air,Delhi-Mumbai,3.91,4.45,3.49,58.23,0.0247,1,57.37,1.76,0,0.0,0
SHP-01951,COVID-19-mRNA,Rail,Lucknow-Ahmedabad,2.53,2.88,1.43,50.59,0.314,4,68.51,4.46,1,25.67,0
SHP-01952,COVID-19-mRNA,Road,Bengaluru-Pune,4.83,6.27,4.73,48.1,1.2805,2,50.46,3.05,0,0.0,0
SHP-01953,Hepatitis-B,Road,Bengaluru-Pune,5.28,6.54,3.23,69.73,2.3722,2,64.48,1.4,0,0.0,0
SHP-01954,Influenza,Air,Jaipur-Hyderabad,2.57,5.18,2.22,60.48,0.1062,2,26.99,0.54,0,0.0,0
SHP-01955,Rotavirus,Rail,Chennai-Kolkata,4.42,5.87,3.45,61.44,1.0224,2,61.82,7.0,0,0.0,0
SHP-01956,Rotavirus,Road,Chennai-Kolkata,7.09,9.2,6.71,51.08,0.0791,2,28.36,5.01,1,114.34,0
SHP-01957,Hepatitis-B,Road,Delhi-Mumbai,9.17,10.62,7.95,53.14,0.92,5,65.02,0.17,1,40.73,1
SHP-01958,Polio,Road,Lucknow-Ahmedabad,6.14,6.67,4.42,52.51,0.1624,7,58.67,22.72,0,0.0,0
SHP-01959,Hepatitis-B,Road,Delhi-Mumbai,8.66,10.5,7.25,58.37,1.6048,2,70.92,5.14,1,37.94,1
SHP-01960,Influenza,Sea,Jaipur-Hyderabad,2.43,3.3,2.26,61.42,0.5945,2,60.6,1.16,0,0.0,0
SHP-01961,COVID-19-mRNA,Road,Jaipur-Hyderabad,5.75,7.15,4.86,54.7,0.2547,2,32.28,9.18,0,0.0,0
SHP-01962,Polio,Road,Chennai-Kolkata,7.35,8.0,6.92,47.07,0.1649,6,13.27,10.69,1,27.07,0
SHP-01963,Influenza,Sea,Jaipur-Hyderabad,1.76,2.84,1.46,62.61,0.1341,2,63.7,4.26,1,34.69,0
SHP-01964,Polio,Road,Lucknow-Ahmedabad,2.79,6.21,2.4,55.33,0.571,4,43.7,10.84,0,0.0,0
SHP-01965,Hepatitis-B,Road,Bengaluru-Pune,8.34,10.33,7.31,40.59,1.1307,3,62.64,0.15,1,92.31,1
SHP-01966,Hepatitis-B,Air,Jaipur-Hyderabad,1.56,3.5,0.53,33.65,0.7031,3,31.55,14.52,1,82.46,0
SHP-01967,COVID-19-mRNA,Rail,Delhi-Mumbai,0.65,0.98,-0.36,57.98,0.9003,0,7.91,0.29,1,46.03,1
SHP-01968,Polio,Road,Lucknow-Ahmedabad,7.82,10.61,7.2,46.71,0.7602,0,9.46,5.14,1,17.3,1
SHP-01969,Polio,Road,Jaipur-Hyderabad,6.99,8.04,6.48,59.31,1.9351,2,50.25,2.12,1,37.83,0
SHP-01970,COVID-19-mRNA,Road,Jaipur-Hyderabad,5.08,6.47,3.99,47.24,0.709,2,13.55,0.2,0,0.0,0
SHP-01971,COVID-19-mRNA,Air,Lucknow-Ahmedabad,3.89,4.13,3.77,56.33,0.118,2,55.2,13.25,0,0.0,0
SHP-01972,Influenza,Road,Jaipur-Hyderabad,2.9,3.46,1.84,51.22,0.7841,2,33.68,0.73,1,117.25,0
SHP-01973,COVID-19-mRNA,Air,Bengaluru-Pune,4.7,4.97,3.68,72.52,0.1944,0,43.17,9.61,0,0.0,0
SHP-01974,Hepatitis-B,Road,Chennai-Kolkata,7.95,8.05,6.83,64.5,2.7363,3,58.88,2.0,1,102.02,0
SHP-01975,COVID-19-mRNA,Road,Lucknow-Ahmedabad,4.6,6.64,4.05,68.47,0.2363,3,22.7,6.76,0,0.0,0
SHP-01976,Rotavirus,Road,Delhi-Mumbai,9.42,10.05,9.34,55.24,0.1732,3,33.25,1.47,1,116.95,1
SHP-01977,COVID-19-mRNA,Road,Jaipur-Hyderabad,1.76,2.44,1.19,63.22,0.1367,7,54.15,4.38,1,26.45,0
SHP-01978,Polio,Rail,Chennai-Kolkata,3.95,5.7,3.85,55.92,0.5372,2,66.62,8.04,0,0.0,0
SHP-01979,Rotavirus,Rail,Delhi-Mumbai,3.07,3.65,1.99,69.7,0.0578,7,25.16,4.18,1,10.27,0
SHP-01980,Influenza,Air,Delhi-Mumbai,1.29,3.18,0.09,54.27,1.5348,2,47.1,1.83,1,89.03,0
SHP-01981,COVID-19-mRNA,Air,Bengaluru-Pune,3.62,5.43,3.21,41.03,0.1743,2,68.78,1.33,0,0.0,0
SHP-01982,Influenza,Road,Chennai-Kolkata,5.04,5.25,4.29,35.01,0.1751,3,48.82,0.96,0,0.0,0
SHP-01983,Polio,Sea,Lucknow-Ahmedabad,5.31,5.52,5.27,71.68,0.0236,2,64.92,9.13,0,0.0,0
SHP-01984,Polio,Rail,Chennai-Kolkata,9.43,10.38,8.74,59.79,0.1412,2,68.02,4.72,1,73.52,1
SHP-01985,COVID-19-mRNA,Rail,Chennai-Kolkata,5.16,6.09,3.39,60.44,0.2715,1,67.34,3.55,0,0.0,0
SHP-01986,COVID-19-mRNA,Road,Delhi-Mumbai,6.88,8.15,5.82,69.9,0.2307,4,56.06,1.44,1,38.4,0
SHP-01987,Influenza,Road,Bengaluru-Pune,4.17,5.64,2.53,38.48,0.1594,2,42.44,2.84,0,0.0,0
SHP-01988,Polio,Road,Bengaluru-Pune,8.2,9.37,7.95,51.41,0.0208,2,12.39,4.84,1,58.79,0
SHP-01989,Polio,Air,Chennai-Kolkata,10.0,11.19,9.78,52.64,0.1788,4,20.7,0.37,1,20.9,1
SHP-01990,Influenza,Air,Chennai-Kolkata,5.33,6.18,5.05,62.42,0.7533,3,22.88,2.24,0,0.0,0
SHP-01991,Influenza,Sea,Jaipur-Hyderabad,1.52,1.72,1.47,48.07,0.2888,5,8.2,1.37,1,101.23,0
SHP-01992,COVID-19-mRNA,Air,Delhi-Mumbai,2.63,2.89,2.2,42.99,0.1718,1,12.73,5.2,0,0.0,0
SHP-01993,Hepatitis-B,Air,Lucknow-Ahmedabad,4.7,6.52,4.18,42.9,0.1818,4,25.45,4.66,0,0.0,0
SHP-01994,COVID-19-mRNA,Air,Lucknow-Ahmedabad,5.14,5.7,5.04,66.49,0.4042,2,11.99,1.78,0,0.0,0
SHP-01995,Influenza,Sea,Bengaluru-Pune,5.75,6.3,4.57,47.57,0.18,6,17.19,0.21,0,0.0,0
SHP-01996,Hepatitis-B,Road,Delhi-Mumbai,5.15,6.36,4.9,49.48,0.4982,1,9.59,1.01,0,0.0,0
SHP-01997,Rotavirus,Road,Bengaluru-Pune,4.02,5.01,1.56,61.34,2.276,4,33.49,0.87,1,23.88,0
SHP-01998,COVID-19-mRNA,Sea,Lucknow-Ahmedabad,2.41,2.76,2.0,48.01,0.021,5,60.21,4.2,1,68.44,0
SHP-01999,COVID-19-mRNA,Road,Chennai-Kolkata,5.0,6.21,3.59,37.95,0.0924,8,59.61,0.93,0,0.0,0
SHP-02000,COVID-19-mRNA,Road,Delhi-Mumbai,8.64,9.83,8.54,39.18,0.0987,2,65.72,3.29,1,66.11,0
SHP-02001,COVID-19-mRNA,Air,Delhi-Mumbai,6.55,8.57,5.36,54.43,0.2963,5,55.21,4.77,1,11.51,0
SHP-02002,COVID-19-mRNA,Air,Jaipur-Hyderabad,5.34,5.49,5.33,59.97,0.0212,1,22.13,10.58,0,0.0,0
SHP-02003,Rotavirus,Rail,Chennai-Kolkata,6.57,6.77,6.0,52.98,0.3246,1,52.36,1.41,0,0.0,0
SHP-02004,COVID-19-mRNA,Rail,Chennai-Kolkata,3.07,5.79,1.57,59.3,1.322,2,55.75,1.03,1,112.76,0
SHP-02005,COVID-19-mRNA,Road,Bengaluru-Pune,2.73,3.39,1.19,38.87,0.0058,5,41.85,0.95,1,108.31,0
SHP-02006,Influenza,Road,Delhi-Mumbai,2.13,2.51,1.16,39.55,0.227,2,59.26,2.23,1,100.5,0
SHP-02007,Polio,Road,Bengaluru-Pune,3.69,4.33,3.56,77.54,0.7154,3,10.7,5.24,0,0.0,0
SHP-02008,Influenza,Air,Chennai-Kolkata,2.94,3.25,2.49,67.33,0.0839,7,45.26,5.57,0,0.0,0
SHP-02009,COVID-19-mRNA,Air,Jaipur-Hyderabad,7.02,8.04,6.26,62.69,0.0404,4,37.67,1.18,1,11.36,0
SHP-02010,Polio,Air,Delhi-Mumbai,2.81,2.98,2.58,48.4,0.4982,3,59.14,0.7,0,0.0,0
SHP-02011,COVID-19-mRNA,Road,Chennai-Kolkata,1.99,2.01,1.28,52.62,0.005,2,14.45,2.98,1,73.47,0
SHP-02012,COVID-19-mRNA,Rail,Jaipur-Hyderabad,8.86,9.23,7.86,54.98,0.8092,3,20.03,0.76,1,44.81,0
SHP-02013,Rotavirus,Road,Lucknow-Ahmedabad,2.87,4.26,2.24,68.14,0.0346,4,42.87,8.38,0,0.0,0
SHP-02014,COVID-19-mRNA,Air,Chennai-Kolkata,4.38,5.4,3.44,59.03,0.3715,1,68.52,0.44,0,0.0,0
SHP-02015,Hepatitis-B,Road,Lucknow-Ahmedabad,5.13,5.86,3.64,60.26,0.6738,2,11.49,6.97,0,0.0,0
SHP-02016,Polio,Rail,Bengaluru-Pune,1.16,2.16,1.12,53.32,0.1385,1,55.06,0.22,1,90.03,0
SHP-02017,Polio,Air,Lucknow-Ahmedabad,7.09,7.59,4.3,62.93,0.0547,3,19.56,8.22,0,0.0,0
SHP-02018,Rotavirus,Air,Chennai-Kolkata,5.59,7.73,5.39,58.02,0.0966,4,12.96,4.93,0,0.0,0
SHP-02019,COVID-19-mRNA,Road,Lucknow-Ahmedabad,7.9,8.76,7.86,55.44,0.9644,4,32.05,1.95,1,106.43,0
SHP-02020,Hepatitis-B,Road,Delhi-Mumbai,2.3,4.0,2.07,47.57,0.6117,5,44.48,2.6,0,0.0,0
SHP-02021,Rotavirus,Road,Chennai-Kolkata,4.25,5.15,3.91,53.86,0.1104,3,60.58,5.6,0,0.0,0
SHP-02022,Hepatitis-B,Rail,Jaipur-Hyderabad,4.1,4.66,3.62,44.2,0.6296,3,47.89,1.03,0,0.0,0
SHP-02023,Rotavirus,Sea,Lucknow-Ahmedabad,4.66,6.02,3.82,54.6,0.6166,3,38.45,11.05,0,0.0,0
SHP-02024,COVID-19-mRNA,Rail,Delhi-Mumbai,0.36,1.45,-0.8,55.89,3.0429,3,24.85,3.3,1,82.87,1
SHP-02025,Polio,Road,Bengaluru-Pune,4.28,6.29,3.04,30.95,0.2484,2,25.31,7.14,0,0.0,0
SHP-02026,COVID-19-mRNA,Road,Bengaluru-Pune,0.43,1.35,-1.12,52.7,1.0007,3,56.86,3.53,1,24.39,1
SHP-02027,Influenza,Air,Lucknow-Ahmedabad,4.9,6.33,3.98,43.24,0.2957,4,13.53,3.01,0,0.0,0
SHP-02028,Rotavirus,Sea,Bengaluru-Pune,-1.32,0.56,-2.24,59.99,1.1402,2,15.67,3.17,1,62.68,1
SHP-02029,COVID-19-mRNA,Road,Jaipur-Hyderabad,-0.63,0.47,-1.04,61.37,0.048,1,53.5,2.26,1,61.97,0
SHP-02030,Hepatitis-B,Air,Chennai-Kolkata,6.05,7.38,4.86,50.74,0.0964,7,69.43,6.6,0,0.0,0
SHP-02031,COVID-19-mRNA,Road,Delhi-Mumbai,2.63,3.05,2.14,60.49,0.9484,2,13.94,9.36,0,0.0,0
SHP-02032,Hepatitis-B,Road,Lucknow-Ahmedabad,1.53,3.16,0.43,60.91,0.8555,1,46.22,9.63,1,111.76,0
SHP-02033,Polio,Road,Bengaluru-Pune,7.18,7.36,6.44,52.7,0.1822,5,21.79,0.65,0,0.0,0
SHP-02034,Rotavirus,Road,Chennai-Kolkata,4.82,5.13,2.84,70.34,0.4542,2,7.7,7.16,0,0.0,0
SHP-02035,Hepatitis-B,Road,Jaipur-Hyderabad,6.18,6.72,6.01,47.75,0.2412,2,60.93,1.12,0,0.0,0
SHP-02036,Polio,Rail,Bengaluru-Pune,3.58,5.68,2.97,69.71,0.0052,3,39.57,0.06,0,0.0,0
SHP-02037,COVID-19-mRNA,Road,Bengaluru-Pune,10.7,11.93,10.65,52.75,0.0132,2,7.58,1.61,1,35.79,1
SHP-02038,COVID-19-mRNA,Road,Delhi-Mumbai,2.49,3.22,2.34,46.57,0.0279,2,65.1,1.73,0,0.0,0
SHP-02039,COVID-19-mRNA,Road,Jaipur-Hyderabad,8.36,11.31,8.22,51.48,0.4508,4,41.36,8.3,1,96.88,1
SHP-02040,COVID-19-mRNA,Road,Jaipur-Hyderabad,3.85,4.51,3.82,44.01,0.1637,4,54.65,6.78,0,0.0,0
SHP-02041,Rotavirus,Rail,Lucknow-Ahmedabad,-0.14,2.45,-1.07,62.85,0.0777,3,33.95,0.44,1,18.52,0
SHP-02042,Hepatitis-B,Road,Delhi-Mumbai,5.21,9.72,4.92,38.97,1.4162,3,18.2,1.97,1,31.12,0
SHP-02043,Hepatitis-B,Road,Lucknow-Ahmedabad,4.79,5.82,3.38,68.9,0.0647,6,36.73,1.45,0,0.0,0
SHP-02044,COVID-19-mRNA,Air,Delhi-Mumbai,1.37,1.61,0.65,45.64,0.5604,5,24.99,4.52,1,95.43,0
SHP-02045,Rotavirus,Sea,Jaipur-Hyderabad,1.69,2.97,1.58,63.37,1.1229,3,25.58,3.9,1,40.61,0
SHP-02046,Influenza,Road,Delhi-Mumbai,3.94,5.14,1.68,55.24,0.0895,3,48.5,5.68,1,24.54,0
SHP-02047,COVID-19-mRNA,Road,Delhi-Mumbai,4.87,7.44,4.11,57.71,0.1209,0,12.21,12.08,0,0.0,0
SHP-02048,Influenza,Air,Delhi-Mumbai,-2.18,-1.01,-4.23,49.1,0.4264,0,32.2,2.73,1,80.52,1
SHP-02049,Hepatitis-B,Air,Chennai-Kolkata,6.63,7.19,5.96,58.53,0.3551,4,42.08,5.33,0,0.0,0
SHP-02050,COVID-19-mRNA,Road,Chennai-Kolkata,2.76,4.18,1.47,56.35,0.3681,1,52.85,12.53,1,113.55,0
SHP-02051,Polio,Rail,Jaipur-Hyderabad,0.67,0.89,0.27,40.42,0.4045,3,47.77,3.9,1,50.25,0
SHP-02052,Polio,Road,Delhi-Mumbai,6.35,7.66,5.83,45.37,1.4969,3,64.49,1.84,0,0.0,0
SHP-02053,COVID-19-mRNA,Sea,Jaipur-Hyderabad,3.94,4.52,1.74,49.59,0.0277,3,71.5,2.58,1,70.11,0
SHP-02054,Rotavirus,Road,Chennai-Kolkata,7.04,7.48,6.92,47.45,0.7145,2,67.87,7.02,0,0.0,0
SHP-02055,Influenza,Road,Delhi-Mumbai,5.09,9.33,3.11,67.53,0.1323,3,56.43,6.37,1,28.55,0
SHP-02056,Hepatitis-B,Air,Lucknow-Ahmedabad,4.0,5.61,3.04,55.07,0.2339,5,51.28,6.9,0,0.0,0
SHP-02057,Polio,Rail,Chennai-Kolkata,3.62,5.34,3.39,47.21,0.0468,4,8.34,6.8,0,0.0,0
SHP-02058,Polio,Air,Chennai-Kolkata,5.21,7.4,5.14,50.09,0.295,4,41.21,12.66,0,0.0,0
SHP-02059,Hepatitis-B,Rail,Chennai-Kolkata,2.97,4.03,2.41,49.96,0.8154,1,49.81,7.22,0,0.0,0
SHP-02060,Hepatitis-B,Sea,Delhi-Mumbai,1.87,1.98,-0.36,52.12,0.052,1,33.25,9.67,1,35.14,0
SHP-02061,COVID-19-mRNA,Sea,Bengaluru-Pune,5.52,7.03,5.52,44.25,0.1612,2,31.4,4.26,0,0.0,0
SHP-02062,Hepatitis-B,Road,Lucknow-Ahmedabad,3.64,6.04,3.23,46.86,0.2335,2,41.81,5.17,0,0.0,0
SHP-02063,Influenza,Road,Lucknow-Ahmedabad,4.08,6.2,2.86,62.67,0.0549,4,65.84,17.17,0,0.0,0
SHP-02064,Polio,Rail,Jaipur-Hyderabad,6.72,7.52,6.0,56.85,0.7184,4,23.22,10.21,0,0.0,0
SHP-02065,COVID-19-mRNA,Air,Delhi-Mumbai,3.72,6.39,2.09,53.48,0.7731,6,32.34,7.51,0,0.0,0
SHP-02066,Influenza,Road,Chennai-Kolkata,4.04,4.04,2.77,55.03,0.9036,6,49.1,5.78,0,0.0,0
SHP-02067,COVID-19-mRNA,Air,Bengaluru-Pune,2.5,6.38,2.05,54.54,0.4384,1,18.28,2.22,0,0.0,0
SHP-02068,COVID-19-mRNA,Road,Delhi-Mumbai,5.08,5.29,3.53,52.91,0.3539,1,61.1,3.97,0,0.0,0
SHP-02069,COVID-19-mRNA,Air,Delhi-Mumbai,4.87,5.74,4.82,60.17,0.1523,2,49.96,0.28,0,0.0,0
SHP-02070,Polio,Air,Bengaluru-Pune,6.25,8.35,5.22,59.43,0.5323,0,29.25,2.69,1,15.48,0
SHP-02071,Influenza,Road,Chennai-Kolkata,2.55,4.47,1.34,39.28,0.294,4,53.66,0.59,1,14.49,0
SHP-02072,Hepatitis-B,Road,Delhi-Mumbai,2.86,3.62,1.48,53.68,1.7664,1,24.44,6.52,1,109.14,0
SHP-02073,COVID-19-mRNA,Road,Lucknow-Ahmedabad,5.98,6.19,4.47,39.94,1.7238,3,57.11,11.14,0,0.0,0
SHP-02074,Rotavirus,Air,Lucknow-Ahmedabad,4.63,5.4,3.84,61.36,1.178,2,10.67,0.96,0,0.0,0
SHP-02075,Rotavirus,Road,Bengaluru-Pune,1.73,2.96,0.79,62.68,0.2232,2,34.17,1.41,1,118.45,0
SHP-02076,Rotavirus,Air,Chennai-Kolkata,7.27,7.49,5.89,48.89,0.2294,6,23.27,9.72,0,0.0,0
SHP-02077,COVID-19-mRNA,Road,Bengaluru-Pune,-0.25,1.42,-0.74,53.83,0.9576,1,59.9,4.41,1,14.71,0
SHP-02078,Polio,Road,Delhi-Mumbai,5.96,8.63,4.8,33.89,0.6531,10,55.68,4.44,1,70.64,0
SHP-02079,Rotavirus,Road,Lucknow-Ahmedabad,0.84,0.91,0.39,64.73,0.6093,0,61.56,4.14,1,79.68,0
SHP-02080,Influenza,Road,Jaipur-Hyderabad,8.71,10.61,8.05,62.1,0.164,0,49.0,1.23,1,15.95,1
SHP-02081,COVID-19-mRNA,Road,Bengaluru-Pune,0.14,1.53,-0.53,66.5,0.8959,4,58.49,1.39,1,90.09,1
SHP-02082,COVID-19-mRNA,Rail,Jaipur-Hyderabad,6.88,7.0,6.61,69.87,0.4331,5,34.96,14.94,0,0.0,0
SHP-02083,Polio,Road,Jaipur-Hyderabad,3.8,6.42,3.54,42.76,0.2961,3,50.75,6.43,0,0.0,0
SHP-02084,Rotavirus,Road,Lucknow-Ahmedabad,3.08,3.94,2.43,63.88,1.0028,5,8.05,0.47,0,0.0,0
SHP-02085,Hepatitis-B,Road,Bengaluru-Pune,4.46,7.34,2.79,69.79,0.2506,1,64.13,1.26,0,0.0,0
SHP-02086,Polio,Air,Jaipur-Hyderabad,5.58,8.85,4.44,40.05,0.5306,0,51.2,4.93,1,91.02,0
SHP-02087,COVID-19-mRNA,Road,Delhi-Mumbai,1.74,3.51,0.66,53.29,0.3136,4,63.16,1.67,1,96.87,0
SHP-02088,Hepatitis-B,Road,Chennai-Kolkata,1.96,3.19,1.17,51.37,0.4491,4,56.88,1.45,1,18.53,0
SHP-02089,Influenza,Road,Chennai-Kolkata,5.62,6.58,5.1,63.55,0.0207,6,24.9,1.13,0,0.0,0
SHP-02090,Polio,Air,Lucknow-Ahmedabad,-0.27,0.42,-1.51,31.06,0.3091,5,24.01,1.03,1,105.05,1
SHP-02091,Influenza,Air,Bengaluru-Pune,2.54,5.01,1.91,73.16,0.4065,1,58.78,4.75,1,14.97,0
SHP-02092,Rotavirus,Sea,Bengaluru-Pune,11.6,13.25,11.49,53.87,0.3393,4,18.19,11.81,1,14.3,1
SHP-02093,COVID-19-mRNA,Road,Chennai-Kolkata,1.58,2.3,0.32,64.16,0.94,2,13.3,2.24,1,70.6,0
SHP-02094,Hepatitis-B,Air,Delhi-Mumbai,6.87,7.68,6.06,54.4,0.1863,3,6.99,0.65,0,0.0,0
SHP-02095,COVID-19-mRNA,Road,Chennai-Kolkata,2.54,3.83,1.98,59.92,1.0774,4,25.7,0.66,1,117.81,0
SHP-02096,Influenza,Road,Chennai-Kolkata,5.27,7.3,3.59,31.79,0.2583,5,12.55,13.57,0,0.0,0
SHP-02097,Hepatitis-B,Rail,Bengaluru-Pune,5.64,6.07,5.55,51.15,0.5929,1,58.91,3.76,0,0.0,0
SHP-02098,Hepatitis-B,Air,Jaipur-Hyderabad,6.82,7.4,6.26,63.48,0.0454,4,37.98,3.14,0,0.0,0
SHP-02099,Influenza,Air,Delhi-Mumbai,3.5,6.67,3.25,57.89,0.1117,4,22.67,11.07,0,0.0,0
SHP-02100,Polio,Rail,Bengaluru-Pune,8.97,9.76,8.56,38.63,0.716,1,45.74,3.54,1,82.56,0
SHP-02101,Rotavirus,Air,Chennai-Kolkata,2.53,3.91,2.25,55.61,0.0062,3,10.64,3.28,0,0.0,0
SHP-02102,Hepatitis-B,Air,Jaipur-Hyderabad,4.59,6.62,4.13,46.81,1.7293,1,53.92,13.06,0,0.0,0
SHP-02103,COVID-19-mRNA,Sea,Delhi-Mumbai,4.61,5.59,4.18,45.95,0.1057,3,39.09,3.22,0,0.0,0
SHP-02104,Hepatitis-B,Road,Lucknow-Ahmedabad,1.2,3.07,1.07,39.79,1.1579,4,6.43,2.48,1,32.13,0
SHP-02105,Influenza,Road,Delhi-Mumbai,3.29,4.04,1.77,61.19,0.3628,2,27.07,4.36,1,35.43,0
SHP-02106,Polio,Air,Delhi-Mumbai,4.4,5.22,3.57,66.13,0.4157,1,55.51,18.91,0,0.0,0
SHP-02107,Rotavirus,Air,Chennai-Kolkata,2.92,3.33,2.26,76.2,0.0439,1,18.42,16.6,0,0.0,0
SHP-02108,Rotavirus,Air,Chennai-Kolkata,10.1,11.04,8.87,40.26,0.2272,0,69.48,7.47,1,73.19,1
SHP-02109,COVID-19-mRNA,Rail,Lucknow-Ahmedabad,1.9,3.14,0.66,62.67,0.0849,3,65.18,3.46,1,64.72,0
SHP-02110,Rotavirus,Road,Lucknow-Ahmedabad,6.95,7.35,5.97,63.33,0.3732,3,57.36,10.66,0,0.0,0
SHP-02111,COVID-19-mRNA,Road,Lucknow-Ahmedabad,6.14,6.88,5.87,49.19,0.4001,8,11.18,2.72,0,0.0,0
SHP-02112,COVID-19-mRNA,Sea,Bengaluru-Pune,3.97,4.98,0.97,45.82,0.6184,2,29.35,5.11,1,25.52,0
SHP-02113,COVID-19-mRNA,Road,Bengaluru-Pune,1.84,2.25,0.59,44.14,1.053,4,25.68,0.99,1,116.62,0
SHP-02114,Rotavirus,Air,Chennai-Kolkata,2.08,2.57,1.13,49.73,0.3157,2,15.08,5.41,1,73.22,0
SHP-02115,Hepatitis-B,Road,Chennai-Kolkata,2.71,2.78,1.96,57.03,0.1329,4,71.97,1.62,1,41.55,0
SHP-02116,COVID-19-mRNA,Sea,Lucknow-Ahmedabad,-0.46,0.23,-0.53,68.6,0.2029,6,15.72,7.39,1,88.41,1
SHP-02117,Polio,Rail,Bengaluru-Pune,1.49,2.08,0.71,66.05,0.939,4,26.81,2.67,1,106.81,0
SHP-02118,Hepatitis-B,Air,Jaipur-Hyderabad,0.29,0.84,-0.78,38.85,0.0788,3,64.09,2.54,1,42.61,0
SHP-02119,COVID-19-mRNA,Road,Bengaluru-Pune,7.36,8.64,6.37,47.11,0.4934,2,15.53,6.86,1,45.7,0
SHP-02120,Rotavirus,Road,Chennai-Kolkata,5.55,5.88,4.95,68.0,0.0066,1,36.99,2.77,0,0.0,0
SHP-02121,Influenza,Sea,Bengaluru-Pune,5.96,6.95,5.86,47.69,0.141,4,70.4,6.26,0,0.0,0
SHP-02122,Hepatitis-B,Air,Chennai-Kolkata,5.47,7.67,4.55,54.43,0.4475,1,22.32,9.66,0,0.0,0
SHP-02123,Rotavirus,Road,Lucknow-Ahmedabad,4.42,5.89,3.67,37.95,0.3048,2,52.4,0.74,0,0.0,0
SHP-02124,Polio,Rail,Lucknow-Ahmedabad,7.65,7.67,7.52,66.53,0.3402,0,11.28,3.26,0,0.0,0
SHP-02125,Rotavirus,Road,Lucknow-Ahmedabad,2.47,2.79,2.08,35.87,0.5402,6,45.66,14.49,0,0.0,0
SHP-02126,Hepatitis-B,Road,Jaipur-Hyderabad,4.27,5.84,1.68,38.57,0.1337,1,28.38,8.36,1,73.25,0
SHP-02127,Hepatitis-B,Air,Jaipur-Hyderabad,5.87,6.58,5.85,65.51,0.1648,3,52.17,18.17,0,0.0,0
SHP-02128,COVID-19-mRNA,Road,Chennai-Kolkata,0.7,2.76,-0.05,74.2,0.5767,2,34.57,9.84,1,65.18,1
SHP-02129,Rotavirus,Road,Delhi-Mumbai,11.74,11.85,10.34,52.09,0.3864,2,25.73,1.86,1,74.07,1
SHP-02130,Polio,Sea,Jaipur-Hyderabad,4.07,4.53,1.13,54.53,0.0073,2,42.04,0.99,1,59.99,0
SHP-02131,COVID-19-mRNA,Road,Chennai-Kolkata,4.35,4.75,4.0,64.08,0.5548,0,15.22,1.18,0,0.0,0
SHP-02132,COVID-19-mRNA,Road,Bengaluru-Pune,7.14,9.35,5.42,57.89,0.4839,4,59.75,1.22,1,34.01,0
SHP-02133,Hepatitis-B,Road,Lucknow-Ahmedabad,6.29,10.02,6.17,51.27,0.0409,3,55.55,0.39,1,115.83,1
SHP-02134,Hepatitis-B,Air,Lucknow-Ahmedabad,4.1,5.78,3.89,50.15,0.6882,7,41.97,11.86,0,0.0,0
SHP-02135,Influenza,Road,Lucknow-Ahmedabad,4.33,5.51,2.35,39.33,0.3692,0,30.23,3.49,0,0.0,0
SHP-02136,Rotavirus,Road,Chennai-Kolkata,0.24,0.92,-1.43,57.33,0.1145,5,66.4,0.53,1,19.58,0
SHP-02137,COVID-19-mRNA,Rail,Lucknow-Ahmedabad,2.61,7.61,1.74,54.08,0.4098,2,47.87,7.19,1,119.27,0
SHP-02138,Influenza,Road,Jaipur-Hyderabad,5.29,7.22,4.71,50.62,0.4525,3,24.8,1.97,0,0.0,0
SHP-02139,COVID-19-mRNA,Road,Bengaluru-Pune,5.11,6.65,4.43,44.98,1.2636,4,59.24,0.37,0,0.0,0
SHP-02140,Rotavirus,Air,Lucknow-Ahmedabad,7.05,7.81,6.79,45.99,0.6777,1,47.91,1.05,0,0.0,0
SHP-02141,Influenza,Sea,Chennai-Kolkata,3.7,3.95,3.46,61.18,0.1797,2,14.38,5.36,0,0.0,0
SHP-02142,Hepatitis-B,Air,Bengaluru-Pune,0.53,1.14,-1.03,63.82,0.0629,6,13.54,7.9,1,68.79,1
SHP-02143,Influenza,Rail,Lucknow-Ahmedabad,6.64,7.6,5.58,51.73,0.9593,2,67.91,1.46,0,0.0,0
SHP-02144,Polio,Road,Delhi-Mumbai,7.59,8.93,7.48,50.68,0.9356,2,25.0,4.3,1,60.15,0
SHP-02145,Polio,Sea,Lucknow-Ahmedabad,6.25,7.47,6.14,46.46,0.0964,1,49.79,0.0,0,0.0,0
SHP-02146,Influenza,Road,Jaipur-Hyderabad,3.59,3.97,2.99,64.37,0.0321,4,8.4,1.63,0,0.0,0
SHP-02147,Polio,Rail,Bengaluru-Pune,6.61,7.23,5.82,55.31,0.6222,2,42.73,1.0,0,0.0,0
SHP-02148,Polio,Air,Jaipur-Hyderabad,12.57,14.21,12.26,58.68,0.6411,3,21.25,0.4,1,84.31,1
SHP-02149,Polio,Road,Delhi-Mumbai,4.29,5.41,2.54,58.58,0.0975,2,15.22,3.31,0,0.0,0
SHP-02150,Influenza,Road,Delhi-Mumbai,0.72,2.06,-0.07,51.92,0.5516,2,57.05,4.99,1,32.03,0
SHP-02151,Polio,Rail,Jaipur-Hyderabad,2.53,3.79,1.48,43.35,0.1635,4,59.43,0.24,1,64.03,0
SHP-02152,COVID-19-mRNA,Air,Bengaluru-Pune,5.56,6.65,3.51,45.04,0.151,4,53.2,0.74,0,0.0,0
SHP-02153,Influenza,Sea,Delhi-Mumbai,-0.01,0.76,-1.83,66.28,0.1962,3,6.74,13.46,1,84.48,0
SHP-02154,Influenza,Rail,Delhi-Mumbai,4.42,5.79,3.57,47.74,0.3674,4,24.8,1.26,0,0.0,0
SHP-02155,COVID-19-mRNA,Road,Lucknow-Ahmedabad,4.95,6.69,4.23,50.9,0.816,4,29.82,7.14,0,0.0,0
SHP-02156,COVID-19-mRNA,Rail,Chennai-Kolkata,7.84,9.45,6.7,43.66,0.3452,3,51.6,6.89,1,19.54,0
SHP-02157,COVID-19-mRNA,Road,Delhi-Mumbai,7.28,7.67,5.42,42.84,0.1769,1,55.87,1.94,0,0.0,0
SHP-02158,Polio,Road,Bengaluru-Pune,6.16,8.69,4.63,47.31,1.077,2,47.44,1.14,1,82.14,0
SHP-02159,Polio,Road,Bengaluru-Pune,-1.41,0.88,-2.36,71.88,0.0283,3,58.08,1.4,1,93.49,1
SHP-02160,Influenza,Road,Lucknow-Ahmedabad,6.3,8.95,5.42,61.58,0.7975,0,34.2,4.17,1,40.16,0
SHP-02161,Hepatitis-B,Road,Bengaluru-Pune,5.76,6.31,4.83,49.73,0.7671,3,41.76,2.4,0,0.0,0
SHP-02162,Hepatitis-B,Road,Lucknow-Ahmedabad,4.64,5.21,3.0,65.83,0.1462,2,10.24,3.42,0,0.0,0
SHP-02163,Polio,Road,Delhi-Mumbai,-0.33,-0.03,-1.41,53.48,0.1105,5,34.19,8.35,1,10.5,1
SHP-02164,Influenza,Road,Delhi-Mumbai,2.06,3.1,0.64,68.54,1.0385,1,34.55,3.49,1,73.42,0
SHP-02165,Polio,Road,Delhi-Mumbai,1.08,1.19,0.37,77.12,0.4092,0,46.36,26.73,1,83.6,0
SHP-02166,Rotavirus,Air,Delhi-Mumbai,-1.04,0.07,-1.37,65.28,0.0236,1,30.94,5.48,1,40.41,0
SHP-02167,Hepatitis-B,Rail,Chennai-Kolkata,3.99,5.04,2.72,55.95,1.1074,2,21.74,1.16,0,0.0,0
SHP-02168,COVID-19-mRNA,Road,Chennai-Kolkata,2.01,2.74,1.88,61.99,0.2146,2,21.68,3.46,1,36.7,0
SHP-02169,Hepatitis-B,Road,Delhi-Mumbai,10.56,11.92,10.45,55.15,0.2094,2,14.84,8.39,1,88.71,1
SHP-02170,Polio,Air,Bengaluru-Pune,3.58,4.73,3.26,36.64,0.5154,5,52.27,1.23,0,0.0,0
SHP-02171,Hepatitis-B,Road,Lucknow-Ahmedabad,7.23,9.29,6.85,48.45,0.5413,4,47.09,6.54,1,105.91,0
SHP-02172,COVID-19-mRNA,Rail,Jaipur-Hyderabad,0.08,0.83,-0.93,45.48,0.2179,3,44.23,0.17,1,69.92,1
SHP-02173,COVID-19-mRNA,Road,Lucknow-Ahmedabad,2.67,4.64,1.79,48.23,0.0773,5,41.05,14.29,1,30.31,0
SHP-02174,Rotavirus,Road,Jaipur-Hyderabad,4.24,5.51,3.8,72.94,0.4018,3,30.26,5.44,0,0.0,0
SHP-02175,COVID-19-mRNA,Air,Jaipur-Hyderabad,1.73,2.83,0.39,66.22,0.4907,5,56.74,0.89,1,95.54,0
SHP-02176,Influenza,Road,Delhi-Mumbai,2.94,3.24,2.92,59.41,0.9839,3,66.85,10.37,0,0.0,0
SHP-02177,COVID-19-mRNA,Sea,Jaipur-Hyderabad,3.46,4.01,2.95,63.12,0.3313,4,35.04,0.43,0,0.0,0
SHP-02178,Hepatitis-B,Rail,Delhi-Mumbai,3.42,6.76,2.66,36.08,0.5188,2,33.0,2.6,0,0.0,0
SHP-02179,Hepatitis-B,Air,Chennai-Kolkata,8.64,8.88,7.81,62.28,0.028,5,16.74,6.68,1,102.98,0
SHP-02180,Hepatitis-B,Road,Bengaluru-Pune,4.95,5.45,3.99,64.4,1.1246,1,50.27,13.86,0,0.0,0
SHP-02181,Polio,Air,Jaipur-Hyderabad,5.2,6.61,4.42,32.6,0.1982,4,42.83,2.14,0,0.0,0
SHP-02182,COVID-19-mRNA,Road,Bengaluru-Pune,5.35,6.74,4.66,62.65,0.5001,2,71.21,8.87,0,0.0,0
SHP-02183,COVID-19-mRNA,Rail,Delhi-Mumbai,5.53,5.88,3.6,40.76,1.2388,3,44.57,1.1,0,0.0,0
SHP-02184,Polio,Rail,Jaipur-Hyderabad,3.79,4.03,3.28,35.3,0.8318,4,25.05,0.18,0,0.0,0
SHP-02185,Hepatitis-B,Air,Lucknow-Ahmedabad,3.2,6.23,2.73,68.26,0.5076,3,43.15,0.15,0,0.0,0
SHP-02186,Rotavirus,Sea,Chennai-Kolkata,4.42,4.57,4.05,44.93,0.608,2,70.99,5.37,0,0.0,0
SHP-02187,Rotavirus,Road,Chennai-Kolkata,6.89,7.55,5.57,47.84,1.2686,3,53.74,0.84,0,0.0,0
SHP-02188,Influenza,Road,Jaipur-Hyderabad,6.82,7.78,4.88,64.9,0.8359,8,14.49,0.26,0,0.0,0
SHP-02189,Influenza,Road,Chennai-Kolkata,3.4,5.99,2.92,51.95,0.4706,3,28.65,18.81,0,0.0,0
SHP-02190,Hepatitis-B,Road,Lucknow-Ahmedabad,5.92,7.15,5.2,53.2,0.5375,3,25.71,1.39,0,0.0,0
SHP-02191,COVID-19-mRNA,Road,Bengaluru-Pune,3.51,7.04,1.75,52.98,0.0797,3,62.55,3.1,1,59.08,0
SHP-02192,Rotavirus,Road,Lucknow-Ahmedabad,4.08,4.09,3.31,58.48,0.3176,5,46.34,4.75,0,0.0,0
SHP-02193,Hepatitis-B,Road,Chennai-Kolkata,2.82,3.12,2.46,52.74,0.1791,2,59.47,0.78,0,0.0,0
SHP-02194,Hepatitis-B,Air,Bengaluru-Pune,3.55,6.91,2.22,56.14,0.2828,4,17.63,2.21,0,0.0,0
SHP-02195,COVID-19-mRNA,Rail,Lucknow-Ahmedabad,7.35,10.1,6.4,49.96,0.5427,2,65.93,5.22,1,39.95,1
SHP-02196,Polio,Road,Delhi-Mumbai,4.23,5.58,2.97,58.52,0.0808,4,9.85,5.1,0,0.0,0
SHP-02197,Polio,Air,Delhi-Mumbai,4.34,4.54,3.06,58.14,0.0088,4,30.74,9.23,0,0.0,0
SHP-02198,Rotavirus,Rail,Bengaluru-Pune,0.38,0.68,0.32,73.98,0.2529,2,6.93,2.88,1,60.41,0
SHP-02199,Hepatitis-B,Sea,Bengaluru-Pune,3.23,4.05,2.84,51.19,0.1944,4,18.16,11.03,0,0.0,0
SHP-02200,Polio,Sea,Bengaluru-Pune,3.4,3.52,3.06,53.16,0.2727,3,69.51,5.73,0,0.0,0
SHP-02201,Rotavirus,Road,Delhi-Mumbai,1.93,3.82,0.25,57.39,1.3384,5,11.18,4.13,1,47.33,0
SHP-02202,COVID-19-mRNA,Air,Lucknow-Ahmedabad,4.05,4.59,3.92,64.64,0.6139,6,15.6,0.62,0,0.0,0
SHP-02203,Polio,Road,Bengaluru-Pune,2.93,6.41,0.68,44.08,0.1983,5,67.04,4.27,1,92.93,0
SHP-02204,COVID-19-mRNA,Air,Delhi-Mumbai,4.2,4.24,3.96,56.04,0.0988,3,52.87,4.52,0,0.0,0
SHP-02205,Influenza,Sea,Bengaluru-Pune,4.3,5.2,3.11,29.92,0.4818,1,32.86,7.11,0,0.0,0
SHP-02206,Rotavirus,Air,Bengaluru-Pune,1.61,3.14,1.52,52.28,0.5359,5,10.54,6.35,1,60.48,0
SHP-02207,COVID-19-mRNA,Road,Bengaluru-Pune,3.0,5.64,1.47,65.73,0.3305,3,57.81,3.77,1,68.35,0
SHP-02208,Rotavirus,Road,Delhi-Mumbai,4.19,4.69,3.74,47.74,0.1196,3,38.52,4.49,0,0.0,0
SHP-02209,COVID-19-mRNA,Road,Lucknow-Ahmedabad,6.96,9.05,5.12,56.77,0.0145,4,27.32,7.4,1,89.3,0
SHP-02210,Rotavirus,Rail,Delhi-Mumbai,4.64,5.12,4.53,49.71,0.1544,1,29.81,2.17,0,0.0,0
SHP-02211,Influenza,Road,Delhi-Mumbai,2.35,3.79,2.05,46.41,0.3055,3,39.35,0.72,0,0.0,0
SHP-02212,Influenza,Air,Bengaluru-Pune,5.0,7.62,3.92,64.71,0.7754,4,42.38,10.37,0,0.0,0
SHP-02213,COVID-19-mRNA,Road,Jaipur-Hyderabad,8.27,9.05,6.45,44.55,0.9612,3,59.99,16.76,1,86.57,0
SHP-02214,Rotavirus,Road,Jaipur-Hyderabad,6.29,6.3,5.38,57.93,0.2663,2,56.93,2.8,0,0.0,0
SHP-02215,Influenza,Air,Jaipur-Hyderabad,5.37,6.4,4.93,58.08,0.7951,3,56.63,23.18,0,0.0,0
SHP-02216,Polio,Road,Delhi-Mumbai,5.81,6.23,5.14,46.48,2.5068,4,54.13,1.95,0,0.0,0
SHP-02217,Influenza,Road,Bengaluru-Pune,7.6,7.7,7.43,56.56,0.6305,4,56.01,0.34,0,0.0,0
SHP-02218,COVID-19-mRNA,Road,Jaipur-Hyderabad,6.69,8.68,5.23,45.65,0.6521,2,50.72,4.25,1,14.22,0
SHP-02219,Rotavirus,Sea,Chennai-Kolkata,5.42,5.82,5.38,60.22,1.2014,2,63.29,10.13,0,0.0,0
SHP-02220,COVID-19-mRNA,Sea,Chennai-Kolkata,6.67,7.61,6.31,41.85,0.2064,2,42.79,4.8,0,0.0,0
SHP-02221,Influenza,Sea,Chennai-Kolkata,1.3,1.48,0.09,51.6,0.0056,2,40.38,0.05,1,16.49,0
SHP-02222,Hepatitis-B,Air,Lucknow-Ahmedabad,0.24,1.6,-1.08,52.47,2.1705,4,52.29,0.06,1,90.99,1
SHP-02223,COVID-19-mRNA,Air,Bengaluru-Pune,4.39,4.97,3.39,66.13,0.3371,0,16.96,6.44,0,0.0,0
SHP-02224,COVID-19-mRNA,Road,Delhi-Mumbai,4.17,5.49,2.8,56.4,0.7701,4,57.28,9.33,0,0.0,0
SHP-02225,COVID-19-mRNA,Rail,Delhi-Mumbai,2.64,4.62,1.27,64.55,0.837,3,67.79,1.46,1,104.08,0
SHP-02226,Polio,Sea,Bengaluru-Pune,6.06,6.3,5.76,60.55,0.2533,3,25.55,3.18,0,0.0,0
SHP-02227,Polio,Rail,Lucknow-Ahmedabad,-0.66,0.13,-1.44,60.48,0.3897,3,46.33,16.23,1,18.59,1
SHP-02228,Hepatitis-B,Air,Bengaluru-Pune,2.66,3.17,1.58,51.68,0.3882,2,8.15,3.09,1,60.64,0
SHP-02229,COVID-19-mRNA,Sea,Lucknow-Ahmedabad,2.79,3.86,2.74,65.21,0.1244,6,56.54,0.73,0,0.0,0
SHP-02230,COVID-19-mRNA,Road,Jaipur-Hyderabad,-0.09,0.83,-1.99,51.44,0.0626,3,42.94,12.13,1,65.93,0
SHP-02231,Influenza,Air,Jaipur-Hyderabad,7.74,9.32,6.88,37.7,0.3922,2,50.46,3.42,1,116.24,0
SHP-02232,COVID-19-mRNA,Road,Lucknow-Ahmedabad,0.6,0.82,-1.13,52.85,0.064,4,15.44,2.11,1,23.68,0
SHP-02233,Rotavirus,Air,Bengaluru-Pune,2.53,3.58,2.25,59.53,0.2124,4,59.42,0.51,0,0.0,0
SHP-02234,Rotavirus,Road,Jaipur-Hyderabad,6.27,6.3,5.48,38.93,0.1029,3,22.89,3.06,0,0.0,0
SHP-02235,Hepatitis-B,Road,Bengaluru-Pune,5.62,7.68,4.69,46.15,0.6136,4,51.2,7.34,0,0.0,0
SHP-02236,Hepatitis-B,Road,Jaipur-Hyderabad,1.23,1.67,-0.1,42.69,1.0279,4,45.15,6.31,1,97.64,1
SHP-02237,Rotavirus,Road,Bengaluru-Pune,5.71,6.6,5.48,62.87,0.4313,5,49.15,3.43,0,0.0,0
SHP-02238,COVID-19-mRNA,Rail,Bengaluru-Pune,4.72,5.85,3.26,71.73,0.2639,3,9.32,6.36,0,0.0,0
SHP-02239,COVID-19-mRNA,Road,Chennai-Kolkata,9.83,11.37,9.53,52.9,2.8483,4,54.96,2.16,1,76.9,1
SHP-02240,COVID-19-mRNA,Road,Lucknow-Ahmedabad,5.01,8.49,4.67,60.32,0.0107,1,58.49,6.65,1,77.14,0
SHP-02241,Influenza,Rail,Delhi-Mumbai,3.65,4.83,3.15,60.06,0.1814,0,37.34,0.45,0,0.0,0
SHP-02242,COVID-19-mRNA,Sea,Lucknow-Ahmedabad,1.86,3.63,0.47,70.54,0.1633,5,32.98,1.11,1,77.85,0
SHP-02243,Hepatitis-B,Air,Bengaluru-Pune,2.14,2.4,0.84,48.47,0.2202,1,28.61,10.51,1,22.82,0
SHP-02244,Rotavirus,Road,Bengaluru-Pune,1.94,3.25,1.75,52.8,0.1311,4,67.24,1.74,1,79.74,0
SHP-02245,Rotavirus,Road,Lucknow-Ahmedabad,7.43,7.56,6.66,51.59,0.1534,2,55.83,1.15,0,0.0,0
SHP-02246,Hepatitis-B,Air,Bengaluru-Pune,4.04,5.62,3.09,55.75,0.149,6,52.11,0.47,0,0.0,0
SHP-02247,COVID-19-mRNA,Road,Jaipur-Hyderabad,5.41,5.58,4.26,80.04,0.3524,3,67.09,2.5,0,0.0,0
SHP-02248,Influenza,Rail,Bengaluru-Pune,7.79,8.68,6.9,55.31,0.248,2,29.02,0.35,1,79.92,0
SHP-02249,Hepatitis-B,Air,Lucknow-Ahmedabad,-1.9,-1.29,-3.32,46.45,0.5098,3,47.59,3.44,1,10.34,0
SHP-02250,COVID-19-mRNA,Rail,Lucknow-Ahmedabad,7.2,8.11,5.83,43.46,0.3612,3,51.28,12.58,1,23.42,0
SHP-02251,COVID-19-mRNA,Rail,Lucknow-Ahmedabad,4.14,5.89,2.17,67.53,0.1013,1,71.75,7.74,0,0.0,0
SHP-02252,Rotavirus,Sea,Chennai-Kolkata,5.09,5.45,3.98,46.41,0.8305,5,34.19,0.21,0,0.0,0
SHP-02253,Hepatitis-B,Road,Chennai-Kolkata,1.93,1.97,-0.14,61.64,0.3195,0,32.41,1.78,1,115.19,1
SHP-02254,Influenza,Sea,Chennai-Kolkata,2.11,3.36,1.74,48.2,0.0832,2,11.58,1.04,1,108.35,0
SHP-02255,Rotavirus,Road,Chennai-Kolkata,5.22,6.51,5.12,42.33,0.0913,3,12.5,0.35,0,0.0,0
SHP-02256,Hepatitis-B,Road,Chennai-Kolkata,9.96,11.39,9.43,61.05,0.7972,2,39.78,0.58,1,44.14,1
SHP-02257,Hepatitis-B,Air,Chennai-Kolkata,6.51,6.91,6.5,48.69,0.607,2,17.3,11.94,0,0.0,0
SHP-02258,Polio,Air,Chennai-Kolkata,7.16,7.9,6.42,59.25,0.3531,4,10.81,1.86,0,0.0,0
SHP-02259,Polio,Road,Lucknow-Ahmedabad,3.52,4.73,2.62,59.99,0.1827,4,69.68,2.49,0,0.0,0
SHP-02260,Polio,Road,Delhi-Mumbai,2.5,5.25,2.29,60.46,0.3086,3,68.79,3.32,0,0.0,0
SHP-02261,Influenza,Road,Chennai-Kolkata,2.05,5.31,0.98,52.32,0.506,3,27.47,6.83,1,80.01,0
SHP-02262,Hepatitis-B,Air,Lucknow-Ahmedabad,2.78,3.31,1.68,61.86,1.0572,3,58.13,8.01,1,98.08,0
SHP-02263,Rotavirus,Road,Delhi-Mumbai,-1.13,-0.99,-1.53,45.77,0.4058,2,63.59,16.58,1,31.12,1
SHP-02264,Polio,Air,Chennai-Kolkata,2.19,2.47,2.09,30.46,0.162,4,36.67,1.18,0,0.0,0
SHP-02265,Hepatitis-B,Rail,Delhi-Mumbai,2.6,4.26,1.66,62.07,0.0218,6,20.76,1.79,1,105.75,0
SHP-02266,Hepatitis-B,Air,Delhi-Mumbai,3.56,5.52,3.14,56.66,0.0965,3,14.57,1.88,0,0.0,0
SHP-02267,Hepatitis-B,Air,Jaipur-Hyderabad,4.33,7.0,3.75,48.9,0.5252,0,15.29,2.95,0,0.0,0
SHP-02268,Influenza,Road,Bengaluru-Pune,4.91,5.62,4.48,40.29,0.0874,0,58.6,8.24,0,0.0,0
SHP-02269,COVID-19-mRNA,Road,Jaipur-Hyderabad,3.96,5.92,3.15,34.63,0.3284,5,31.37,1.37,0,0.0,0
SHP-02270,Hepatitis-B,Road,Delhi-Mumbai,2.55,5.18,1.89,55.52,0.6002,5,51.77,7.64,1,39.64,0
SHP-02271,COVID-19-mRNA,Road,Lucknow-Ahmedabad,-0.91,-0.25,-1.53,71.49,0.1842,2,41.55,1.14,1,92.02,1
SHP-02272,Polio,Sea,Chennai-Kolkata,2.56,3.8,2.35,53.61,0.553,2,32.05,6.19,0,0.0,0
SHP-02273,Polio,Road,Bengaluru-Pune,1.57,1.93,-0.2,51.39,0.435,4,14.17,8.02,1,87.69,0
SHP-02274,Hepatitis-B,Air,Chennai-Kolkata,5.17,5.6,3.79,54.76,0.289,1,28.01,9.61,0,0.0,0
SHP-02275,Rotavirus,Road,Lucknow-Ahmedabad,6.27,7.06,4.98,76.79,1.1377,2,61.45,3.57,0,0.0,0
SHP-02276,Hepatitis-B,Rail,Bengaluru-Pune,6.35,7.91,5.61,62.52,0.5889,6,59.55,1.99,0,0.0,0
SHP-02277,Influenza,Road,Jaipur-Hyderabad,5.89,7.61,4.33,45.66,0.2236,2,7.87,7.4,0,0.0,0
SHP-02278,Hepatitis-B,Air,Delhi-Mumbai,3.67,6.42,0.53,55.28,0.8155,4,15.26,1.94,1,75.05,0
SHP-02279,Hepatitis-B,Rail,Lucknow-Ahmedabad,2.7,5.1,1.26,58.32,0.6699,5,55.89,0.8,1,85.04,0
SHP-02280,COVID-19-mRNA,Road,Delhi-Mumbai,2.13,3.45,1.21,44.44,0.7843,1,28.16,9.0,1,24.41,0
SHP-02281,COVID-19-mRNA,Road,Delhi-Mumbai,0.23,0.34,-1.08,62.59,0.5122,2,48.48,2.65,1,119.12,0
SHP-02282,Polio,Air,Chennai-Kolkata,6.48,9.05,5.29,46.82,0.2385,5,43.14,4.23,1,15.65,0
SHP-02283,Polio,Air,Lucknow-Ahmedabad,3.56,5.41,3.2,39.89,0.2143,4,49.04,12.53,0,0.0,0
SHP-02284,COVID-19-mRNA,Road,Delhi-Mumbai,0.88,1.39,-0.81,55.76,0.5309,1,9.54,0.73,1,18.33,0
SHP-02285,COVID-19-mRNA,Air,Jaipur-Hyderabad,1.93,3.16,1.32,54.18,0.0701,3,67.45,4.07,1,105.77,0
SHP-02286,COVID-19-mRNA,Road,Bengaluru-Pune,1.83,6.33,-0.3,54.99,0.8572,7,7.38,4.09,1,90.14,1
SHP-02287,Rotavirus,Road,Lucknow-Ahmedabad,4.11,4.27,2.96,47.35,0.2313,5,6.53,9.9,0,0.0,0
SHP-02288,Polio,Road,Chennai-Kolkata,6.67,7.62,6.35,48.75,0.4976,0,20.93,2.09,0,0.0,0
SHP-02289,Polio,Sea,Lucknow-Ahmedabad,3.13,3.39,3.0,66.28,0.3456,1,71.57,2.56,0,0.0,0
SHP-02290,COVID-19-mRNA,Rail,Chennai-Kolkata,-1.63,-1.26,-2.38,59.41,0.3663,5,10.79,3.66,1,68.66,1
SHP-02291,Hepatitis-B,Road,Bengaluru-Pune,3.53,4.31,1.63,45.43,0.6697,4,63.72,0.91,1,80.3,0
SHP-02292,COVID-19-mRNA,Air,Jaipur-Hyderabad,3.61,4.27,2.37,35.49,0.4926,1,16.5,3.18,0,0.0,0
SHP-02293,COVID-19-mRNA,Air,Delhi-Mumbai,3.44,5.32,2.1,45.86,0.144,3,13.2,2.86,0,0.0,0
SHP-02294,Hepatitis-B,Road,Lucknow-Ahmedabad,2.43,3.43,2.08,56.57,0.0386,2,57.41,1.1,0,0.0,0
SHP-02295,COVID-19-mRNA,Air,Chennai-Kolkata,4.54,5.68,3.88,48.68,0.917,1,61.88,8.95,0,0.0,0
SHP-02296,COVID-19-mRNA,Sea,Bengaluru-Pune,4.17,6.8,3.77,47.9,1.081,6,58.28,2.82,0,0.0,0
SHP-02297,COVID-19-mRNA,Air,Delhi-Mumbai,3.94,5.29,3.65,49.11,0.0899,1,21.91,1.83,0,0.0,0
SHP-02298,COVID-19-mRNA,Road,Bengaluru-Pune,5.03,8.05,4.27,54.27,0.1852,1,64.07,0.7,1,105.14,0
SHP-02299,COVID-19-mRNA,Road,Jaipur-Hyderabad,2.93,5.52,2.37,62.85,0.1659,4,10.74,0.47,0,0.0,0
SHP-02300,Polio,Road,Delhi-Mumbai,2.78,3.53,1.44,55.0,1.3859,3,28.57,16.12,1,67.05,0
SHP-02301,Influenza,Air,Delhi-Mumbai,7.45,7.88,6.93,55.62,0.1146,2,36.57,26.65,0,0.0,0
SHP-02302,Hepatitis-B,Road,Delhi-Mumbai,5.4,7.39,5.37,52.75,0.0911,2,10.47,11.41,0,0.0,0
SHP-02303,Hepatitis-B,Road,Chennai-Kolkata,6.07,6.15,5.31,50.01,0.1003,5,44.27,3.07,0,0.0,0
SHP-02304,COVID-19-mRNA,Rail,Delhi-Mumbai,7.07,7.44,6.59,63.94,0.6544,5,42.92,8.25,0,0.0,0
SHP-02305,Rotavirus,Air,Bengaluru-Pune,5.31,6.18,4.5,62.42,1.0947,3,71.48,8.99,0,0.0,0
SHP-02306,Polio,Sea,Chennai-Kolkata,6.32,7.63,4.82,75.45,0.2499,0,47.03,1.78,0,0.0,0
SHP-02307,COVID-19-mRNA,Rail,Delhi-Mumbai,0.05,0.26,-1.05,61.11,0.0731,1,32.24,4.41,1,82.8,0
SHP-02308,Hepatitis-B,Road,Bengaluru-Pune,4.51,6.31,4.23,50.02,0.4406,1,58.15,15.71,0,0.0,0
SHP-02309,COVID-19-mRNA,Rail,Bengaluru-Pune,3.54,3.67,2.72,45.95,0.1178,1,28.11,1.64,0,0.0,0
SHP-02310,Polio,Air,Lucknow-Ahmedabad,8.19,8.39,7.1,64.53,0.0332,0,41.17,5.44,1,98.9,0
SHP-02311,Hepatitis-B,Sea,Bengaluru-Pune,6.32,7.53,5.64,46.85,1.0868,1,9.66,5.43,0,0.0,0
SHP-02312,Rotavirus,Road,Jaipur-Hyderabad,2.42,2.67,2.41,63.1,1.0234,3,27.3,3.01,0,0.0,0
SHP-02313,Polio,Road,Delhi-Mumbai,4.93,5.17,3.34,47.4,1.863,5,40.86,3.37,0,0.0,0
SHP-02314,Influenza,Road,Delhi-Mumbai,4.42,6.18,3.16,58.49,0.3212,4,52.35,3.05,0,0.0,0
SHP-02315,Rotavirus,Air,Delhi-Mumbai,5.14,7.54,4.56,44.4,0.1741,0,12.54,3.68,0,0.0,0
SHP-02316,COVID-19-mRNA,Sea,Bengaluru-Pune,1.45,1.57,1.36,62.8,0.7344,1,58.61,0.81,1,33.12,0
SHP-02317,COVID-19-mRNA,Air,Bengaluru-Pune,4.9,6.04,4.15,42.66,0.0995,2,65.41,7.92,0,0.0,0
SHP-02318,Polio,Road,Delhi-Mumbai,3.43,4.73,3.42,57.73,0.1394,3,24.55,5.41,0,0.0,0
SHP-02319,Polio,Road,Chennai-Kolkata,4.71,5.84,4.39,53.02,0.1476,2,56.51,18.21,0,0.0,0
SHP-02320,Polio,Sea,Chennai-Kolkata,2.19,2.95,1.7,56.02,1.5143,0,17.9,1.41,1,41.51,0
SHP-02321,Rotavirus,Air,Jaipur-Hyderabad,2.54,3.59,1.03,51.04,0.6543,4,40.55,0.79,1,79.64,0
SHP-02322,Influenza,Road,Lucknow-Ahmedabad,6.93,8.26,5.63,50.81,0.0718,2,58.64,2.1,1,68.09,0
SHP-02323,Hepatitis-B,Road,Jaipur-Hyderabad,1.37,3.67,1.03,56.55,0.0487,6,31.51,3.56,1,39.53,0
SHP-02324,Polio,Road,Delhi-Mumbai,1.56,4.16,0.91,44.98,0.9252,3,7.74,1.15,1,99.34,0
SHP-02325,Influenza,Air,Delhi-Mumbai,3.87,5.78,3.44,44.92,0.8104,4,41.64,3.09,0,0.0,0
SHP-02326,Rotavirus,Air,Delhi-Mumbai,2.07,2.12,1.64,51.41,0.5558,3,61.75,5.14,1,30.99,0
SHP-02327,Influenza,Air,Lucknow-Ahmedabad,1.79,2.8,0.8,51.03,0.1091,2,13.15,0.29,1,43.58,0
SHP-02328,COVID-19-mRNA,Road,Bengaluru-Pune,4.26,8.73,3.36,44.95,0.3272,2,7.96,7.09,1,34.98,0
SHP-02329,Hepatitis-B,Air,Lucknow-Ahmedabad,0.24,2.22,-0.27,64.24,0.4616,5,59.4,14.04,1,44.36,1
SHP-02330,COVID-19-mRNA,Road,Jaipur-Hyderabad,1.48,1.68,1.46,51.66,1.3451,0,23.63,1.56,1,30.7,0
SHP-02331,COVID-19-mRNA,Air,Bengaluru-Pune,9.14,11.49,8.92,52.73,0.0928,1,30.05,7.49,1,50.83,1
SHP-02332,COVID-19-mRNA,Rail,Bengaluru-Pune,5.15,5.3,4.49,41.72,0.3623,3,11.74,2.71,0,0.0,0
SHP-02333,Hepatitis-B,Sea,Jaipur-Hyderabad,2.13,3.77,1.4,75.72,0.0858,3,12.38,5.46,1,115.52,0
SHP-02334,Hepatitis-B,Road,Bengaluru-Pune,5.05,5.94,4.52,79.27,0.2934,1,46.56,6.79,0,0.0,0
SHP-02335,COVID-19-mRNA,Road,Chennai-Kolkata,5.42,7.07,4.57,47.2,0.1117,2,42.45,1.75,0,0.0,0
SHP-02336,Polio,Air,Jaipur-Hyderabad,6.49,8.54,5.22,67.26,0.9045,6,25.3,7.74,1,10.24,0
SHP-02337,Polio,Air,Jaipur-Hyderabad,3.68,4.3,3.65,54.08,0.147,4,35.88,0.56,0,0.0,0
SHP-02338,Polio,Road,Chennai-Kolkata,6.44,7.83,5.02,71.04,0.2699,1,31.62,21.61,0,0.0,0
SHP-02339,COVID-19-mRNA,Road,Lucknow-Ahmedabad,-1.1,1.48,-1.2,58.36,0.2619,2,51.87,2.06,1,60.79,0
SHP-02340,Polio,Road,Lucknow-Ahmedabad,1.36,2.32,0.14,56.0,1.0061,3,62.9,1.27,1,39.3,0
SHP-02341,Influenza,Sea,Lucknow-Ahmedabad,4.41,8.68,4.06,30.01,0.709,2,56.5,0.75,1,26.54,0
SHP-02342,COVID-19-mRNA,Road,Bengaluru-Pune,4.82,5.53,4.29,46.21,0.0296,3,6.29,8.36,0,0.0,0
SHP-02343,COVID-19-mRNA,Road,Chennai-Kolkata,1.72,2.81,-0.28,55.21,0.0347,1,12.57,4.41,1,55.01,1
SHP-02344,Polio,Road,Jaipur-Hyderabad,4.65,4.86,3.14,56.99,0.4006,3,34.34,15.15,0,0.0,0
SHP-02345,Rotavirus,Road,Jaipur-Hyderabad,2.44,4.51,1.68,42.85,0.2791,3,62.22,5.22,1,108.45,0
SHP-02346,Hepatitis-B,Road,Jaipur-Hyderabad,3.31,3.86,3.17,47.71,0.1612,1,21.64,2.08,0,0.0,0
SHP-02347,Hepatitis-B,Road,Bengaluru-Pune,6.56,6.75,6.23,60.53,0.7866,1,64.01,9.05,0,0.0,0
SHP-02348,Polio,Road,Bengaluru-Pune,6.27,6.42,6.07,41.17,0.0688,5,13.26,1.65,0,0.0,0
SHP-02349,Hepatitis-B,Road,Lucknow-Ahmedabad,1.51,1.57,-0.31,56.34,1.8259,3,10.79,1.72,1,57.15,1
SHP-02350,COVID-19-mRNA,Sea,Bengaluru-Pune,1.36,2.34,1.27,67.38,0.0122,4,66.29,0.14,1,104.81,0
SHP-02351,Hepatitis-B,Road,Lucknow-Ahmedabad,2.97,3.18,2.73,58.85,0.0629,6,16.69,1.45,0,0.0,0
SHP-02352,Rotavirus,Air,Lucknow-Ahmedabad,3.93,4.2,3.24,58.35,0.1865,2,36.61,1.52,0,0.0,0
SHP-02353,Hepatitis-B,Road,Jaipur-Hyderabad,2.36,2.37,1.17,34.8,0.3558,4,27.51,1.77,1,32.99,0
SHP-02354,Rotavirus,Road,Bengaluru-Pune,6.6,8.02,5.66,46.78,0.1218,2,15.74,2.3,1,110.6,0
SHP-02355,Influenza,Air,Lucknow-Ahmedabad,4.87,7.51,4.33,75.54,0.6663,3,47.72,4.3,0,0.0,0
SHP-02356,COVID-19-mRNA,Rail,Chennai-Kolkata,5.02,6.28,3.46,49.01,0.2212,6,69.6,1.22,0,0.0,0
SHP-02357,Rotavirus,Sea,Chennai-Kolkata,0.83,1.42,0.35,67.64,0.0197,0,49.44,5.06,1,32.46,0
SHP-02358,COVID-19-mRNA,Sea,Bengaluru-Pune,6.92,8.16,6.1,48.89,1.0507,7,29.34,0.72,1,72.24,0
SHP-02359,Hepatitis-B,Air,Jaipur-Hyderabad,-3.05,-2.77,-3.3,52.22,1.44,3,52.98,13.36,1,54.95,1
SHP-02360,COVID-19-mRNA,Rail,Jaipur-Hyderabad,6.09,6.89,5.26,60.16,0.4819,2,15.45,0.13,0,0.0,0
SHP-02361,COVID-19-mRNA,Road,Lucknow-Ahmedabad,6.34,6.7,4.45,56.01,0.8213,4,44.28,11.94,0,0.0,0
SHP-02362,Polio,Road,Bengaluru-Pune,2.92,4.57,1.74,58.82,0.0645,3,36.98,3.96,1,83.05,0
SHP-02363,COVID-19-mRNA,Road,Chennai-Kolkata,7.18,10.97,6.04,46.82,0.1565,3,29.76,6.19,1,119.51,1
SHP-02364,Polio,Rail,Lucknow-Ahmedabad,3.84,4.58,3.51,43.64,0.1967,2,54.81,1.77,0,0.0,0
SHP-02365,Hepatitis-B,Road,Lucknow-Ahmedabad,4.16,4.85,3.22,46.14,1.6189,4,13.82,0.95,0,0.0,0
SHP-02366,COVID-19-mRNA,Road,Delhi-Mumbai,4.85,5.54,4.81,49.68,0.3589,2,41.16,14.72,0,0.0,0
SHP-02367,COVID-19-mRNA,Road,Bengaluru-Pune,11.97,13.31,9.84,52.71,0.0037,2,62.39,2.91,1,10.99,1
SHP-02368,Hepatitis-B,Road,Lucknow-Ahmedabad,7.36,9.16,7.23,65.37,0.2392,4,19.31,3.27,1,26.6,0
SHP-02369,Polio,Air,Chennai-Kolkata,5.75,7.12,5.11,55.87,0.0039,0,23.46,21.23,0,0.0,0
SHP-02370,Influenza,Sea,Delhi-Mumbai,1.72,2.57,1.3,59.85,0.1358,3,49.6,2.05,1,99.1,0
SHP-02371,Hepatitis-B,Road,Chennai-Kolkata,4.36,5.55,4.04,56.42,0.3032,3,56.99,0.53,0,0.0,0
SHP-02372,Influenza,Road,Jaipur-Hyderabad,1.97,3.09,0.83,43.85,0.1953,4,24.7,4.42,1,101.52,0
SHP-02373,Hepatitis-B,Air,Delhi-Mumbai,6.06,6.98,5.61,55.17,0.0166,2,29.75,4.05,0,0.0,0
SHP-02374,Polio,Road,Delhi-Mumbai,4.35,5.48,1.88,56.31,0.0618,0,54.83,7.42,1,13.8,0
SHP-02375,Hepatitis-B,Air,Lucknow-Ahmedabad,1.19,2.34,1.08,62.6,0.4002,1,24.83,15.51,1,21.69,0
SHP-02376,COVID-19-mRNA,Air,Jaipur-Hyderabad,4.2,6.37,4.1,44.31,0.5947,1,49.97,1.84,0,0.0,0
SHP-02377,Polio,Road,Lucknow-Ahmedabad,1.88,2.36,1.27,34.6,0.2592,2,16.48,6.4,1,84.69,0
SHP-02378,Influenza,Road,Bengaluru-Pune,4.38,5.13,4.29,56.76,0.6574,2,33.15,2.85,0,0.0,0
SHP-02379,Polio,Road,Chennai-Kolkata,1.85,5.0,1.62,58.54,0.0892,2,51.45,7.66,1,49.47,0
SHP-02380,Influenza,Air,Chennai-Kolkata,4.07,5.13,3.79,53.21,0.0651,3,36.35,0.9,0,0.0,0
SHP-02381,Influenza,Road,Lucknow-Ahmedabad,5.88,5.98,5.81,55.28,0.9146,2,7.27,3.47,0,0.0,0
SHP-02382,Rotavirus,Air,Chennai-Kolkata,3.87,5.45,3.26,63.79,0.2072,8,32.82,0.4,0,0.0,0
SHP-02383,Rotavirus,Sea,Chennai-Kolkata,3.02,4.45,2.14,50.41,0.283,6,25.03,4.12,0,0.0,0
SHP-02384,Polio,Road,Bengaluru-Pune,4.51,5.0,4.13,52.21,1.4742,3,12.68,0.93,0,0.0,0
SHP-02385,Polio,Road,Jaipur-Hyderabad,5.74,6.52,4.6,55.79,0.2759,3,6.6,16.1,0,0.0,0
SHP-02386,Hepatitis-B,Road,Delhi-Mumbai,1.23,1.58,-0.12,42.8,0.0017,3,9.0,4.04,1,76.9,0
SHP-02387,Polio,Air,Lucknow-Ahmedabad,4.65,6.82,4.57,53.48,1.3901,2,68.65,3.77,0,0.0,0
SHP-02388,Hepatitis-B,Sea,Lucknow-Ahmedabad,7.29,7.71,6.35,54.36,0.0071,2,55.49,17.94,0,0.0,0
SHP-02389,Influenza,Road,Bengaluru-Pune,5.43,5.55,5.35,71.37,0.5428,2,68.02,3.45,0,0.0,0
SHP-02390,Hepatitis-B,Road,Bengaluru-Pune,4.14,4.78,2.05,52.02,0.195,5,13.58,5.65,0,0.0,0
SHP-02391,Polio,Road,Delhi-Mumbai,5.6,6.66,4.6,57.0,0.3178,2,43.65,0.24,0,0.0,0
SHP-02392,COVID-19-mRNA,Air,Jaipur-Hyderabad,5.13,5.36,4.58,64.19,0.3962,5,11.5,6.16,0,0.0,0
SHP-02393,Polio,Rail,Lucknow-Ahmedabad,5.88,7.39,4.92,46.63,0.2625,3,7.77,0.55,0,0.0,0
SHP-02394,COVID-19-mRNA,Road,Bengaluru-Pune,-1.06,0.39,-2.6,68.76,0.7444,5,36.77,7.58,1,57.02,1
SHP-02395,Rotavirus,Road,Lucknow-Ahmedabad,0.12,3.11,-1.04,72.64,1.3347,1,48.66,10.47,1,113.78,1
SHP-02396,Polio,Air,Chennai-Kolkata,6.51,7.76,6.12,54.71,0.0452,3,10.2,1.9,0,0.0,0
SHP-02397,COVID-19-mRNA,Air,Lucknow-Ahmedabad,0.24,1.43,-0.29,49.61,0.8054,2,30.09,10.52,1,119.08,0
SHP-02398,COVID-19-mRNA,Rail,Jaipur-Hyderabad,5.0,6.99,4.42,71.27,0.0689,3,11.95,3.3,0,0.0,0
SHP-02399,Hepatitis-B,Road,Jaipur-Hyderabad,3.12,4.15,2.96,62.96,0.0418,1,29.9,4.24,0,0.0,0
SHP-02400,Hepatitis-B,Air,Lucknow-Ahmedabad,1.51,2.34,0.75,55.82,1.5599,4,37.14,2.65,1,48.38,0
SHP-02401,Polio,Air,Chennai-Kolkata,4.87,5.06,4.37,69.27,0.336,2,28.28,3.24,0,0.0,0
SHP-02402,COVID-19-mRNA,Road,Jaipur-Hyderabad,4.5,5.66,3.13,68.21,0.0828,3,44.03,11.94,0,0.0,0
SHP-02403,Polio,Road,Bengaluru-Pune,9.28,9.71,9.21,51.64,0.4219,1,44.58,14.72,1,73.16,0
SHP-02404,Polio,Road,Lucknow-Ahmedabad,2.44,5.14,1.74,57.49,0.1527,3,27.97,2.95,1,112.29,0
SHP-02405,Hepatitis-B,Road,Chennai-Kolkata,7.6,7.75,6.4,60.77,0.3121,2,31.71,3.61,0,0.0,0
SHP-02406,Hepatitis-B,Air,Bengaluru-Pune,4.88,6.9,3.77,55.29,0.49,6,35.11,0.62,0,0.0,0
SHP-02407,Polio,Road,Lucknow-Ahmedabad,2.35,3.66,1.99,41.09,1.0173,0,30.79,1.97,1,71.96,0
SHP-02408,COVID-19-mRNA,Sea,Chennai-Kolkata,6.0,7.1,5.18,45.62,0.0015,1,56.2,3.6,0,0.0,0
SHP-02409,Rotavirus,Air,Bengaluru-Pune,5.41,8.43,3.67,41.42,0.1205,2,15.24,1.13,1,33.71,0
SHP-02410,Polio,Road,Jaipur-Hyderabad,4.09,5.48,3.58,59.93,0.0506,4,62.56,4.3,0,0.0,0
SHP-02411,Hepatitis-B,Road,Lucknow-Ahmedabad,4.67,4.86,3.94,43.16,0.0511,2,27.86,5.78,0,0.0,0
SHP-02412,COVID-19-mRNA,Road,Lucknow-Ahmedabad,2.51,3.17,1.92,56.92,1.4573,6,53.78,5.25,1,37.14,0
SHP-02413,Polio,Road,Jaipur-Hyderabad,1.94,4.16,1.9,73.32,1.3751,7,64.33,2.92,1,33.5,0
SHP-02414,COVID-19-mRNA,Rail,Delhi-Mumbai,5.9,5.91,3.55,69.28,0.6918,4,64.57,7.33,0,0.0,0
SHP-02415,Hepatitis-B,Road,Bengaluru-Pune,3.44,3.49,2.98,36.63,0.5151,2,35.86,1.92,0,0.0,0
SHP-02416,Rotavirus,Road,Jaipur-Hyderabad,3.8,5.75,3.68,42.21,0.9418,0,22.94,3.17,0,0.0,0
SHP-02417,Polio,Road,Lucknow-Ahmedabad,4.7,6.91,3.54,47.23,0.0301,0,45.98,1.57,0,0.0,0
SHP-02418,COVID-19-mRNA,Air,Bengaluru-Pune,4.66,5.39,3.91,43.31,0.0636,5,18.14,4.63,0,0.0,0
SHP-02419,COVID-19-mRNA,Air,Bengaluru-Pune,0.43,1.73,-1.08,38.46,0.1907,4,58.18,2.91,1,39.89,0
SHP-02420,Polio,Road,Delhi-Mumbai,7.22,7.5,7.05,54.89,0.8934,2,52.95,1.22,0,0.0,0
SHP-02421,COVID-19-mRNA,Air,Lucknow-Ahmedabad,4.3,6.03,3.92,62.05,0.3195,4,58.51,1.84,0,0.0,0
SHP-02422,COVID-19-mRNA,Road,Chennai-Kolkata,3.49,3.62,3.4,64.54,0.3502,3,34.59,1.64,0,0.0,0
SHP-02423,Influenza,Road,Delhi-Mumbai,5.08,5.16,5.06,50.26,0.1302,5,42.79,12.09,0,0.0,0
SHP-02424,Polio,Road,Delhi-Mumbai,4.59,5.97,3.52,52.28,0.5226,3,12.78,3.69,0,0.0,0
SHP-02425,COVID-19-mRNA,Road,Chennai-Kolkata,5.92,8.26,5.78,58.56,1.0939,3,51.38,5.29,1,107.5,0
SHP-02426,Rotavirus,Road,Chennai-Kolkata,5.34,8.13,5.0,53.92,0.1999,3,38.13,13.65,1,59.19,0
SHP-02427,COVID-19-mRNA,Air,Delhi-Mumbai,5.79,7.49,4.72,63.11,0.4827,7,39.61,1.01,0,0.0,0
SHP-02428,Rotavirus,Road,Bengaluru-Pune,7.38,9.47,7.0,59.3,0.2017,4,61.9,13.81,1,68.93,0
SHP-02429,Polio,Road,Jaipur-Hyderabad,6.21,6.44,5.93,51.24,0.7868,4,56.97,3.88,0,0.0,0
SHP-02430,Rotavirus,Road,Jaipur-Hyderabad,3.6,3.75,1.87,36.43,0.3221,7,41.32,9.7,1,94.02,0
SHP-02431,Hepatitis-B,Road,Delhi-Mumbai,1.19,1.6,0.92,69.99,0.2074,1,29.44,0.92,1,16.03,0
SHP-02432,Influenza,Road,Bengaluru-Pune,8.17,8.78,7.61,48.14,0.2724,1,35.46,1.59,1,49.87,0
SHP-02433,Rotavirus,Air,Chennai-Kolkata,3.41,3.98,3.24,58.58,0.0478,5,29.15,1.08,0,0.0,0
SHP-02434,COVID-19-mRNA,Air,Delhi-Mumbai,2.82,4.04,1.19,35.83,1.0054,4,16.01,5.3,1,65.3,0
SHP-02435,Rotavirus,Air,Lucknow-Ahmedabad,-0.34,0.26,-0.43,54.89,1.5859,3,48.62,0.76,1,18.54,1
SHP-02436,Polio,Rail,Bengaluru-Pune,4.85,5.03,4.73,56.0,0.3245,5,51.64,7.86,0,0.0,0
SHP-02437,Polio,Air,Lucknow-Ahmedabad,4.37,4.61,4.23,56.49,0.1251,5,70.1,1.44,0,0.0,0
SHP-02438,Polio,Air,Lucknow-Ahmedabad,0.21,1.62,0.02,85.14,0.5463,9,36.08,1.48,1,40.54,0
SHP-02439,Hepatitis-B,Road,Delhi-Mumbai,5.13,5.83,3.93,48.69,0.3011,3,71.82,1.65,0,0.0,0
SHP-02440,COVID-19-mRNA,Air,Bengaluru-Pune,2.75,2.86,1.91,63.21,0.1454,5,18.35,6.86,1,88.31,0
SHP-02441,Hepatitis-B,Road,Lucknow-Ahmedabad,10.73,10.78,10.7,60.23,0.0196,5,49.34,12.9,1,82.54,1
SHP-02442,Hepatitis-B,Air,Bengaluru-Pune,2.58,3.09,0.88,48.21,1.1023,3,71.65,11.9,1,24.86,0
SHP-02443,Influenza,Air,Jaipur-Hyderabad,2.91,3.61,2.04,63.06,0.7966,5,48.26,0.53,0,0.0,0
SHP-02444,Influenza,Road,Lucknow-Ahmedabad,1.81,3.05,1.37,53.36,0.8831,1,35.86,1.52,1,42.54,0
SHP-02445,Polio,Road,Lucknow-Ahmedabad,7.19,8.81,5.81,63.75,0.2898,3,40.01,5.58,1,47.09,0
SHP-02446,Polio,Road,Bengaluru-Pune,3.07,3.69,2.65,74.61,0.6997,3,61.8,4.82,0,0.0,0
SHP-02447,COVID-19-mRNA,Road,Jaipur-Hyderabad,2.19,3.1,1.77,56.51,0.4352,6,67.98,2.15,1,108.86,0
SHP-02448,COVID-19-mRNA,Road,Lucknow-Ahmedabad,5.77,7.47,5.17,52.19,0.2348,3,35.96,9.93,0,0.0,0
SHP-02449,COVID-19-mRNA,Road,Delhi-Mumbai,0.55,2.91,-0.81,65.52,0.9249,3,56.98,0.7,1,55.43,1
SHP-02450,Polio,Air,Bengaluru-Pune,5.56,5.66,4.47,68.97,3.3453,4,67.62,5.09,0,0.0,0
SHP-02451,COVID-19-mRNA,Road,Bengaluru-Pune,8.45,11.0,8.01,46.17,1.1477,5,24.62,1.59,1,66.98,1
SHP-02452,Rotavirus,Road,Lucknow-Ahmedabad,5.42,7.36,4.24,50.47,0.7485,2,38.55,3.75,0,0.0,0
SHP-02453,Hepatitis-B,Road,Jaipur-Hyderabad,5.59,6.73,4.26,61.75,0.6882,1,71.7,2.45,0,0.0,0
SHP-02454,Polio,Road,Lucknow-Ahmedabad,6.18,6.48,5.55,53.68,0.5253,1,29.33,19.49,0,0.0,0
SHP-02455,Hepatitis-B,Rail,Chennai-Kolkata,8.27,10.2,7.91,45.46,0.9608,2,46.9,3.33,1,74.32,1
SHP-02456,COVID-19-mRNA,Sea,Lucknow-Ahmedabad,7.02,8.83,6.25,60.41,0.3397,1,49.36,18.67,1,59.54,0
SHP-02457,Polio,Road,Chennai-Kolkata,5.1,5.24,4.15,61.71,0.1003,0,16.17,1.47,0,0.0,0
SHP-02458,Hepatitis-B,Road,Delhi-Mumbai,6.26,6.86,5.45,51.66,0.7306,3,59.24,7.3,0,0.0,0
SHP-02459,Polio,Air,Bengaluru-Pune,1.79,3.54,0.01,55.61,1.2598,1,33.25,6.31,1,76.09,0
SHP-02460,Polio,Road,Bengaluru-Pune,5.94,7.49,5.73,49.23,0.2088,2,39.02,9.41,0,0.0,0
SHP-02461,Rotavirus,Road,Jaipur-Hyderabad,1.49,2.25,0.75,44.05,0.7639,1,48.43,5.91,1,114.92,0
SHP-02462,Rotavirus,Road,Lucknow-Ahmedabad,3.08,5.5,1.42,50.03,0.1599,3,33.09,5.73,1,99.11,0
SHP-02463,Hepatitis-B,Sea,Delhi-Mumbai,-3.71,-3.65,-4.12,55.74,1.4289,0,27.46,5.4,1,113.73,1
SHP-02464,Hepatitis-B,Road,Chennai-Kolkata,5.0,5.58,4.83,40.25,0.5752,2,42.06,21.02,0,0.0,0
SHP-02465,Hepatitis-B,Road,Jaipur-Hyderabad,2.39,3.28,1.75,50.76,0.4211,0,28.89,1.29,1,28.71,0
SHP-02466,COVID-19-mRNA,Road,Delhi-Mumbai,6.78,9.0,5.28,55.88,0.7568,5,34.65,0.15,1,34.96,0
SHP-02467,Polio,Rail,Delhi-Mumbai,4.98,5.39,3.61,66.95,0.8389,3,13.15,5.67,0,0.0,0
SHP-02468,COVID-19-mRNA,Road,Chennai-Kolkata,6.81,10.13,6.19,51.87,1.1145,1,61.75,0.95,1,45.43,1
SHP-02469,Polio,Road,Chennai-Kolkata,1.29,1.87,0.59,42.54,1.1569,3,33.17,5.69,1,49.05,0
SHP-02470,Hepatitis-B,Road,Bengaluru-Pune,6.6,8.95,5.6,52.9,0.0271,4,11.46,1.93,1,99.23,0
SHP-02471,COVID-19-mRNA,Rail,Lucknow-Ahmedabad,9.26,10.39,8.89,49.33,0.0656,5,58.14,0.22,1,49.69,1
SHP-02472,Rotavirus,Air,Jaipur-Hyderabad,5.91,6.23,5.4,60.52,0.8745,1,7.3,7.34,0,0.0,0
SHP-02473,Rotavirus,Rail,Lucknow-Ahmedabad,5.98,7.13,5.52,51.62,1.4599,4,45.56,0.27,0,0.0,0
SHP-02474,Influenza,Road,Jaipur-Hyderabad,4.42,4.44,2.49,27.89,0.1838,2,52.38,1.27,0,0.0,0
SHP-02475,Hepatitis-B,Road,Delhi-Mumbai,2.69,3.13,0.94,91.92,0.0043,7,18.62,2.05,1,10.03,0
SHP-02476,Rotavirus,Road,Chennai-Kolkata,5.9,6.99,5.84,56.42,0.1948,3,14.66,0.71,0,0.0,0
SHP-02477,COVID-19-mRNA,Road,Chennai-Kolkata,0.23,3.07,0.02,55.89,0.2413,6,13.52,12.24,1,36.21,0
SHP-02478,Influenza,Air,Delhi-Mumbai,2.96,3.41,2.4,39.59,0.7157,3,71.56,4.86,0,0.0,0
SHP-02479,COVID-19-mRNA,Rail,Delhi-Mumbai,-0.43,0.35,-1.13,40.35,0.0244,4,55.84,10.41,1,42.47,1
SHP-02480,Influenza,Road,Jaipur-Hyderabad,2.24,2.53,2.23,54.08,0.1195,1,26.64,5.73,0,0.0,0
SHP-02481,COVID-19-mRNA,Road,Delhi-Mumbai,5.61,9.38,5.38,58.36,1.122,0,28.15,24.11,1,97.3,0
SHP-02482,Rotavirus,Air,Jaipur-Hyderabad,5.26,5.47,4.87,62.02,0.0841,7,48.81,3.72,0,0.0,0
SHP-02483,Rotavirus,Road,Lucknow-Ahmedabad,4.13,5.02,2.83,57.37,0.712,4,36.21,0.28,0,0.0,0
SHP-02484,COVID-19-mRNA,Road,Chennai-Kolkata,4.43,6.14,2.81,43.14,0.2242,1,23.91,0.88,0,0.0,0
SHP-02485,Polio,Road,Chennai-Kolkata,-0.71,2.02,-1.0,29.96,0.5433,2,9.77,4.44,1,32.89,1
SHP-02486,Rotavirus,Road,Chennai-Kolkata,3.07,3.61,2.67,54.0,0.0384,2,57.73,2.14,0,0.0,0
SHP-02487,Polio,Road,Lucknow-Ahmedabad,2.3,3.28,2.1,49.66,0.1688,3,64.62,0.6,0,0.0,0
SHP-02488,Rotavirus,Sea,Lucknow-Ahmedabad,2.35,2.95,2.24,42.37,0.2765,3,19.59,1.36,0,0.0,0
SHP-02489,Hepatitis-B,Road,Bengaluru-Pune,5.5,5.52,4.98,63.28,0.9732,3,10.18,3.22,0,0.0,0
SHP-02490,Polio,Rail,Jaipur-Hyderabad,1.85,3.6,1.64,39.24,0.4145,0,13.83,3.65,1,93.97,0
SHP-02491,COVID-19-mRNA,Air,Jaipur-Hyderabad,2.49,2.69,1.63,61.17,0.0231,1,33.34,13.63,1,102.09,0
SHP-02492,COVID-19-mRNA,Road,Bengaluru-Pune,-1.22,-0.5,-2.74,40.9,0.8094,1,25.76,0.48,1,110.8,0
SHP-02493,Influenza,Road,Chennai-Kolkata,3.26,4.07,2.46,56.34,0.028,3,10.85,2.21,0,0.0,0
SHP-02494,Polio,Road,Jaipur-Hyderabad,1.28,3.82,0.91,64.34,1.3618,3,36.02,3.53,1,34.2,0
SHP-02495,Hepatitis-B,Rail,Jaipur-Hyderabad,4.2,5.45,3.47,51.62,0.1189,2,19.46,0.6,0,0.0,0
SHP-02496,Polio,Air,Chennai-Kolkata,1.62,2.05,0.88,71.9,0.3346,1,10.42,5.82,1,21.86,0
SHP-02497,Hepatitis-B,Air,Delhi-Mumbai,4.26,5.53,4.24,74.18,0.0375,3,49.42,3.62,0,0.0,0
SHP-02498,Rotavirus,Rail,Delhi-Mumbai,3.64,3.75,3.54,57.37,0.4124,3,43.79,3.08,0,0.0,0
SHP-02499,Rotavirus,Air,Bengaluru-Pune,8.18,8.46,7.72,60.41,0.3438,1,60.54,5.34,1,110.19,0
SHP-02500,Polio,Road,Lucknow-Ahmedabad,5.24,7.39,4.96,65.61,0.264,1,25.95,1.7,0,0.0,0
SHP-02501,Influenza,Road,Jaipur-Hyderabad,-0.6,1.44,-1.32,60.44,0.0181,1,14.96,2.07,1,44.33,0
SHP-02502,Influenza,Rail,Jaipur-Hyderabad,0.84,1.09,0.44,59.37,1.0557,4,29.77,0.89,1,79.21,0
SHP-02503,Hepatitis-B,Air,Bengaluru-Pune,4.14,4.94,2.08,49.76,0.8114,6,57.39,3.71,0,0.0,0
SHP-02504,Rotavirus,Air,Bengaluru-Pune,1.68,2.68,0.8,38.13,0.5012,0,21.95,2.33,1,72.78,0
SHP-02505,COVID-19-mRNA,Road,Jaipur-Hyderabad,-3.42,-2.48,-3.81,41.1,0.4246,2,22.83,1.51,1,100.31,1
SHP-02506,COVID-19-mRNA,Sea,Chennai-Kolkata,7.37,7.67,7.33,78.82,0.5936,3,15.74,0.67,0,0.0,0
SHP-02507,Rotavirus,Road,Chennai-Kolkata,5.8,7.8,5.13,58.22,0.0777,3,71.11,0.12,0,0.0,0
SHP-02508,Polio,Road,Lucknow-Ahmedabad,5.3,6.98,4.61,52.54,1.3489,4,69.84,1.07,0,0.0,0
SHP-02509,Influenza,Road,Jaipur-Hyderabad,2.48,5.67,2.28,67.63,0.1675,4,49.43,1.42,0,0.0,0
SHP-02510,Rotavirus,Sea,Jaipur-Hyderabad,5.07,6.19,5.03,47.51,0.5343,0,20.18,3.32,0,0.0,0
SHP-02511,COVID-19-mRNA,Rail,Jaipur-Hyderabad,2.24,4.01,1.8,60.83,0.4667,4,56.59,1.38,1,66.88,0
SHP-02512,Rotavirus,Sea,Jaipur-Hyderabad,4.51,4.71,3.75,55.77,0.5061,5,44.54,8.51,0,0.0,0
SHP-02513,Polio,Air,Bengaluru-Pune,1.7,5.01,1.6,59.6,1.0558,2,55.47,3.21,1,70.98,0
SHP-02514,Hepatitis-B,Air,Delhi-Mumbai,7.79,10.66,6.51,51.64,0.1754,7,62.79,4.89,1,80.15,1
SHP-02515,Hepatitis-B,Road,Jaipur-Hyderabad,0.07,0.29,-0.52,45.35,0.691,5,27.02,1.17,1,65.57,1
SHP-02516,Rotavirus,Rail,Delhi-Mumbai,7.08,7.8,5.97,46.77,0.4561,1,66.3,2.69,0,0.0,0
SHP-02517,COVID-19-mRNA,Road,Chennai-Kolkata,4.1,4.15,4.0,47.16,0.0396,3,65.3,4.62,0,0.0,0
SHP-02518,Polio,Air,Lucknow-Ahmedabad,2.78,3.35,1.88,54.97,0.2673,5,42.11,1.86,1,52.24,0
SHP-02519,Hepatitis-B,Rail,Chennai-Kolkata,4.42,5.49,2.95,39.44,0.9099,2,51.18,2.05,0,0.0,0
SHP-02520,Influenza,Air,Jaipur-Hyderabad,5.83,6.73,5.66,42.53,0.1894,4,33.13,8.24,0,0.0,0
SHP-02521,Hepatitis-B,Road,Chennai-Kolkata,7.42,7.64,7.21,56.36,0.3291,3,49.24,9.08,0,0.0,0
SHP-02522,COVID-19-mRNA,Road,Bengaluru-Pune,4.78,6.48,4.48,53.72,0.3353,0,42.23,3.81,0,0.0,0
SHP-02523,COVID-19-mRNA,Road,Delhi-Mumbai,1.77,1.84,0.96,56.9,0.4812,6,27.31,11.34,1,89.32,0
SHP-02524,Polio,Road,Jaipur-Hyderabad,4.14,4.72,3.19,54.55,1.0772,6,27.31,6.67,0,0.0,0
SHP-02525,Influenza,Road,Bengaluru-Pune,8.54,9.25,7.7,80.19,0.0953,5,49.01,0.28,1,27.69,0
SHP-02526,COVID-19-mRNA,Road,Delhi-Mumbai,7.37,7.85,7.16,56.27,0.3512,4,69.14,4.1,0,0.0,0
SHP-02527,COVID-19-mRNA,Road,Bengaluru-Pune,6.27,9.0,4.43,51.21,0.2761,4,19.3,5.98,1,26.37,0
SHP-02528,Rotavirus,Road,Chennai-Kolkata,5.99,6.33,5.02,56.01,0.1754,1,31.91,3.89,0,0.0,0
SHP-02529,COVID-19-mRNA,Road,Jaipur-Hyderabad,5.75,9.22,5.02,65.2,1.2604,7,59.18,8.92,1,41.16,0
SHP-02530,Rotavirus,Road,Chennai-Kolkata,6.9,8.53,6.06,54.5,0.0041,1,14.12,1.79,1,67.66,0
SHP-02531,Hepatitis-B,Air,Lucknow-Ahmedabad,2.86,4.79,2.55,61.85,0.0651,3,71.62,0.34,0,0.0,0
SHP-02532,Influenza,Air,Jaipur-Hyderabad,0.61,0.69,-0.6,58.96,0.6609,5,50.76,5.02,1,116.79,1
SHP-02533,COVID-19-mRNA,Air,Chennai-Kolkata,4.17,5.08,3.69,52.1,0.1529,2,66.11,6.56,0,0.0,0
SHP-02534,COVID-19-mRNA,Road,Jaipur-Hyderabad,1.96,3.94,0.9,56.11,0.6422,4,61.31,7.25,1,74.18,0
SHP-02535,Influenza,Rail,Delhi-Mumbai,1.36,1.57,0.57,70.99,0.8927,3,57.29,0.06,1,84.96,0
SHP-02536,Influenza,Road,Jaipur-Hyderabad,2.2,4.38,1.45,57.43,0.1469,5,8.17,5.59,1,57.95,0
SHP-02537,Influenza,Rail,Jaipur-Hyderabad,10.21,10.8,9.37,45.14,0.1066,4,32.83,0.1,1,61.69,1
SHP-02538,COVID-19-mRNA,Road,Delhi-Mumbai,4.34,4.46,3.77,51.8,0.0785,3,19.32,7.45,0,0.0,0
SHP-02539,Influenza,Road,Chennai-Kolkata,4.9,6.42,4.05,33.86,0.1116,4,63.51,6.07,0,0.0,0
SHP-02540,Influenza,Road,Jaipur-Hyderabad,0.94,1.46,-0.85,56.37,0.1554,3,50.9,4.19,1,74.7,0
SHP-02541,Hepatitis-B,Air,Bengaluru-Pune,-0.61,1.75,-1.94,68.12,1.0153,1,13.07,3.53,1,114.52,1
SHP-02542,Influenza,Air,Jaipur-Hyderabad,1.95,2.1,0.69,41.59,0.7348,4,29.73,6.28,1,82.89,0
SHP-02543,Influenza,Road,Chennai-Kolkata,7.6,9.86,7.12,56.5,0.0009,1,10.57,0.29,1,53.86,0
SHP-02544,Hepatitis-B,Sea,Delhi-Mumbai,4.84,4.89,4.49,64.85,1.0362,3,54.84,8.92,0,0.0,0
SHP-02545,COVID-19-mRNA,Air,Chennai-Kolkata,5.5,9.61,3.84,65.91,0.041,0,33.61,1.12,1,52.97,0
SHP-02546,Polio,Air,Lucknow-Ahmedabad,5.85,6.43,5.32,67.8,0.5325,5,21.47,3.25,0,0.0,0
SHP-02547,COVID-19-mRNA,Rail,Jaipur-Hyderabad,2.52,2.82,0.52,36.32,0.0821,1,40.17,3.34,1,14.91,0
SHP-02548,Polio,Road,Jaipur-Hyderabad,7.47,10.21,7.16,60.05,0.0321,5,8.77,7.51,1,30.3,1
SHP-02549,Polio,Rail,Delhi-Mumbai,2.42,4.94,2.16,39.94,0.7131,1,22.98,1.07,0,0.0,0
SHP-02550,COVID-19-mRNA,Road,Jaipur-Hyderabad,7.52,8.98,7.32,45.02,0.3148,2,17.57,1.78,1,50.15,0
SHP-02551,Polio,Sea,Bengaluru-Pune,5.11,6.2,4.37,63.21,0.457,9,67.42,5.44,0,0.0,0
SHP-02552,COVID-19-mRNA,Road,Bengaluru-Pune,-0.47,0.89,-1.02,56.58,0.277,4,30.89,2.66,1,99.72,0
SHP-02553,Influenza,Road,Chennai-Kolkata,2.13,2.18,1.74,62.26,0.0348,5,44.58,1.78,1,71.43,0
SHP-02554,Rotavirus,Road,Delhi-Mumbai,-0.46,0.5,-0.67,45.71,0.6728,0,39.19,4.86,1,70.33,0
SHP-02555,COVID-19-mRNA,Road,Lucknow-Ahmedabad,6.91,7.06,6.24,69.74,0.8584,4,49.51,0.45,0,0.0,0
SHP-02556,Rotavirus,Road,Chennai-Kolkata,3.94,4.24,3.84,61.88,0.0212,2,24.42,7.8,0,0.0,0
SHP-02557,Hepatitis-B,Air,Delhi-Mumbai,-1.57,0.23,-2.1,63.89,0.2356,3,13.97,3.72,1,104.8,1
SHP-02558,COVID-19-mRNA,Road,Delhi-Mumbai,4.94,5.71,4.81,44.2,0.4075,2,11.38,1.15,0,0.0,0
SHP-02559,COVID-19-mRNA,Road,Chennai-Kolkata,2.66,3.32,2.44,66.71,0.4647,3,18.76,2.63,0,0.0,0
SHP-02560,Hepatitis-B,Rail,Chennai-Kolkata,0.29,0.35,-0.28,51.84,0.4316,2,37.87,0.7,1,48.56,0
SHP-02561,Influenza,Road,Jaipur-Hyderabad,8.19,8.32,7.8,48.89,0.5904,3,21.58,4.79,1,104.03,0
SHP-02562,Influenza,Road,Lucknow-Ahmedabad,4.27,7.17,3.03,61.25,1.7028,2,34.64,5.53,0,0.0,0
SHP-02563,COVID-19-mRNA,Air,Bengaluru-Pune,3.27,4.36,2.99,60.83,0.2476,1,7.93,2.6,0,0.0,0
SHP-02564,COVID-19-mRNA,Road,Jaipur-Hyderabad,3.0,4.28,1.81,46.53,0.4067,6,47.42,2.08,1,37.96,0
SHP-02565,Polio,Road,Delhi-Mumbai,0.22,0.47,-0.08,75.56,0.6005,2,63.96,9.48,1,81.97,1
SHP-02566,COVID-19-mRNA,Rail,Lucknow-Ahmedabad,0.74,1.07,0.42,73.14,0.4488,5,9.14,4.29,1,112.87,0
SHP-02567,COVID-19-mRNA,Sea,Lucknow-Ahmedabad,7.21,7.86,7.17,61.05,0.2445,3,20.39,5.5,0,0.0,0
SHP-02568,COVID-19-mRNA,Air,Chennai-Kolkata,2.82,3.98,2.08,59.3,0.4892,3,26.97,0.68,0,0.0,0
SHP-02569,Influenza,Rail,Lucknow-Ahmedabad,4.06,4.22,3.87,58.3,0.5251,4,24.96,6.25,0,0.0,0
SHP-02570,Rotavirus,Air,Lucknow-Ahmedabad,-1.11,-0.78,-1.56,39.5,0.4397,3,8.67,2.94,1,58.15,0
SHP-02571,Polio,Road,Delhi-Mumbai,0.7,0.95,-0.4,56.13,0.1148,4,13.03,2.28,1,98.71,0
SHP-02572,Rotavirus,Road,Jaipur-Hyderabad,5.52,5.55,4.99,56.0,0.3526,1,66.22,13.25,0,0.0,0
SHP-02573,Polio,Air,Lucknow-Ahmedabad,4.94,9.35,4.05,49.24,1.0786,3,52.95,0.28,1,87.65,0
SHP-02574,Polio,Road,Chennai-Kolkata,8.38,9.38,7.28,51.91,1.0148,4,69.26,1.09,1,42.82,0
SHP-02575,COVID-19-mRNA,Air,Jaipur-Hyderabad,7.36,8.37,6.79,31.19,0.6947,5,35.07,2.35,1,75.31,0
SHP-02576,Hepatitis-B,Air,Chennai-Kolkata,3.42,4.46,2.17,44.03,0.5973,3,64.02,1.96,0,0.0,0
SHP-02577,Rotavirus,Road,Lucknow-Ahmedabad,5.18,6.08,5.16,64.22,0.0832,2,59.89,3.57,0,0.0,0
SHP-02578,Hepatitis-B,Road,Jaipur-Hyderabad,3.21,3.65,3.01,72.31,0.3076,3,63.75,2.56,0,0.0,0
SHP-02579,Polio,Sea,Lucknow-Ahmedabad,9.14,10.77,8.64,45.57,0.0588,2,8.58,7.76,1,112.78,1
SHP-02580,Hepatitis-B,Road,Delhi-Mumbai,6.87,7.61,6.73,56.83,0.8499,5,49.07,7.31,0,0.0,0
SHP-02581,COVID-19-mRNA,Road,Jaipur-Hyderabad,4.42,5.18,3.66,65.98,0.172,6,43.4,7.4,0,0.0,0
SHP-02582,Rotavirus,Road,Chennai-Kolkata,4.5,4.97,4.04,49.8,0.7281,6,41.98,2.31,0,0.0,0
SHP-02583,Hepatitis-B,Air,Delhi-Mumbai,7.61,8.68,7.44,61.76,0.8426,4,39.29,2.62,1,88.8,0
SHP-02584,Polio,Air,Bengaluru-Pune,5.45,8.24,5.21,54.66,1.1151,2,58.53,6.37,1,119.81,0
SHP-02585,Hepatitis-B,Road,Chennai-Kolkata,7.9,8.96,6.73,66.9,0.7009,1,69.89,0.66,1,57.58,0
SHP-02586,Hepatitis-B,Road,Lucknow-Ahmedabad,-1.48,-1.23,-1.74,42.18,0.4159,4,60.71,9.55,1,103.15,0
SHP-02587,COVID-19-mRNA,Road,Chennai-Kolkata,5.15,6.91,3.92,43.95,0.4559,1,63.45,3.9,0,0.0,0
SHP-02588,Hepatitis-B,Road,Bengaluru-Pune,2.71,5.33,1.14,57.8,0.1933,2,37.94,9.44,1,69.82,0
SHP-02589,COVID-19-mRNA,Road,Chennai-Kolkata,8.39,8.85,8.03,55.96,0.0974,4,51.58,7.89,1,46.66,0
SHP-02590,Influenza,Air,Delhi-Mumbai,7.87,8.91,7.11,54.44,0.07,2,33.43,2.35,1,67.54,0
SHP-02591,Influenza,Air,Chennai-Kolkata,4.08,6.01,3.41,60.76,0.1005,1,29.78,0.54,0,0.0,0
SHP-02592,Influenza,Rail,Jaipur-Hyderabad,7.84,8.66,6.51,45.69,1.3587,5,65.09,12.68,1,50.45,0
SHP-02593,Hepatitis-B,Road,Bengaluru-Pune,8.46,9.56,7.92,41.31,0.0898,4,65.74,2.11,1,18.42,0
SHP-02594,Hepatitis-B,Rail,Chennai-Kolkata,4.19,5.14,2.86,50.0,0.6432,4,51.03,2.34,0,0.0,0
SHP-02595,COVID-19-mRNA,Air,Bengaluru-Pune,10.18,12.01,9.75,51.12,0.1021,2,61.3,11.99,1,58.6,1
SHP-02596,Influenza,Sea,Delhi-Mumbai,3.92,4.45,3.27,52.16,1.8503,2,29.78,12.47,0,0.0,0
SHP-02597,COVID-19-mRNA,Air,Jaipur-Hyderabad,3.46,6.16,3.13,67.69,0.2283,1,34.63,1.53,0,0.0,0
SHP-02598,Polio,Air,Lucknow-Ahmedabad,6.16,6.27,5.08,62.7,0.2656,1,60.19,0.47,0,0.0,0
SHP-02599,COVID-19-mRNA,Sea,Chennai-Kolkata,3.12,4.64,2.37,60.33,0.2592,3,32.27,0.01,0,0.0,0
SHP-02600,COVID-19-mRNA,Road,Delhi-Mumbai,4.21,5.3,3.98,57.22,0.8477,1,8.64,2.88,0,0.0,0
SHP-02601,Hepatitis-B,Road,Bengaluru-Pune,7.52,7.98,5.84,50.66,0.1231,4,29.32,4.2,0,0.0,0
SHP-02602,COVID-19-mRNA,Air,Bengaluru-Pune,4.05,4.56,3.81,46.46,0.889,5,32.28,1.58,0,0.0,0
SHP-02603,Influenza,Road,Delhi-Mumbai,-0.24,-0.03,-1.75,43.03,0.5351,0,16.21,1.5,1,109.21,0
SHP-02604,Polio,Sea,Chennai-Kolkata,4.92,5.97,4.74,48.05,0.1244,3,28.71,2.21,0,0.0,0
SHP-02605,COVID-19-mRNA,Road,Lucknow-Ahmedabad,2.26,2.81,0.77,54.57,0.0338,4,67.67,1.53,1,11.73,0
SHP-02606,Hepatitis-B,Road,Chennai-Kolkata,6.16,6.76,5.56,43.45,0.7458,2,62.66,9.78,0,0.0,0
SHP-02607,COVID-19-mRNA,Air,Jaipur-Hyderabad,5.74,5.76,5.11,56.7,0.1236,5,35.43,5.15,0,0.0,0
SHP-02608,COVID-19-mRNA,Road,Chennai-Kolkata,7.68,9.08,5.54,53.06,1.0994,5,52.85,8.83,1,44.92,0
SHP-02609,Influenza,Road,Jaipur-Hyderabad,6.27,6.55,4.6,51.03,0.0695,1,16.02,9.85,0,0.0,0
SHP-02610,COVID-19-mRNA,Air,Bengaluru-Pune,6.73,6.84,5.99,66.62,0.479,3,55.67,2.85,0,0.0,0
SHP-02611,Influenza,Road,Jaipur-Hyderabad,2.33,2.89,1.98,30.39,0.5891,3,37.4,3.25,1,106.25,0
SHP-02612,COVID-19-mRNA,Air,Lucknow-Ahmedabad,6.01,6.25,4.81,51.16,0.536,2,53.69,19.04,0,0.0,0
SHP-02613,COVID-19-mRNA,Sea,Delhi-Mumbai,8.92,10.1,7.79,31.48,0.1899,6,48.51,8.49,1,26.58,1
SHP-02614,Influenza,Road,Jaipur-Hyderabad,2.28,3.6,1.2,57.39,1.0418,0,21.36,7.99,1,112.51,0
SHP-02615,Polio,Air,Chennai-Kolkata,8.5,9.66,7.57,62.62,0.7344,2,61.09,4.38,1,54.46,0
SHP-02616,COVID-19-mRNA,Road,Jaipur-Hyderabad,2.63,4.25,2.48,41.49,0.3569,6,43.76,3.09,0,0.0,0
SHP-02617,Polio,Road,Bengaluru-Pune,1.87,2.35,0.73,42.77,0.4623,0,57.76,11.25,1,85.3,0
SHP-02618,COVID-19-mRNA,Road,Jaipur-Hyderabad,4.74,6.26,4.29,38.02,0.4178,2,12.2,8.16,0,0.0,0
SHP-02619,Influenza,Sea,Lucknow-Ahmedabad,5.79,6.32,4.52,55.64,1.4659,3,46.61,3.64,0,0.0,0
SHP-02620,Polio,Road,Jaipur-Hyderabad,6.28,7.52,5.3,51.59,1.1337,5,25.26,1.58,0,0.0,0
SHP-02621,Influenza,Rail,Lucknow-Ahmedabad,1.6,2.48,1.51,52.21,0.1343,0,62.82,0.8,1,46.58,0
SHP-02622,Rotavirus,Road,Chennai-Kolkata,5.09,6.66,4.48,51.32,0.1524,0,68.67,4.02,0,0.0,0
SHP-02623,Polio,Air,Bengaluru-Pune,2.29,4.68,0.47,45.26,1.9933,4,9.68,1.76,1,18.28,0
SHP-02624,Rotavirus,Road,Delhi-Mumbai,0.28,2.25,-0.44,66.32,0.135,1,53.8,1.53,1,33.58,1
SHP-02625,Polio,Road,Chennai-Kolkata,1.68,3.38,1.53,57.72,1.5339,6,12.8,0.56,1,25.34,0
SHP-02626,Rotavirus,Road,Chennai-Kolkata,2.12,3.24,0.55,43.15,0.5246,4,62.6,0.18,1,13.2,0
SHP-02627,COVID-19-mRNA,Rail,Delhi-Mumbai,5.3,6.8,4.64,47.99,0.0257,2,14.22,7.65,0,0.0,0
SHP-02628,Hepatitis-B,Road,Jaipur-Hyderabad,6.88,8.86,6.18,46.28,0.2045,1,18.87,0.57,1,66.03,0
SHP-02629,Polio,Sea,Jaipur-Hyderabad,0.32,3.63,-0.64,69.06,0.3233,2,22.61,10.97,1,87.86,1
SHP-02630,Polio,Rail,Jaipur-Hyderabad,4.88,7.41,4.35,62.11,0.8952,5,54.04,1.2,0,0.0,0
SHP-02631,Hepatitis-B,Road,Bengaluru-Pune,1.06,2.69,0.32,53.74,0.1992,2,25.31,7.13,1,27.12,0
SHP-02632,Influenza,Road,Chennai-Kolkata,5.57,6.73,5.34,72.07,0.186,1,45.34,8.66,0,0.0,0
SHP-02633,COVID-19-mRNA,Road,Lucknow-Ahmedabad,2.44,3.21,2.36,69.52,1.2645,3,43.75,7.86,0,0.0,0
SHP-02634,COVID-19-mRNA,Sea,Delhi-Mumbai,1.37,2.54,1.09,52.69,0.0412,4,32.55,10.31,1,62.59,0
SHP-02635,Influenza,Road,Chennai-Kolkata,6.0,6.86,5.16,50.89,0.4009,0,41.61,2.08,0,0.0,0
SHP-02636,Hepatitis-B,Air,Jaipur-Hyderabad,2.53,5.51,2.46,51.38,0.3508,6,13.8,21.3,0,0.0,0
SHP-02637,Rotavirus,Road,Delhi-Mumbai,3.21,3.39,1.15,45.47,0.0295,5,63.83,1.64,1,44.24,0
SHP-02638,Influenza,Road,Lucknow-Ahmedabad,-1.55,0.28,-1.69,72.34,0.0459,3,19.67,13.61,1,52.31,1
SHP-02639,Rotavirus,Air,Chennai-Kolkata,6.37,6.75,5.19,44.94,0.2406,5,64.09,2.88,0,0.0,0
SHP-02640,Influenza,Air,Chennai-Kolkata,6.05,7.86,4.63,63.68,0.072,2,40.24,0.29,0,0.0,0
SHP-02641,COVID-19-mRNA,Road,Bengaluru-Pune,4.01,6.4,3.53,61.91,0.3251,5,46.52,7.68,0,0.0,0
SHP-02642,COVID-19-mRNA,Road,Chennai-Kolkata,0.18,1.17,-0.43,51.95,0.4694,0,22.98,7.74,1,45.0,0
SHP-02643,Influenza,Road,Chennai-Kolkata,7.02,7.76,6.22,73.1,0.5878,3,20.67,1.1,0,0.0,0
SHP-02644,Hepatitis-B,Road,Lucknow-Ahmedabad,2.33,3.04,2.18,39.41,0.3953,3,38.39,8.67,0,0.0,0
SHP-02645,COVID-19-mRNA,Air,Lucknow-Ahmedabad,2.87,3.79,2.46,54.2,0.2387,3,23.65,0.86,0,0.0,0
SHP-02646,Polio,Road,Delhi-Mumbai,9.78,12.65,9.72,50.11,0.0695,3,33.93,0.82,1,77.93,1
SHP-02647,Rotavirus,Road,Jaipur-Hyderabad,2.24,3.14,0.91,64.61,0.1422,4,35.05,8.28,1,26.71,0
SHP-02648,Hepatitis-B,Air,Lucknow-Ahmedabad,5.86,7.8,5.51,58.54,0.2719,2,23.88,1.71,0,0.0,0
SHP-02649,Polio,Road,Delhi-Mumbai,5.41,6.78,4.7,37.73,1.2893,7,25.25,0.4,0,0.0,0
SHP-02650,Polio,Road,Chennai-Kolkata,4.98,7.29,4.88,67.39,0.1132,2,70.21,15.66,0,0.0,0
SHP-02651,COVID-19-mRNA,Air,Delhi-Mumbai,4.71,5.91,4.34,59.85,0.2667,2,44.77,4.07,0,0.0,0
SHP-02652,Polio,Air,Delhi-Mumbai,4.94,7.41,4.78,44.65,0.659,3,60.9,2.97,0,0.0,0
SHP-02653,Polio,Air,Delhi-Mumbai,4.68,6.51,4.26,51.5,0.6107,8,9.02,3.51,0,0.0,0
SHP-02654,COVID-19-mRNA,Rail,Delhi-Mumbai,3.87,5.23,3.19,42.0,1.6847,1,6.13,5.55,0,0.0,0
SHP-02655,Influenza,Rail,Lucknow-Ahmedabad,7.78,9.43,7.58,53.29,0.1059,1,40.26,9.89,1,19.99,0
SHP-02656,Polio,Rail,Jaipur-Hyderabad,0.72,1.09,0.66,56.5,0.0083,5,60.57,5.58,1,51.4,0
SHP-02657,Influenza,Road,Delhi-Mumbai,6.55,8.11,5.49,51.65,0.1945,3,46.32,6.73,1,107.82,0
SHP-02658,Rotavirus,Road,Bengaluru-Pune,6.06,7.12,5.64,50.5,0.0811,1,46.84,0.99,0,0.0,0
SHP-02659,COVID-19-mRNA,Road,Chennai-Kolkata,5.75,6.28,3.77,38.87,0.3976,3,15.2,2.42,0,0.0,0
SHP-02660,Hepatitis-B,Road,Chennai-Kolkata,6.79,10.44,6.43,58.37,1.1452,4,70.59,4.4,1,107.9,1
SHP-02661,Polio,Air,Chennai-Kolkata,3.77,6.23,2.14,35.76,0.5827,3,40.96,4.83,0,0.0,0
SHP-02662,Rotavirus,Road,Chennai-Kolkata,-0.67,-0.61,-1.09,55.31,0.073,4,12.77,1.58,1,39.07,0
SHP-02663,COVID-19-mRNA,Rail,Chennai-Kolkata,3.82,5.76,2.15,37.01,0.0617,5,33.34,18.44,0,0.0,0
SHP-02664,Hepatitis-B,Road,Delhi-Mumbai,1.52,3.05,0.53,55.51,1.2121,2,10.75,0.63,1,64.72,0
SHP-02665,Hepatitis-B,Road,Jaipur-Hyderabad,2.17,3.66,1.81,54.94,0.3343,4,33.6,0.6,1,88.44,0
SHP-02666,COVID-19-mRNA,Road,Bengaluru-Pune,0.89,1.8,-0.65,59.03,1.2864,7,52.96,1.3,1,39.55,1
SHP-02667,COVID-19-mRNA,Road,Lucknow-Ahmedabad,2.81,4.89,1.73,63.62,0.6663,5,27.35,7.01,1,28.56,0
SHP-02668,Hepatitis-B,Road,Bengaluru-Pune,2.51,3.53,2.5,65.48,2.5065,2,26.66,0.19,0,0.0,0
SHP-02669,Influenza,Rail,Lucknow-Ahmedabad,-1.94,-1.5,-2.52,38.9,1.0249,2,39.95,22.06,1,102.62,1
SHP-02670,Polio,Road,Lucknow-Ahmedabad,5.75,6.39,4.27,54.42,0.2674,4,38.9,22.0,0,0.0,0
SHP-02671,Hepatitis-B,Rail,Bengaluru-Pune,9.55,10.59,8.77,75.11,0.7099,5,36.83,0.87,1,77.03,1
SHP-02672,Polio,Road,Delhi-Mumbai,5.52,7.21,4.42,56.19,0.3186,2,40.11,2.56,0,0.0,0
SHP-02673,Influenza,Rail,Chennai-Kolkata,3.49,4.57,2.63,46.69,0.1327,3,9.17,1.14,0,0.0,0
SHP-02674,COVID-19-mRNA,Road,Delhi-Mumbai,3.86,4.03,2.65,54.2,0.1379,3,37.3,2.62,0,0.0,0
SHP-02675,Rotavirus,Road,Chennai-Kolkata,2.95,3.86,2.59,51.16,0.2532,4,71.47,3.81,0,0.0,0
SHP-02676,COVID-19-mRNA,Road,Jaipur-Hyderabad,4.23,4.3,3.38,43.24,0.0591,1,56.45,8.65,0,0.0,0
SHP-02677,Polio,Road,Lucknow-Ahmedabad,3.91,4.96,2.95,63.69,0.0979,3,24.98,0.18,0,0.0,0
SHP-02678,COVID-19-mRNA,Sea,Bengaluru-Pune,1.9,4.38,1.32,60.84,0.3472,2,50.73,21.67,1,25.11,0
SHP-02679,COVID-19-mRNA,Air,Jaipur-Hyderabad,8.21,9.87,7.4,41.65,1.5387,3,27.77,14.11,1,68.89,0
SHP-02680,Hepatitis-B,Air,Chennai-Kolkata,0.28,1.99,-0.49,54.07,0.431,6,18.64,4.22,1,17.81,1
SHP-02681,COVID-19-mRNA,Sea,Delhi-Mumbai,5.8,6.26,5.73,49.34,0.2625,4,57.05,3.28,0,0.0,0
SHP-02682,Influenza,Road,Bengaluru-Pune,3.75,5.61,3.43,38.98,0.139,5,19.83,4.0,0,0.0,0
SHP-02683,COVID-19-mRNA,Road,Lucknow-Ahmedabad,8.75,9.24,7.47,40.85,0.109,4,62.67,0.09,1,58.71,0
SHP-02684,Polio,Road,Jaipur-Hyderabad,4.85,5.36,4.78,42.34,0.5371,4,31.11,6.69,0,0.0,0
SHP-02685,Polio,Air,Lucknow-Ahmedabad,3.1,4.87,2.53,54.42,0.943,5,55.95,3.43,0,0.0,0
SHP-02686,COVID-19-mRNA,Rail,Chennai-Kolkata,3.38,4.95,3.14,50.42,0.2545,6,23.13,1.68,0,0.0,0
SHP-02687,COVID-19-mRNA,Road,Lucknow-Ahmedabad,4.1,5.51,2.96,45.41,0.4,2,49.08,3.1,0,0.0,0
SHP-02688,Polio,Road,Delhi-Mumbai,1.14,2.03,0.97,51.08,0.6133,4,20.03,1.73,1,69.72,0
SHP-02689,Polio,Road,Jaipur-Hyderabad,2.08,2.83,1.64,62.48,0.03,3,7.44,6.02,1,50.1,0
SHP-02690,Polio,Rail,Jaipur-Hyderabad,-0.46,0.98,-1.71,58.57,0.2161,2,59.76,4.77,1,32.75,1
SHP-02691,Hepatitis-B,Air,Delhi-Mumbai,1.69,3.27,0.37,65.02,0.6542,3,62.51,2.46,1,81.28,0
SHP-02692,Hepatitis-B,Rail,Lucknow-Ahmedabad,4.23,4.64,3.06,52.72,0.577,1,64.12,1.89,0,0.0,0
SHP-02693,COVID-19-mRNA,Road,Delhi-Mumbai,4.75,4.81,4.54,71.03,0.0274,2,8.4,10.52,0,0.0,0
SHP-02694,Polio,Road,Bengaluru-Pune,-0.95,-0.94,-1.07,58.48,0.1358,4,56.22,5.73,1,74.52,0
SHP-02695,Rotavirus,Sea,Delhi-Mumbai,3.66,4.43,3.39,50.11,0.5697,5,61.17,6.29,0,0.0,0
SHP-02696,Hepatitis-B,Road,Lucknow-Ahmedabad,5.41,6.28,5.1,55.93,0.1583,5,26.57,4.82,0,0.0,0
SHP-02697,Hepatitis-B,Road,Delhi-Mumbai,3.59,5.21,2.83,42.52,0.8421,1,37.05,0.39,0,0.0,0
SHP-02698,Polio,Road,Chennai-Kolkata,2.42,3.14,1.36,51.94,0.015,3,32.92,0.31,1,26.5,0
SHP-02699,Influenza,Road,Delhi-Mumbai,2.97,3.97,2.53,59.3,0.1056,6,35.05,2.8,0,0.0,0
SHP-02700,Influenza,Road,Delhi-Mumbai,2.65,4.1,2.2,61.12,0.1652,1,61.88,13.33,0,0.0,0
SHP-02701,Hepatitis-B,Sea,Lucknow-Ahmedabad,2.41,2.75,2.24,50.9,1.2971,5,33.58,3.72,0,0.0,0
SHP-02702,Rotavirus,Rail,Bengaluru-Pune,4.43,6.02,4.06,82.34,0.7956,7,25.96,10.43,0,0.0,1
SHP-02703,COVID-19-mRNA,Road,Bengaluru-Pune,9.77,10.13,9.55,53.28,1.0777,3,14.61,0.51,1,69.73,1
SHP-02704,COVID-19-mRNA,Road,Lucknow-Ahmedabad,2.14,2.76,1.75,38.22,0.2903,4,50.54,6.44,1,38.39,0
SHP-02705,Influenza,Air,Lucknow-Ahmedabad,3.2,4.72,3.2,67.13,0.8646,4,11.56,1.41,0,0.0,0
SHP-02706,Influenza,Air,Lucknow-Ahmedabad,3.87,4.42,3.06,61.07,0.9603,1,10.04,3.72,0,0.0,0
SHP-02707,COVID-19-mRNA,Road,Chennai-Kolkata,2.28,2.7,1.46,57.32,0.2554,3,50.98,1.73,1,72.02,0
SHP-02708,COVID-19-mRNA,Rail,Jaipur-Hyderabad,6.75,8.86,4.98,50.35,2.598,1,51.82,6.23,1,109.23,0
SHP-02709,COVID-19-mRNA,Road,Delhi-Mumbai,-1.93,-1.16,-2.9,58.93,0.9527,3,19.14,2.56,1,63.82,1
SHP-02710,COVID-19-mRNA,Rail,Lucknow-Ahmedabad,2.67,5.17,1.6,71.19,1.8267,4,69.17,3.1,1,46.82,0
SHP-02711,Influenza,Air,Lucknow-Ahmedabad,6.05,7.93,5.89,57.02,1.0068,3,58.0,1.41,0,0.0,0
SHP-02712,Hepatitis-B,Road,Lucknow-Ahmedabad,3.26,4.6,3.17,40.3,0.7485,4,51.3,1.65,0,0.0,0
SHP-02713,Polio,Air,Bengaluru-Pune,1.95,3.43,0.89,20.47,1.4398,2,55.79,0.99,1,110.51,0
SHP-02714,Polio,Road,Lucknow-Ahmedabad,5.1,7.39,5.04,58.85,0.2722,1,33.18,4.03,0,0.0,0
SHP-02715,COVID-19-mRNA,Air,Delhi-Mumbai,6.27,8.57,5.24,45.14,0.7647,5,36.07,0.78,1,73.73,0
SHP-02716,COVID-19-mRNA,Sea,Lucknow-Ahmedabad,4.53,6.01,3.65,54.0,0.1197,1,63.43,1.56,0,0.0,0
SHP-02717,Hepatitis-B,Air,Delhi-Mumbai,2.0,3.45,1.59,46.91,0.6599,7,7.68,3.78,1,59.73,0
SHP-02718,Rotavirus,Sea,Chennai-Kolkata,5.14,5.59,4.7,46.19,0.7694,2,58.96,1.61,0,0.0,0
SHP-02719,Influenza,Road,Jaipur-Hyderabad,2.99,4.25,2.44,47.35,0.6303,3,35.54,4.44,0,0.0,0
SHP-02720,COVID-19-mRNA,Sea,Bengaluru-Pune,5.86,6.39,5.28,48.25,0.9479,2,36.62,0.07,0,0.0,0
SHP-02721,Rotavirus,Road,Delhi-Mumbai,7.71,10.21,6.12,62.76,0.2667,4,27.5,18.1,1,39.01,1
SHP-02722,Influenza,Sea,Chennai-Kolkata,-2.51,-0.5,-2.52,60.74,0.3935,5,46.07,6.55,1,71.11,0
SHP-02723,Influenza,Air,Jaipur-Hyderabad,4.28,4.7,4.08,42.92,0.0054,5,50.59,3.5,0,0.0,0
SHP-02724,Polio,Road,Jaipur-Hyderabad,-0.34,1.6,-1.87,44.28,0.0789,3,16.61,12.68,1,117.76,1
SHP-02725,Polio,Sea,Jaipur-Hyderabad,10.1,11.95,10.09,58.79,0.5167,2,43.34,10.19,1,33.73,1
SHP-02726,Polio,Air,Delhi-Mumbai,2.83,4.45,2.58,65.53,0.4131,5,36.68,2.28,0,0.0,0
SHP-02727,COVID-19-mRNA,Air,Chennai-Kolkata,5.87,6.61,5.35,65.37,0.1099,1,57.61,0.62,0,0.0,0
SHP-02728,COVID-19-mRNA,Road,Lucknow-Ahmedabad,3.91,5.84,3.83,44.97,0.1395,4,41.99,1.45,0,0.0,0
SHP-02729,COVID-19-mRNA,Sea,Chennai-Kolkata,1.99,4.43,1.44,64.89,0.2109,1,34.35,1.17,1,52.0,0
SHP-02730,Polio,Road,Chennai-Kolkata,1.69,3.36,0.77,37.24,0.6301,2,40.91,6.93,1,111.64,0
SHP-02731,Influenza,Road,Chennai-Kolkata,7.96,8.28,5.74,52.97,0.4704,3,38.38,3.97,1,107.84,0
SHP-02732,Polio,Air,Delhi-Mumbai,6.39,6.44,6.33,59.87,0.0361,6,67.72,9.49,0,0.0,0
SHP-02733,COVID-19-mRNA,Air,Delhi-Mumbai,8.86,9.52,7.1,34.21,0.7134,2,26.58,3.36,1,40.77,0
SHP-02734,Rotavirus,Rail,Delhi-Mumbai,4.14,4.43,3.23,75.93,0.1524,1,8.47,7.34,0,0.0,0
SHP-02735,Rotavirus,Air,Chennai-Kolkata,4.72,5.91,4.19,68.27,0.557,6,49.69,1.95,0,0.0,0
SHP-02736,Influenza,Road,Delhi-Mumbai,3.33,3.95,2.06,61.47,0.0658,3,45.85,4.61,0,0.0,0
SHP-02737,Rotavirus,Sea,Jaipur-Hyderabad,3.28,6.22,1.86,45.35,3.088,1,66.06,5.1,1,64.92,0
SHP-02738,Hepatitis-B,Air,Delhi-Mumbai,1.4,5.4,-0.99,54.32,0.0419,3,13.75,7.12,1,93.4,1
SHP-02739,Rotavirus,Road,Bengaluru-Pune,4.21,6.55,2.85,62.9,0.6769,5,40.49,8.03,0,0.0,0
SHP-02740,COVID-19-mRNA,Air,Delhi-Mumbai,2.03,2.74,0.38,43.77,0.3897,1,15.95,1.62,1,42.86,0
SHP-02741,Polio,Road,Delhi-Mumbai,5.1,5.61,4.93,53.2,0.0449,1,36.08,2.43,0,0.0,0
SHP-02742,COVID-19-mRNA,Air,Delhi-Mumbai,4.43,5.62,3.9,64.1,0.0136,3,58.76,1.16,0,0.0,0
SHP-02743,COVID-19-mRNA,Road,Delhi-Mumbai,4.72,5.82,4.15,40.05,0.2252,2,62.59,6.89,0,0.0,0
SHP-02744,COVID-19-mRNA,Road,Bengaluru-Pune,8.19,9.02,6.85,58.32,0.8103,5,61.03,1.58,1,37.61,0
SHP-02745,Hepatitis-B,Road,Lucknow-Ahmedabad,3.91,7.13,2.76,37.45,0.021,5,42.13,2.48,0,0.0,0
SHP-02746,Influenza,Road,Delhi-Mumbai,5.89,8.6,5.38,45.56,0.6094,2,47.84,8.12,1,97.52,0
SHP-02747,Hepatitis-B,Air,Jaipur-Hyderabad,9.13,10.25,8.28,49.95,0.5327,1,42.4,2.08,1,87.78,1
SHP-02748,COVID-19-mRNA,Road,Bengaluru-Pune,7.27,8.71,6.98,60.14,0.1543,2,43.04,1.72,1,37.48,0
SHP-02749,Influenza,Road,Lucknow-Ahmedabad,6.88,8.22,5.78,47.99,0.0403,5,64.42,5.27,1,55.67,0
SHP-02750,Hepatitis-B,Road,Delhi-Mumbai,3.23,3.59,2.72,56.26,1.2344,4,19.81,18.52,0,0.0,0
SHP-02751,Polio,Air,Lucknow-Ahmedabad,4.57,7.8,2.77,48.13,0.1786,3,34.96,0.32,0,0.0,0
SHP-02752,Hepatitis-B,Road,Jaipur-Hyderabad,0.7,1.13,0.53,49.69,0.059,6,46.26,9.0,1,74.37,0
SHP-02753,COVID-19-mRNA,Air,Bengaluru-Pune,5.25,6.51,5.03,67.51,0.5721,5,56.51,0.65,0,0.0,0
SHP-02754,Polio,Road,Bengaluru-Pune,4.69,5.9,4.36,43.5,0.1221,3,56.28,2.11,0,0.0,0
SHP-02755,Rotavirus,Air,Lucknow-Ahmedabad,4.06,4.43,3.92,62.59,0.3228,5,13.74,2.7,0,0.0,0
SHP-02756,COVID-19-mRNA,Road,Delhi-Mumbai,6.57,7.32,5.72,54.99,0.0259,1,20.65,6.34,0,0.0,0
SHP-02757,Polio,Road,Chennai-Kolkata,0.98,1.03,0.74,49.24,2.4798,2,66.16,13.06,1,39.86,0
SHP-02758,Rotavirus,Rail,Bengaluru-Pune,8.09,8.21,7.3,42.82,0.2968,5,29.6,0.54,1,109.81,0
SHP-02759,Influenza,Rail,Chennai-Kolkata,6.25,9.07,5.31,43.54,3.5121,1,6.18,6.83,1,31.21,0
SHP-02760,COVID-19-mRNA,Air,Bengaluru-Pune,3.82,6.1,3.39,47.61,0.2436,1,19.19,1.95,0,0.0,0
SHP-02761,COVID-19-mRNA,Road,Delhi-Mumbai,3.63,5.1,3.13,53.5,0.2137,3,69.99,11.61,0,0.0,0
SHP-02762,COVID-19-mRNA,Air,Delhi-Mumbai,5.2,6.63,4.19,61.04,1.23,7,26.44,1.63,0,0.0,0
SHP-02763,Hepatitis-B,Road,Bengaluru-Pune,7.8,8.29,7.25,52.0,0.1998,3,46.51,5.92,1,21.92,0
SHP-02764,Polio,Road,Lucknow-Ahmedabad,4.25,4.42,3.41,52.67,0.2828,3,53.96,0.9,0,0.0,0
SHP-02765,COVID-19-mRNA,Road,Delhi-Mumbai,4.36,6.55,2.94,54.16,0.0407,4,48.67,15.84,0,0.0,0
SHP-02766,Rotavirus,Road,Delhi-Mumbai,4.05,4.45,2.1,59.77,1.5557,4,30.92,0.02,0,0.0,0
SHP-02767,Hepatitis-B,Road,Jaipur-Hyderabad,8.46,9.3,7.89,61.45,0.0445,1,34.41,1.33,1,18.56,0
SHP-02768,COVID-19-mRNA,Road,Delhi-Mumbai,3.08,3.49,3.05,41.13,0.7374,3,61.31,5.63,0,0.0,0
SHP-02769,Hepatitis-B,Air,Jaipur-Hyderabad,3.93,4.27,3.05,52.18,0.3868,4,49.74,9.6,0,0.0,0
SHP-02770,Hepatitis-B,Road,Delhi-Mumbai,7.66,8.12,6.84,67.27,0.0317,5,7.55,25.22,1,90.77,0
SHP-02771,COVID-19-mRNA,Road,Delhi-Mumbai,4.37,7.27,3.89,41.84,0.0009,2,19.43,0.95,0,0.0,0
SHP-02772,COVID-19-mRNA,Road,Lucknow-Ahmedabad,6.84,7.22,5.26,55.74,1.371,1,24.9,1.83,0,0.0,0
SHP-02773,Influenza,Air,Lucknow-Ahmedabad,1.72,3.47,-0.31,53.29,0.6777,3,30.12,11.12,1,106.81,1
SHP-02774,Polio,Road,Delhi-Mumbai,3.49,9.4,3.32,49.33,0.5799,3,44.07,0.17,1,35.6,0
SHP-02775,Hepatitis-B,Road,Bengaluru-Pune,7.71,9.52,7.25,70.91,0.2886,2,30.19,6.61,1,30.96,0
SHP-02776,Polio,Air,Bengaluru-Pune,2.31,2.94,1.53,55.37,0.1363,4,60.45,2.75,1,67.27,0
SHP-02777,COVID-19-mRNA,Road,Delhi-Mumbai,3.62,4.48,3.3,70.11,0.5695,2,37.27,5.84,0,0.0,0
SHP-02778,COVID-19-mRNA,Rail,Bengaluru-Pune,4.64,7.71,2.88,55.06,0.4686,0,39.14,3.72,0,0.0,0
SHP-02779,Polio,Rail,Delhi-Mumbai,1.53,3.56,1.5,59.6,0.6479,4,34.21,4.93,1,116.09,0
SHP-02780,COVID-19-mRNA,Road,Lucknow-Ahmedabad,2.97,3.9,1.65,49.23,0.2277,4,26.49,5.49,1,57.86,0
SHP-02781,COVID-19-mRNA,Road,Chennai-Kolkata,4.28,6.39,3.64,49.34,2.1685,2,53.84,4.99,0,0.0,0
SHP-02782,Influenza,Air,Jaipur-Hyderabad,4.12,4.59,4.06,59.09,0.0347,3,21.15,5.46,0,0.0,0
SHP-02783,Rotavirus,Rail,Bengaluru-Pune,7.2,7.25,5.99,59.28,0.0415,3,51.51,4.2,0,0.0,0
SHP-02784,Influenza,Air,Bengaluru-Pune,7.85,9.46,6.95,60.98,1.2437,3,40.96,6.26,1,106.8,0
SHP-02785,Rotavirus,Sea,Lucknow-Ahmedabad,1.86,3.48,1.74,58.77,0.5216,3,12.75,7.48,1,17.92,0
SHP-02786,COVID-19-mRNA,Road,Bengaluru-Pune,4.28,5.27,3.92,41.64,0.1975,0,7.19,7.75,0,0.0,0
SHP-02787,Rotavirus,Road,Delhi-Mumbai,5.69,5.71,5.37,46.94,0.7176,6,17.18,9.6,0,0.0,0
SHP-02788,COVID-19-mRNA,Sea,Delhi-Mumbai,7.79,8.2,7.2,63.5,0.3014,4,56.23,1.9,1,101.52,0
SHP-02789,Rotavirus,Air,Chennai-Kolkata,5.8,7.23,5.4,35.42,0.0107,2,31.38,6.85,0,0.0,0
SHP-02790,Rotavirus,Road,Chennai-Kolkata,4.73,6.65,3.73,57.93,0.5265,3,59.12,14.66,0,0.0,0
SHP-02791,Influenza,Road,Chennai-Kolkata,5.67,6.88,4.73,53.88,0.1393,1,39.13,2.29,0,0.0,0
SHP-02792,Rotavirus,Air,Delhi-Mumbai,5.68,6.54,5.66,63.5,0.0613,1,8.16,7.52,0,0.0,0
SHP-02793,Hepatitis-B,Road,Chennai-Kolkata,1.68,3.32,1.02,59.17,0.1276,3,61.84,1.72,1,107.87,0
SHP-02794,COVID-19-mRNA,Road,Chennai-Kolkata,4.48,4.98,2.62,48.36,0.3233,1,67.79,0.97,0,0.0,0
SHP-02795,Polio,Road,Delhi-Mumbai,7.65,7.96,7.34,47.91,0.0256,2,10.9,2.96,0,0.0,0
SHP-02796,Hepatitis-B,Air,Lucknow-Ahmedabad,3.48,4.37,2.47,49.77,1.0734,5,19.75,8.21,0,0.0,0
SHP-02797,COVID-19-mRNA,Sea,Bengaluru-Pune,4.32,5.56,2.71,60.8,0.4104,5,53.23,1.83,0,0.0,0
SHP-02798,Hepatitis-B,Air,Jaipur-Hyderabad,3.39,5.29,1.38,31.98,0.1734,3,71.81,1.75,1,30.14,0
SHP-02799,Rotavirus,Air,Delhi-Mumbai,-1.78,-0.99,-2.39,56.57,0.5808,5,63.84,1.63,1,33.92,1
SHP-02800,COVID-19-mRNA,Road,Delhi-Mumbai,4.05,5.75,4.0,46.17,0.8154,3,12.53,1.23,0,0.0,0
SHP-02801,Influenza,Air,Jaipur-Hyderabad,4.75,5.8,4.59,56.91,0.4759,10,46.08,4.72,0,0.0,0
SHP-02802,Rotavirus,Air,Jaipur-Hyderabad,2.72,4.89,1.61,58.44,0.1131,2,49.9,1.39,1,66.56,0
SHP-02803,Rotavirus,Sea,Chennai-Kolkata,1.11,3.07,0.29,38.38,0.0584,1,47.63,13.66,1,108.72,0
SHP-02804,Rotavirus,Road,Jaipur-Hyderabad,1.8,3.39,-0.11,52.73,0.9827,1,43.49,2.12,1,36.4,0
SHP-02805,Hepatitis-B,Air,Bengaluru-Pune,5.91,6.53,4.92,56.56,0.1337,4,25.29,3.91,0,0.0,0
SHP-02806,Rotavirus,Air,Bengaluru-Pune,8.93,10.94,7.92,55.88,0.0101,2,50.12,2.63,1,43.95,1
SHP-02807,Influenza,Road,Bengaluru-Pune,7.46,10.36,6.75,53.78,0.5149,8,54.08,16.45,1,82.52,1
SHP-02808,COVID-19-mRNA,Rail,Bengaluru-Pune,0.64,2.34,-0.56,42.79,0.083,2,44.0,2.76,1,71.87,0
SHP-02809,Polio,Road,Bengaluru-Pune,6.14,7.1,6.12,44.31,2.3536,2,38.81,4.15,0,0.0,0
SHP-02810,Influenza,Air,Chennai-Kolkata,2.34,4.25,1.25,41.22,1.0191,2,20.46,7.21,1,83.48,0
SHP-02811,COVID-19-mRNA,Air,Delhi-Mumbai,2.54,3.05,1.93,60.54,0.4688,4,41.95,0.94,1,63.23,0
SHP-02812,Hepatitis-B,Air,Jaipur-Hyderabad,2.85,5.77,1.47,53.84,0.8975,0,14.46,0.17,1,99.76,0
SHP-02813,Hepatitis-B,Air,Delhi-Mumbai,5.77,5.84,5.47,54.48,0.3179,2,10.8,3.03,0,0.0,0
SHP-02814,COVID-19-mRNA,Road,Jaipur-Hyderabad,6.4,6.91,6.34,37.95,0.7767,1,57.34,4.0,0,0.0,0
SHP-02815,Hepatitis-B,Air,Chennai-Kolkata,3.75,5.17,2.75,54.66,0.52,5,50.63,1.69,0,0.0,0
SHP-02816,Influenza,Road,Chennai-Kolkata,3.8,7.04,3.34,61.34,0.0145,3,48.84,3.1,0,0.0,0
SHP-02817,Polio,Road,Lucknow-Ahmedabad,5.16,5.97,4.9,36.58,1.4856,3,67.26,4.77,0,0.0,0
SHP-02818,COVID-19-mRNA,Sea,Lucknow-Ahmedabad,5.42,5.76,5.27,49.65,0.9864,4,31.13,18.11,0,0.0,0
SHP-02819,COVID-19-mRNA,Sea,Chennai-Kolkata,6.94,8.92,6.85,39.3,1.5332,1,32.38,4.6,1,60.13,0
SHP-02820,Polio,Road,Chennai-Kolkata,0.79,1.06,0.4,50.8,0.6572,2,33.31,2.98,1,86.56,0
SHP-02821,Rotavirus,Road,Jaipur-Hyderabad,4.05,4.12,3.5,45.99,0.2656,3,36.71,0.11,0,0.0,0
SHP-02822,COVID-19-mRNA,Road,Chennai-Kolkata,1.33,1.75,-0.52,58.81,0.116,4,39.85,1.86,1,14.83,0
SHP-02823,Hepatitis-B,Road,Delhi-Mumbai,3.87,4.28,3.31,56.69,0.0992,2,57.35,2.22,0,0.0,0
SHP-02824,COVID-19-mRNA,Road,Jaipur-Hyderabad,3.43,3.99,2.72,67.92,0.0783,3,20.37,3.24,0,0.0,0
SHP-02825,Polio,Road,Chennai-Kolkata,3.88,4.71,3.03,54.46,0.1246,2,34.65,7.62,0,0.0,0
SHP-02826,Influenza,Rail,Jaipur-Hyderabad,2.0,2.97,1.53,58.38,0.4,4,39.34,7.48,1,72.92,0
SHP-02827,Influenza,Sea,Jaipur-Hyderabad,0.28,1.43,-1.02,49.42,0.5756,1,17.16,9.33,1,32.92,0
SHP-02828,COVID-19-mRNA,Road,Bengaluru-Pune,-1.24,-0.32,-1.26,43.97,0.1885,3,52.33,1.71,1,61.05,0
SHP-02829,Polio,Road,Lucknow-Ahmedabad,3.67,5.77,2.33,63.35,0.3979,4,9.71,2.13,0,0.0,0
SHP-02830,COVID-19-mRNA,Air,Jaipur-Hyderabad,2.92,5.31,1.27,67.43,0.2087,6,44.67,0.81,1,35.87,0
SHP-02831,Polio,Air,Jaipur-Hyderabad,2.31,2.76,1.09,62.06,0.5962,2,19.34,9.74,1,28.02,0
SHP-02832,Hepatitis-B,Road,Bengaluru-Pune,7.31,8.71,6.93,56.31,2.2321,2,6.56,5.28,1,48.53,0
SHP-02833,COVID-19-mRNA,Air,Chennai-Kolkata,1.85,3.16,0.64,45.26,0.584,1,26.84,0.4,1,14.28,0
SHP-02834,COVID-19-mRNA,Rail,Jaipur-Hyderabad,7.54,11.12,5.28,66.42,0.0304,3,34.32,1.81,1,28.31,1
SHP-02835,Polio,Air,Bengaluru-Pune,8.06,8.43,7.66,60.8,0.3243,4,59.94,0.83,1,90.45,0
SHP-02836,Rotavirus,Road,Delhi-Mumbai,-0.88,0.78,-1.28,75.25,0.7357,4,32.92,17.41,1,81.4,1
SHP-02837,Rotavirus,Road,Bengaluru-Pune,4.23,4.45,3.53,43.46,0.3907,6,66.42,1.96,0,0.0,0
SHP-02838,COVID-19-mRNA,Road,Lucknow-Ahmedabad,3.0,3.63,1.95,63.63,1.5086,4,61.61,3.43,1,70.63,0
SHP-02839,Influenza,Road,Lucknow-Ahmedabad,-3.28,-2.39,-3.83,60.49,0.0282,3,18.72,1.91,1,101.23,1
SHP-02840,Polio,Rail,Chennai-Kolkata,0.39,0.42,-0.85,51.58,0.1721,2,16.28,3.22,1,102.31,0
SHP-02841,Polio,Road,Chennai-Kolkata,5.94,8.78,4.54,68.64,0.1247,3,22.09,32.94,1,81.98,0
SHP-02842,Influenza,Road,Lucknow-Ahmedabad,9.05,10.5,8.41,59.02,0.7297,5,29.74,1.69,1,23.65,1
SHP-02843,Rotavirus,Air,Lucknow-Ahmedabad,6.26,6.27,5.05,45.63,0.371,3,44.51,1.66,0,0.0,0
SHP-02844,Rotavirus,Road,Jaipur-Hyderabad,4.81,4.94,4.31,53.82,0.0744,3,14.19,2.32,0,0.0,0
SHP-02845,Hepatitis-B,Rail,Lucknow-Ahmedabad,3.95,6.06,3.77,45.51,0.1682,3,41.11,0.93,0,0.0,0
SHP-02846,Polio,Road,Chennai-Kolkata,8.21,10.51,7.56,50.31,0.3698,4,44.33,6.72,1,38.38,1
SHP-02847,Influenza,Rail,Lucknow-Ahmedabad,9.37,9.45,9.34,62.04,2.7771,1,49.62,2.38,1,61.09,0
SHP-02848,COVID-19-mRNA,Road,Chennai-Kolkata,2.53,4.64,2.0,64.89,0.2265,1,42.31,4.35,1,100.81,0
SHP-02849,Hepatitis-B,Air,Delhi-Mumbai,-1.0,1.5,-1.86,57.21,0.0853,0,60.46,5.41,1,108.1,0
SHP-02850,Polio,Air,Lucknow-Ahmedabad,-1.25,-0.58,-2.33,47.5,0.3436,2,48.34,0.18,1,102.24,0
SHP-02851,Hepatitis-B,Road,Chennai-Kolkata,7.3,8.04,6.52,58.82,0.1857,3,67.02,5.16,1,22.81,0
SHP-02852,COVID-19-mRNA,Road,Bengaluru-Pune,3.88,5.2,3.82,62.23,0.4173,5,52.26,3.8,0,0.0,0
SHP-02853,COVID-19-mRNA,Rail,Jaipur-Hyderabad,4.46,5.51,4.14,35.28,0.3143,2,34.78,0.43,0,0.0,0
SHP-02854,Rotavirus,Road,Chennai-Kolkata,-0.48,-0.46,-0.63,56.16,0.5848,2,19.84,0.66,1,78.07,0
SHP-02855,COVID-19-mRNA,Road,Lucknow-Ahmedabad,2.12,3.2,1.68,53.1,1.2284,2,6.69,2.91,1,37.23,0
SHP-02856,Hepatitis-B,Road,Lucknow-Ahmedabad,3.26,3.37,3.01,64.54,0.1119,4,11.97,2.13,0,0.0,0
SHP-02857,COVID-19-mRNA,Road,Delhi-Mumbai,4.52,5.09,4.04,58.86,0.8607,5,18.52,2.88,0,0.0,0
SHP-02858,COVID-19-mRNA,Air,Bengaluru-Pune,3.0,3.25,2.19,59.84,1.4906,2,20.29,5.05,0,0.0,0
SHP-02859,COVID-19-mRNA,Air,Chennai-Kolkata,1.41,2.72,-0.01,50.18,0.2339,3,54.97,0.84,1,26.9,1
SHP-02860,COVID-19-mRNA,Air,Bengaluru-Pune,2.04,3.3,0.92,55.02,0.0603,2,31.48,5.43,1,86.36,0
SHP-02861,Rotavirus,Air,Delhi-Mumbai,7.02,8.95,6.66,64.44,0.8627,1,27.42,8.52,1,78.51,0
SHP-02862,COVID-19-mRNA,Air,Jaipur-Hyderabad,4.61,5.87,3.01,54.35,0.6038,1,9.46,0.01,0,0.0,0
SHP-02863,Rotavirus,Air,Bengaluru-Pune,5.53,5.89,4.15,56.75,0.1196,2,41.55,2.3,0,0.0,0
SHP-02864,Hepatitis-B,Road,Delhi-Mumbai,1.75,2.4,0.71,39.64,0.2946,4,46.45,1.61,1,48.24,0
SHP-02865,Polio,Road,Chennai-Kolkata,-3.38,-2.8,-3.61,54.31,0.4314,2,63.94,2.83,1,83.65,0
SHP-02866,Hepatitis-B,Sea,Jaipur-Hyderabad,2.69,4.01,2.24,34.88,0.0931,2,39.19,4.78,0,0.0,0
SHP-02867,Hepatitis-B,Air,Lucknow-Ahmedabad,1.83,1.84,-0.44,49.84,0.6275,3,6.51,1.04,1,61.04,0
SHP-02868,Influenza,Road,Delhi-Mumbai,4.87,5.92,3.22,55.64,0.5854,2,10.31,0.72,0,0.0,0
SHP-02869,COVID-19-mRNA,Road,Lucknow-Ahmedabad,12.21,13.3,11.24,62.67,1.0907,2,23.89,6.53,1,75.12,1
SHP-02870,Polio,Air,Jaipur-Hyderabad,5.74,5.79,5.63,45.01,0.4188,0,15.19,5.79,0,0.0,0
SHP-02871,Rotavirus,Rail,Delhi-Mumbai,10.84,11.86,10.05,58.74,0.427,1,56.86,3.09,1,32.41,1
SHP-02872,Rotavirus,Air,Delhi-Mumbai,5.42,5.74,5.31,69.68,0.483,4,13.12,3.48,0,0.0,0
SHP-02873,Rotavirus,Sea,Jaipur-Hyderabad,2.43,3.25,0.55,48.59,0.16,2,16.61,1.57,1,24.5,0
SHP-02874,Polio,Rail,Chennai-Kolkata,4.87,5.98,4.77,39.53,0.7107,2,50.01,2.0,0,0.0,0
SHP-02875,Influenza,Road,Delhi-Mumbai,8.45,9.47,8.12,57.9,0.5431,1,21.82,1.93,1,72.04,0
SHP-02876,Polio,Road,Jaipur-Hyderabad,8.57,9.33,6.38,43.08,0.9136,1,69.96,6.48,1,100.9,0
SHP-02877,Polio,Road,Bengaluru-Pune,2.56,2.71,0.62,46.81,0.7318,3,62.97,4.06,1,116.74,0
SHP-02878,COVID-19-mRNA,Road,Lucknow-Ahmedabad,4.63,5.28,4.32,64.23,0.5088,1,55.14,6.54,0,0.0,0
SHP-02879,Hepatitis-B,Road,Delhi-Mumbai,0.43,0.82,-0.25,73.77,0.0877,2,28.65,4.47,1,21.79,0
SHP-02880,COVID-19-mRNA,Air,Bengaluru-Pune,6.06,6.68,4.9,44.99,1.2576,1,9.75,3.94,0,0.0,0
SHP-02881,Polio,Air,Delhi-Mumbai,7.88,9.57,7.19,47.63,0.2288,3,28.2,1.93,1,96.86,0
SHP-02882,Rotavirus,Road,Chennai-Kolkata,4.1,5.56,3.01,50.6,1.6663,3,30.86,2.52,0,0.0,0
SHP-02883,COVID-19-mRNA,Road,Jaipur-Hyderabad,2.33,2.61,2.08,49.52,0.257,3,14.41,10.92,0,0.0,0
SHP-02884,COVID-19-mRNA,Rail,Delhi-Mumbai,4.9,7.01,4.89,74.33,0.0789,3,13.96,4.29,0,0.0,0
SHP-02885,COVID-19-mRNA,Air,Jaipur-Hyderabad,5.04,5.56,4.15,49.69,1.0807,3,50.1,3.72,0,0.0,0
SHP-02886,Rotavirus,Rail,Delhi-Mumbai,4.2,6.72,3.99,51.12,0.7925,6,21.34,0.27,0,0.0,0
SHP-02887,Hepatitis-B,Air,Chennai-Kolkata,4.45,5.57,3.93,71.16,0.7716,7,50.75,5.56,0,0.0,0
SHP-02888,Polio,Road,Chennai-Kolkata,3.57,4.72,2.99,60.77,0.0468,3,42.19,5.79,0,0.0,0
SHP-02889,Influenza,Road,Bengaluru-Pune,6.49,7.67,5.64,64.86,1.0571,2,65.5,5.87,0,0.0,0
SHP-02890,Influenza,Road,Chennai-Kolkata,5.84,5.88,5.28,45.94,0.4537,4,58.61,0.48,0,0.0,0
SHP-02891,Polio,Air,Jaipur-Hyderabad,1.54,2.86,0.7,49.7,0.3178,3,15.99,1.79,1,36.2,0
SHP-02892,Hepatitis-B,Road,Chennai-Kolkata,1.47,2.67,1.21,44.6,1.2219,7,46.27,2.32,1,104.94,0
SHP-02893,Influenza,Rail,Delhi-Mumbai,3.36,5.66,2.75,63.01,0.5484,3,49.11,8.76,0,0.0,0
SHP-02894,Hepatitis-B,Road,Chennai-Kolkata,5.84,8.0,5.14,67.25,0.0714,4,62.9,19.73,0,0.0,0
SHP-02895,COVID-19-mRNA,Road,Jaipur-Hyderabad,4.37,4.55,3.72,49.0,0.3665,1,48.3,2.68,0,0.0,0
SHP-02896,Rotavirus,Rail,Delhi-Mumbai,2.39,3.17,1.84,51.36,0.5061,2,15.29,4.04,1,33.78,0
SHP-02897,Hepatitis-B,Road,Bengaluru-Pune,4.65,6.71,4.38,51.8,1.1441,4,23.06,0.04,0,0.0,0
SHP-02898,COVID-19-mRNA,Road,Bengaluru-Pune,3.17,4.21,2.01,39.53,0.1642,3,48.08,0.04,0,0.0,0
SHP-02899,Polio,Road,Bengaluru-Pune,6.2,6.54,6.12,48.26,0.7905,0,66.19,0.39,0,0.0,0
SHP-02900,COVID-19-mRNA,Rail,Delhi-Mumbai,4.83,6.86,3.73,62.73,0.8043,4,64.84,6.36,0,0.0,0
SHP-02901,COVID-19-mRNA,Road,Bengaluru-Pune,3.21,4.47,1.42,46.25,0.0685,2,29.71,0.98,1,72.19,0
SHP-02902,Influenza,Air,Chennai-Kolkata,4.58,5.82,4.34,55.93,0.0087,1,60.82,7.09,0,0.0,0
SHP-02903,COVID-19-mRNA,Road,Delhi-Mumbai,7.29,8.07,6.64,41.92,0.4354,3,39.75,2.83,1,72.46,0
SHP-02904,Polio,Rail,Delhi-Mumbai,2.58,2.64,1.94,53.56,0.7791,3,36.65,9.48,1,73.29,0
SHP-02905,Hepatitis-B,Air,Delhi-Mumbai,5.01,6.5,3.97,49.37,0.4042,2,29.16,10.21,0,0.0,0
SHP-02906,COVID-19-mRNA,Sea,Lucknow-Ahmedabad,3.82,4.91,3.63,42.78,0.8393,4,50.76,10.59,0,0.0,0
SHP-02907,Rotavirus,Air,Jaipur-Hyderabad,5.07,5.5,3.7,62.9,0.4868,4,45.57,3.92,0,0.0,0
SHP-02908,COVID-19-mRNA,Rail,Lucknow-Ahmedabad,2.36,4.5,1.43,63.47,0.5296,1,30.73,7.77,1,104.98,0
SHP-02909,Polio,Road,Lucknow-Ahmedabad,4.28,4.47,3.68,45.3,0.0143,4,56.35,5.42,0,0.0,0
SHP-02910,Polio,Road,Lucknow-Ahmedabad,6.77,7.58,6.26,52.84,0.0464,5,31.04,1.03,0,0.0,0
SHP-02911,COVID-19-mRNA,Rail,Jaipur-Hyderabad,1.66,3.14,0.95,55.44,0.6455,9,44.57,2.4,1,55.46,0
SHP-02912,COVID-19-mRNA,Road,Lucknow-Ahmedabad,0.68,2.77,0.38,36.85,0.7195,3,31.9,16.4,1,101.58,0
SHP-02913,Influenza,Road,Bengaluru-Pune,0.77,2.75,-1.08,41.03,0.3906,4,13.71,7.4,1,112.59,0
SHP-02914,Rotavirus,Air,Delhi-Mumbai,1.07,3.62,0.55,67.86,0.446,4,16.64,1.53,1,97.47,0
SHP-02915,COVID-19-mRNA,Air,Delhi-Mumbai,5.49,6.1,4.37,44.35,0.4764,5,49.34,1.65,0,0.0,0
SHP-02916,Hepatitis-B,Air,Chennai-Kolkata,0.49,2.04,0.08,67.58,0.0555,6,59.54,1.47,1,96.53,0
SHP-02917,Influenza,Road,Bengaluru-Pune,3.26,3.75,2.94,41.55,0.5512,6,36.92,1.99,0,0.0,0
SHP-02918,Influenza,Air,Jaipur-Hyderabad,5.55,5.62,4.38,61.59,0.3255,6,27.49,13.18,0,0.0,0
SHP-02919,Polio,Air,Delhi-Mumbai,5.04,5.45,4.37,51.89,0.4613,3,28.21,2.84,0,0.0,0
SHP-02920,Polio,Road,Lucknow-Ahmedabad,3.04,3.07,2.83,53.29,0.4141,4,45.44,2.26,0,0.0,0
SHP-02921,Polio,Road,Chennai-Kolkata,4.48,4.9,4.27,73.56,0.7198,6,36.87,1.37,0,0.0,0
SHP-02922,Influenza,Road,Chennai-Kolkata,4.27,4.4,3.73,42.46,0.1918,3,6.05,11.15,0,0.0,0
SHP-02923,Influenza,Air,Delhi-Mumbai,3.44,3.84,2.77,60.95,0.2338,4,56.92,15.78,0,0.0,0
SHP-02924,COVID-19-mRNA,Air,Bengaluru-Pune,3.47,4.16,2.76,60.53,0.2485,0,15.39,1.95,0,0.0,0
SHP-02925,Polio,Sea,Chennai-Kolkata,9.59,10.1,8.16,88.55,0.7187,3,50.54,4.79,1,66.57,1
SHP-02926,Rotavirus,Road,Delhi-Mumbai,6.02,6.89,4.16,44.23,0.282,1,28.72,15.9,0,0.0,0
SHP-02927,Influenza,Rail,Bengaluru-Pune,10.2,13.08,9.27,48.74,0.0974,5,44.15,3.46,1,99.09,1
SHP-02928,Rotavirus,Rail,Delhi-Mumbai,2.76,4.95,2.09,63.16,2.0385,2,62.44,3.16,0,0.0,0
SHP-02929,Influenza,Rail,Delhi-Mumbai,3.79,4.62,2.65,53.0,0.34,5,16.18,3.75,0,0.0,0
SHP-02930,Polio,Air,Bengaluru-Pune,0.67,2.66,0.14,50.37,0.0578,3,57.32,0.17,1,103.16,0
SHP-02931,Hepatitis-B,Rail,Bengaluru-Pune,1.98,3.17,1.3,64.58,0.5547,1,8.53,1.78,1,69.34,0
SHP-02932,Hepatitis-B,Rail,Bengaluru-Pune,8.75,9.03,7.86,52.33,0.6719,3,66.81,6.0,1,110.26,0
SHP-02933,COVID-19-mRNA,Road,Delhi-Mumbai,2.69,4.95,2.45,46.08,0.3468,1,19.3,17.02,0,0.0,0
SHP-02934,Hepatitis-B,Road,Chennai-Kolkata,8.8,9.19,8.47,62.26,0.5199,4,58.43,4.21,1,48.31,0
SHP-02935,Influenza,Road,Jaipur-Hyderabad,0.89,1.39,0.64,58.75,0.0948,3,10.44,1.06,1,106.13,0
SHP-02936,COVID-19-mRNA,Air,Jaipur-Hyderabad,1.37,3.07,0.51,51.87,0.2294,5,27.59,2.78,1,74.36,0
SHP-02937,Influenza,Road,Delhi-Mumbai,3.15,5.38,2.83,51.4,0.0883,1,47.81,3.37,0,0.0,0
SHP-02938,Hepatitis-B,Road,Delhi-Mumbai,3.84,4.58,2.6,45.85,0.2449,7,49.48,0.83,0,0.0,0
SHP-02939,Rotavirus,Road,Chennai-Kolkata,6.31,6.79,5.97,62.25,0.4137,3,52.12,2.0,0,0.0,0
SHP-02940,COVID-19-mRNA,Road,Bengaluru-Pune,5.13,6.88,4.97,51.4,0.2922,3,29.16,2.94,0,0.0,0
SHP-02941,COVID-19-mRNA,Road,Delhi-Mumbai,2.96,4.08,2.75,47.3,0.4497,4,49.96,1.52,0,0.0,0
SHP-02942,Hepatitis-B,Road,Lucknow-Ahmedabad,3.67,5.41,3.38,42.14,0.3483,2,34.28,2.18,0,0.0,0
SHP-02943,COVID-19-mRNA,Sea,Bengaluru-Pune,3.2,4.52,2.53,58.92,0.1912,4,43.35,1.62,0,0.0,0
SHP-02944,Influenza,Air,Delhi-Mumbai,1.71,1.97,1.03,49.91,0.0774,2,42.12,4.74,1,18.17,0
SHP-02945,Influenza,Road,Lucknow-Ahmedabad,1.78,2.06,0.45,34.87,0.1456,1,17.1,4.32,1,103.5,0
SHP-02946,COVID-19-mRNA,Air,Chennai-Kolkata,6.57,7.33,5.94,42.97,0.112,2,61.88,4.01,0,0.0,0
SHP-02947,Hepatitis-B,Road,Lucknow-Ahmedabad,-0.57,0.71,-1.51,52.66,0.6145,2,63.23,0.51,1,111.94,0
SHP-02948,Hepatitis-B,Road,Delhi-Mumbai,8.04,8.18,6.35,52.94,0.8573,3,19.45,1.01,1,91.35,0
SHP-02949,Polio,Sea,Jaipur-Hyderabad,3.14,3.4,2.97,52.56,0.6372,1,33.49,0.59,0,0.0,0
SHP-02950,Rotavirus,Road,Delhi-Mumbai,2.07,2.41,1.35,51.17,0.516,5,36.68,0.33,1,11.12,0
SHP-02951,Influenza,Sea,Jaipur-Hyderabad,5.85,5.97,4.74,40.24,0.184,1,42.23,1.42,0,0.0,0
SHP-02952,Hepatitis-B,Air,Chennai-Kolkata,7.71,8.23,7.22,46.25,0.6206,2,7.47,1.08,1,31.0,0
SHP-02953,Influenza,Road,Chennai-Kolkata,6.79,10.08,5.02,66.84,0.4645,5,56.08,6.45,1,105.07,1
SHP-02954,Polio,Air,Bengaluru-Pune,5.25,9.1,4.73,65.36,0.024,3,62.89,5.95,1,112.26,0
SHP-02955,Rotavirus,Rail,Bengaluru-Pune,6.72,7.68,6.44,60.78,1.1909,4,15.38,1.12,0,0.0,0
SHP-02956,Hepatitis-B,Road,Jaipur-Hyderabad,-0.29,3.19,-2.45,59.9,0.0417,2,65.18,0.9,1,110.5,0
SHP-02957,Influenza,Road,Jaipur-Hyderabad,2.7,3.59,2.61,64.05,0.3493,5,62.16,0.78,0,0.0,0
SHP-02958,Rotavirus,Rail,Chennai-Kolkata,1.72,2.0,1.56,43.79,0.3598,2,41.79,1.93,1,111.47,0
SHP-02959,COVID-19-mRNA,Air,Lucknow-Ahmedabad,7.06,8.65,5.88,55.33,0.907,3,24.13,1.74,1,29.46,0
SHP-02960,Influenza,Air,Jaipur-Hyderabad,3.04,3.47,2.77,43.8,1.2213,0,19.69,0.14,0,0.0,0
SHP-02961,COVID-19-mRNA,Rail,Jaipur-Hyderabad,6.11,6.2,6.11,43.97,1.404,5,38.28,4.2,0,0.0,0
SHP-02962,Polio,Road,Lucknow-Ahmedabad,5.34,7.03,4.15,58.68,0.4216,4,39.48,11.42,0,0.0,0
SHP-02963,Polio,Air,Bengaluru-Pune,1.84,3.75,0.92,64.47,0.5682,2,49.02,3.87,1,93.18,0
SHP-02964,Rotavirus,Road,Bengaluru-Pune,2.53,4.61,1.69,53.06,0.0463,1,58.91,0.33,1,62.06,0
SHP-02965,Rotavirus,Road,Jaipur-Hyderabad,7.23,8.46,6.94,71.49,0.3346,3,67.68,4.58,1,108.99,0
SHP-02966,Influenza,Air,Bengaluru-Pune,2.06,2.22,1.86,57.12,1.1407,4,58.55,3.32,1,88.18,0
SHP-02967,Influenza,Road,Bengaluru-Pune,4.31,4.46,3.59,47.23,0.3041,6,66.0,11.87,0,0.0,0
SHP-02968,Hepatitis-B,Air,Bengaluru-Pune,2.04,2.38,1.84,44.13,0.0361,3,38.96,2.26,1,37.58,0
SHP-02969,Rotavirus,Road,Chennai-Kolkata,3.22,3.87,1.28,65.18,0.112,3,8.57,6.97,1,39.1,0
SHP-02970,Polio,Rail,Delhi-Mumbai,3.88,5.38,3.4,56.28,0.2806,3,9.42,0.2,0,0.0,0
SHP-02971,Polio,Sea,Jaipur-Hyderabad,2.04,4.63,1.23,61.76,0.1356,3,23.72,6.39,1,83.31,0
SHP-02972,COVID-19-mRNA,Road,Jaipur-Hyderabad,1.6,2.47,1.21,28.42,0.249,1,46.52,0.21,1,108.38,0
SHP-02973,Influenza,Air,Chennai-Kolkata,4.72,5.99,3.26,57.45,0.2025,2,28.12,2.11,0,0.0,0
SHP-02974,Influenza,Sea,Delhi-Mumbai,1.89,2.11,1.75,49.88,0.192,3,16.97,14.79,1,92.7,0
SHP-02975,Polio,Road,Delhi-Mumbai,1.97,2.09,1.97,41.06,0.0478,4,62.13,6.07,1,44.84,0
SHP-02976,COVID-19-mRNA,Air,Chennai-Kolkata,1.65,2.42,1.14,54.37,1.0716,3,71.01,12.95,1,67.47,0
SHP-02977,Influenza,Sea,Lucknow-Ahmedabad,3.81,4.39,3.3,65.92,0.59,1,7.1,3.42,0,0.0,0
SHP-02978,COVID-19-mRNA,Rail,Lucknow-Ahmedabad,6.36,9.43,5.44,77.66,0.4883,3,11.9,4.66,1,87.12,0
SHP-02979,Influenza,Road,Delhi-Mumbai,7.77,8.46,7.71,57.42,0.4663,4,38.96,3.65,1,66.98,0
SHP-02980,Rotavirus,Road,Lucknow-Ahmedabad,2.19,2.76,2.15,47.91,0.2525,5,28.29,3.26,0,0.0,0
SHP-02981,Polio,Air,Lucknow-Ahmedabad,9.38,12.91,9.1,47.3,0.8667,6,57.62,4.32,1,36.83,1
SHP-02982,COVID-19-mRNA,Air,Lucknow-Ahmedabad,1.49,2.37,1.2,64.63,1.3299,1,49.18,0.2,1,38.02,0
SHP-02983,Influenza,Road,Delhi-Mumbai,6.71,6.93,4.12,45.03,0.0028,2,10.52,1.03,0,0.0,0
SHP-02984,Influenza,Air,Lucknow-Ahmedabad,2.2,3.61,1.02,61.22,0.0413,2,41.96,1.21,1,49.32,0
SHP-02985,Hepatitis-B,Road,Jaipur-Hyderabad,1.82,1.95,0.84,57.94,0.5619,2,28.21,2.41,1,98.73,0
SHP-02986,Rotavirus,Rail,Delhi-Mumbai,2.14,3.31,0.95,56.83,0.1346,7,69.7,2.85,1,17.85,0
SHP-02987,COVID-19-mRNA,Rail,Chennai-Kolkata,3.87,5.44,3.38,39.32,1.2135,4,37.37,6.73,0,0.0,0
SHP-02988,Hepatitis-B,Road,Lucknow-Ahmedabad,5.45,5.67,4.8,51.43,0.5504,2,67.23,0.9,0,0.0,0
SHP-02989,Influenza,Rail,Bengaluru-Pune,5.67,7.08,4.01,40.42,0.2297,3,7.99,4.22,0,0.0,0
SHP-02990,Rotavirus,Rail,Delhi-Mumbai,1.64,2.9,-0.55,49.12,0.2683,2,12.82,1.59,1,106.85,0
SHP-02991,COVID-19-mRNA,Road,Chennai-Kolkata,1.53,1.8,0.84,64.17,0.587,3,31.49,3.62,1,104.84,0
SHP-02992,Influenza,Air,Jaipur-Hyderabad,1.71,3.14,0.54,67.31,0.076,2,64.54,4.93,1,93.12,0
SHP-02993,Hepatitis-B,Road,Chennai-Kolkata,3.72,5.44,3.35,57.14,1.0746,1,41.94,4.37,0,0.0,0
SHP-02994,Polio,Road,Lucknow-Ahmedabad,3.47,4.03,1.88,49.3,0.0024,1,60.39,1.21,1,105.76,0
SHP-02995,COVID-19-mRNA,Air,Bengaluru-Pune,1.62,2.78,0.11,70.88,1.9304,5,24.71,6.18,1,96.19,0
SHP-02996,Rotavirus,Road,Lucknow-Ahmedabad,4.67,5.31,3.56,49.16,0.0917,3,13.36,5.3,0,0.0,0
SHP-02997,COVID-19-mRNA,Air,Chennai-Kolkata,9.66,11.54,9.12,43.64,0.6776,6,22.24,13.44,1,39.12,1
SHP-02998,Polio,Road,Delhi-Mumbai,2.74,2.8,2.32,61.96,0.0204,1,48.59,5.03,0,0.0,0
SHP-02999,COVID-19-mRNA,Sea,Bengaluru-Pune,2.92,4.76,2.69,59.58,0.2823,3,63.51,6.37,0,0.0,0
SHP-03000,Rotavirus,Air,Bengaluru-Pune,5.4,7.09,4.91,49.57,0.4976,4,36.03,8.33,0,0.0,0
SHP-03001,Hepatitis-B,Road,Chennai-Kolkata,2.6,3.25,1.18,56.0,0.0364,4,18.78,0.56,1,28.88,0
SHP-03002,Influenza,Road,Lucknow-Ahmedabad,5.67,7.6,4.16,59.42,0.2929,2,48.08,5.96,0,0.0,0
SHP-03003,COVID-19-mRNA,Air,Chennai-Kolkata,2.2,2.85,1.79,57.04,0.1806,1,19.0,1.92,1,36.67,0
SHP-03004,Hepatitis-B,Sea,Bengaluru-Pune,8.58,9.28,6.87,59.59,0.3448,3,43.64,8.66,1,51.23,0
SHP-03005,Hepatitis-B,Road,Chennai-Kolkata,4.86,5.53,2.7,49.94,0.3512,3,12.75,3.27,0,0.0,0
SHP-03006,Influenza,Road,Bengaluru-Pune,2.45,2.61,2.21,60.26,0.7691,4,59.53,4.34,0,0.0,0
SHP-03007,Rotavirus,Rail,Lucknow-Ahmedabad,2.53,3.66,1.87,55.18,0.0659,2,59.14,1.51,1,44.62,0
SHP-03008,COVID-19-mRNA,Road,Delhi-Mumbai,2.72,4.37,2.65,50.28,0.0432,6,41.72,5.26,0,0.0,0
SHP-03009,Hepatitis-B,Road,Delhi-Mumbai,7.43,7.64,7.36,52.54,0.257,4,8.52,0.18,0,0.0,0
SHP-03010,COVID-19-mRNA,Air,Chennai-Kolkata,0.83,1.48,0.02,54.02,1.0925,5,24.49,6.9,1,118.45,0
SHP-03011,Hepatitis-B,Rail,Bengaluru-Pune,2.33,4.92,1.68,40.55,0.9664,3,15.13,0.89,1,55.86,0
SHP-03012,COVID-19-mRNA,Road,Delhi-Mumbai,2.6,6.23,0.92,48.63,0.4105,1,40.55,1.29,1,45.74,0
SHP-03013,Polio,Road,Bengaluru-Pune,3.96,6.12,1.74,55.65,1.0981,1,12.71,0.0,1,111.6,0
SHP-03014,Polio,Air,Lucknow-Ahmedabad,3.32,4.04,3.24,41.49,0.8183,3,63.4,1.88,0,0.0,0
SHP-03015,Hepatitis-B,Road,Chennai-Kolkata,0.27,1.14,-0.7,48.8,0.1628,3,62.11,2.46,1,49.36,0
SHP-03016,Polio,Rail,Bengaluru-Pune,3.0,6.51,1.51,78.85,0.0932,6,16.3,1.33,1,49.48,0
SHP-03017,Influenza,Road,Chennai-Kolkata,3.75,6.14,2.62,43.71,0.1792,1,51.86,1.31,0,0.0,0
SHP-03018,Polio,Road,Bengaluru-Pune,2.43,2.69,2.05,51.16,0.1288,3,51.97,11.17,0,0.0,0
SHP-03019,COVID-19-mRNA,Road,Bengaluru-Pune,5.72,7.76,5.31,46.66,0.4874,6,32.19,1.98,0,0.0,0
SHP-03020,Influenza,Rail,Lucknow-Ahmedabad,6.3,7.63,4.84,53.83,0.4396,5,16.1,6.41,0,0.0,0
SHP-03021,COVID-19-mRNA,Road,Chennai-Kolkata,3.8,4.56,3.8,46.85,0.4562,2,14.72,1.35,0,0.0,0
SHP-03022,Polio,Rail,Jaipur-Hyderabad,4.58,4.7,2.82,52.57,0.1049,4,54.81,8.28,0,0.0,0
SHP-03023,Hepatitis-B,Rail,Bengaluru-Pune,-1.4,-0.18,-1.64,47.81,0.7848,2,20.53,5.66,1,84.92,0
SHP-03024,Polio,Road,Bengaluru-Pune,2.95,3.3,1.56,65.55,0.2843,2,45.83,7.06,1,31.94,0
SHP-03025,COVID-19-mRNA,Air,Delhi-Mumbai,6.51,7.22,5.31,55.82,0.3198,1,63.15,2.89,0,0.0,0
SHP-03026,Polio,Road,Chennai-Kolkata,2.94,4.59,2.36,44.97,2.8983,3,45.14,10.58,0,0.0,0
SHP-03027,Rotavirus,Rail,Jaipur-Hyderabad,2.16,3.13,1.96,63.41,0.1658,2,70.28,2.34,1,43.18,0
SHP-03028,Hepatitis-B,Air,Lucknow-Ahmedabad,9.69,10.06,9.11,45.42,0.2506,6,48.6,4.59,1,85.45,1
SHP-03029,Hepatitis-B,Road,Jaipur-Hyderabad,8.55,11.38,8.19,39.36,0.5642,5,26.76,5.11,1,30.29,1
SHP-03030,Hepatitis-B,Rail,Lucknow-Ahmedabad,5.17,6.22,4.38,54.97,1.0619,3,62.26,15.21,0,0.0,0
SHP-03031,COVID-19-mRNA,Road,Jaipur-Hyderabad,6.85,9.78,6.43,74.07,0.0678,4,26.52,0.72,1,68.47,0
SHP-03032,Polio,Road,Jaipur-Hyderabad,-1.56,0.3,-2.68,36.72,0.6641,5,70.12,0.73,1,10.1,1
SHP-03033,Influenza,Air,Chennai-Kolkata,2.03,2.17,1.69,41.69,1.2522,4,37.53,3.1,1,76.98,0
SHP-03034,COVID-19-mRNA,Air,Delhi-Mumbai,2.83,4.15,2.62,62.53,0.2749,4,68.91,12.5,0,0.0,0
SHP-03035,COVID-19-mRNA,Rail,Jaipur-Hyderabad,3.41,3.46,3.2,48.58,0.1689,1,18.12,0.11,0,0.0,0
SHP-03036,COVID-19-mRNA,Air,Bengaluru-Pune,2.78,3.02,2.76,61.12,0.5662,4,6.75,1.62,0,0.0,0
SHP-03037,Polio,Road,Bengaluru-Pune,-2.38,-1.79,-3.97,46.63,0.1412,2,18.94,1.67,1,110.8,1
SHP-03038,Rotavirus,Rail,Bengaluru-Pune,4.97,5.61,4.72,56.42,0.2425,5,12.49,1.82,0,0.0,0
SHP-03039,COVID-19-mRNA,Road,Delhi-Mumbai,5.36,5.49,5.36,72.44,1.1361,2,54.44,0.13,0,0.0,0
SHP-03040,Hepatitis-B,Sea,Jaipur-Hyderabad,8.0,8.07,7.77,43.05,0.4462,5,23.46,8.73,1,52.02,0
SHP-03041,COVID-19-mRNA,Sea,Lucknow-Ahmedabad,2.03,3.8,1.19,65.24,0.0499,6,48.21,0.04,1,93.16,0
SHP-03042,Rotavirus,Road,Lucknow-Ahmedabad,1.82,1.92,1.12,61.8,0.2,3,50.13,3.25,1,83.13,0
SHP-03043,COVID-19-mRNA,Air,Chennai-Kolkata,-2.7,-0.35,-2.97,40.11,0.4934,3,51.42,0.29,1,27.12,0
SHP-03044,Polio,Road,Delhi-Mumbai,3.27,3.89,2.11,60.59,0.3284,2,60.95,8.01,0,0.0,0
SHP-03045,Influenza,Road,Jaipur-Hyderabad,6.25,8.11,5.35,55.73,0.5399,5,15.83,6.86,1,84.98,0
SHP-03046,Influenza,Air,Bengaluru-Pune,2.47,2.7,2.29,55.91,0.7166,2,9.33,6.39,0,0.0,0
SHP-03047,Polio,Road,Delhi-Mumbai,9.36,10.43,8.01,58.37,0.3276,1,7.96,6.66,1,16.53,1
SHP-03048,Polio,Air,Delhi-Mumbai,3.36,5.37,3.11,51.5,2.1695,4,12.85,14.09,0,0.0,0
SHP-03049,Polio,Rail,Jaipur-Hyderabad,4.37,4.58,3.77,55.7,1.2306,4,31.03,2.7,0,0.0,0
SHP-03050,COVID-19-mRNA,Air,Chennai-Kolkata,0.59,1.66,-1.17,57.41,0.0309,5,69.85,9.89,1,52.46,1
SHP-03051,COVID-19-mRNA,Air,Chennai-Kolkata,4.72,5.66,3.2,62.46,0.1549,3,29.31,1.02,0,0.0,0
SHP-03052,Polio,Air,Chennai-Kolkata,-0.95,-0.72,-1.52,39.73,0.1787,1,35.89,3.0,1,101.14,0
SHP-03053,COVID-19-mRNA,Sea,Bengaluru-Pune,5.73,8.03,4.94,67.91,0.1018,1,59.75,0.04,1,115.88,0
SHP-03054,COVID-19-mRNA,Road,Bengaluru-Pune,5.81,8.42,4.85,43.45,0.187,7,66.63,1.67,1,33.46,0
SHP-03055,Hepatitis-B,Rail,Jaipur-Hyderabad,7.4,8.4,7.23,62.62,0.2765,1,70.12,3.06,1,41.15,0
SHP-03056,Rotavirus,Road,Chennai-Kolkata,1.45,4.35,1.37,55.79,0.0265,1,60.55,12.0,1,87.72,0
SHP-03057,Hepatitis-B,Road,Jaipur-Hyderabad,4.4,5.87,2.91,42.19,0.0681,4,39.17,1.91,0,0.0,0
SHP-03058,COVID-19-mRNA,Air,Chennai-Kolkata,5.41,8.11,5.23,60.28,0.0506,2,21.15,5.58,1,21.56,0
SHP-03059,COVID-19-mRNA,Road,Delhi-Mumbai,5.11,5.83,4.52,45.55,0.0237,6,45.49,8.98,0,0.0,0
SHP-03060,Rotavirus,Road,Lucknow-Ahmedabad,1.84,2.48,0.97,65.69,0.3284,5,18.99,1.98,1,77.23,0
SHP-03061,COVID-19-mRNA,Road,Lucknow-Ahmedabad,-1.98,-1.81,-2.62,47.89,0.2031,1,9.68,0.93,1,43.14,0
SHP-03062,COVID-19-mRNA,Road,Chennai-Kolkata,4.87,8.46,4.74,40.05,1.3701,2,66.68,4.47,1,63.88,0
SHP-03063,Hepatitis-B,Sea,Jaipur-Hyderabad,3.62,5.25,3.58,70.34,0.0542,1,38.0,1.67,0,0.0,0
SHP-03064,Hepatitis-B,Air,Bengaluru-Pune,2.58,3.98,1.81,56.81,1.3021,6,39.54,5.28,1,67.8,0
SHP-03065,Hepatitis-B,Sea,Chennai-Kolkata,5.91,7.71,5.13,63.67,0.0453,3,46.21,0.72,0,0.0,0
SHP-03066,COVID-19-mRNA,Air,Chennai-Kolkata,3.89,7.95,2.72,46.49,0.4828,2,35.79,0.82,0,0.0,0
SHP-03067,COVID-19-mRNA,Road,Bengaluru-Pune,0.7,2.3,0.15,36.08,0.1423,7,35.33,5.63,1,53.27,0
SHP-03068,Rotavirus,Road,Chennai-Kolkata,-0.83,0.06,-1.43,71.75,0.8767,1,66.4,18.16,1,26.08,1
SHP-03069,COVID-19-mRNA,Road,Delhi-Mumbai,1.18,1.29,0.73,54.94,0.0317,2,59.89,1.42,1,83.1,0
SHP-03070,Hepatitis-B,Road,Bengaluru-Pune,9.98,10.39,9.4,59.91,1.5236,6,20.03,6.26,1,97.17,1
SHP-03071,Influenza,Road,Delhi-Mumbai,5.81,8.03,5.03,61.57,0.0242,2,25.26,3.8,1,102.51,0
SHP-03072,Hepatitis-B,Road,Lucknow-Ahmedabad,4.47,4.71,3.9,51.65,0.138,2,49.6,9.28,0,0.0,0
SHP-03073,Polio,Road,Bengaluru-Pune,3.55,3.65,3.53,57.26,0.312,1,43.69,2.46,0,0.0,0
SHP-03074,COVID-19-mRNA,Road,Bengaluru-Pune,3.38,4.74,2.0,70.94,0.7054,2,56.57,17.83,0,0.0,0
SHP-03075,Hepatitis-B,Rail,Jaipur-Hyderabad,6.92,7.73,5.7,54.68,1.5091,3,54.02,0.43,0,0.0,0
SHP-03076,Rotavirus,Air,Jaipur-Hyderabad,2.77,5.05,2.47,64.42,0.2793,5,52.76,20.88,0,0.0,0
SHP-03077,Rotavirus,Road,Bengaluru-Pune,5.44,5.63,5.15,35.09,0.708,2,64.09,9.36,0,0.0,0
SHP-03078,COVID-19-mRNA,Road,Lucknow-Ahmedabad,3.13,6.24,3.01,66.24,0.6494,4,56.59,10.07,0,0.0,0
SHP-03079,COVID-19-mRNA,Road,Chennai-Kolkata,8.85,11.46,7.98,39.78,0.4233,2,22.03,9.24,1,83.94,1
SHP-03080,Rotavirus,Road,Jaipur-Hyderabad,5.86,6.64,5.82,65.09,0.5871,4,63.61,9.9,0,0.0,0
SHP-03081,Influenza,Road,Lucknow-Ahmedabad,7.11,9.43,6.56,58.91,0.0194,2,28.15,8.44,1,117.51,0
SHP-03082,Rotavirus,Air,Lucknow-Ahmedabad,2.54,4.35,1.32,54.04,0.2913,5,66.12,11.49,1,113.34,0
SHP-03083,COVID-19-mRNA,Air,Jaipur-Hyderabad,6.65,7.89,6.46,54.0,0.7706,6,60.4,3.09,0,0.0,0
SHP-03084,Hepatitis-B,Air,Chennai-Kolkata,3.22,3.69,2.64,52.47,0.3214,1,10.89,14.01,0,0.0,0
SHP-03085,Influenza,Road,Jaipur-Hyderabad,4.28,4.68,3.8,46.79,1.0338,3,56.9,2.43,0,0.0,0
SHP-03086,Hepatitis-B,Road,Lucknow-Ahmedabad,8.09,9.11,7.12,52.94,0.8968,4,39.01,6.52,1,29.86,0
SHP-03087,Polio,Sea,Delhi-Mumbai,1.39,4.73,0.39,77.08,0.9955,3,70.49,6.2,1,51.92,0
SHP-03088,COVID-19-mRNA,Road,Jaipur-Hyderabad,4.51,6.72,4.31,68.02,0.0696,5,36.26,8.6,0,0.0,0
SHP-03089,Hepatitis-B,Air,Lucknow-Ahmedabad,5.1,5.52,4.85,46.29,0.14,6,10.42,6.7,0,0.0,0
SHP-03090,COVID-19-mRNA,Rail,Jaipur-Hyderabad,5.3,6.97,4.85,57.68,0.015,5,25.35,0.18,0,0.0,0
SHP-03091,Polio,Rail,Lucknow-Ahmedabad,2.87,3.29,2.24,55.96,2.0314,4,34.39,6.72,0,0.0,0
SHP-03092,Rotavirus,Road,Chennai-Kolkata,9.22,9.52,8.66,53.58,0.1347,4,45.07,0.12,1,14.32,0
SHP-03093,Polio,Road,Lucknow-Ahmedabad,0.76,1.25,-0.73,44.97,0.2287,3,16.04,3.81,1,73.29,1
SHP-03094,Influenza,Sea,Bengaluru-Pune,7.65,7.87,6.62,59.46,0.1607,2,40.0,9.13,0,0.0,0
SHP-03095,COVID-19-mRNA,Road,Delhi-Mumbai,7.04,8.77,5.92,63.46,0.0203,2,37.91,8.85,1,33.92,0
SHP-03096,Hepatitis-B,Sea,Lucknow-Ahmedabad,8.75,9.89,8.48,46.66,0.1514,5,61.22,9.2,1,65.37,0
SHP-03097,Rotavirus,Air,Jaipur-Hyderabad,0.03,1.52,-0.1,74.56,0.0517,5,25.96,4.61,1,106.02,1
SHP-03098,COVID-19-mRNA,Air,Jaipur-Hyderabad,1.83,2.74,1.67,70.22,0.2507,3,35.67,1.02,1,93.79,0
SHP-03099,COVID-19-mRNA,Road,Lucknow-Ahmedabad,7.73,8.7,6.08,60.48,1.703,1,31.65,3.55,1,35.5,0
SHP-03100,Polio,Road,Bengaluru-Pune,-0.69,1.11,-3.73,42.68,0.5991,4,47.73,3.63,1,46.79,0
SHP-03101,COVID-19-mRNA,Rail,Lucknow-Ahmedabad,-0.02,2.36,-1.65,59.01,0.6136,6,61.19,1.96,1,43.64,1
SHP-03102,Influenza,Sea,Chennai-Kolkata,2.78,4.36,1.8,57.82,0.3018,4,50.59,2.76,1,89.15,0
SHP-03103,Rotavirus,Road,Bengaluru-Pune,4.48,4.97,4.32,60.13,0.8338,4,36.69,10.29,0,0.0,0
SHP-03104,Polio,Air,Lucknow-Ahmedabad,7.98,10.29,6.93,70.9,1.1945,2,48.1,3.65,1,40.81,1
SHP-03105,COVID-19-mRNA,Rail,Delhi-Mumbai,3.54,5.64,2.58,53.24,1.6292,5,27.27,6.1,0,0.0,0
SHP-03106,Polio,Road,Bengaluru-Pune,2.48,4.54,1.07,75.48,0.0521,2,15.51,3.42,1,118.74,0
SHP-03107,Influenza,Air,Lucknow-Ahmedabad,4.78,5.79,4.49,59.07,1.0587,1,27.1,4.8,0,0.0,0
SHP-03108,COVID-19-mRNA,Road,Delhi-Mumbai,5.17,6.56,4.28,52.1,0.1275,2,35.28,0.49,0,0.0,0
SHP-03109,Hepatitis-B,Road,Lucknow-Ahmedabad,5.1,5.6,4.18,78.99,0.2531,4,34.99,13.4,0,0.0,0
SHP-03110,Hepatitis-B,Rail,Chennai-Kolkata,3.56,5.81,3.44,63.3,0.2119,2,54.68,2.86,0,0.0,0
SHP-03111,Hepatitis-B,Road,Jaipur-Hyderabad,-0.89,-0.12,-1.12,50.45,0.5622,5,67.8,6.9,1,21.96,0
SHP-03112,COVID-19-mRNA,Road,Lucknow-Ahmedabad,1.71,4.67,1.23,55.84,0.4556,9,31.67,5.5,1,59.64,0
SHP-03113,Influenza,Sea,Bengaluru-Pune,7.55,8.73,6.54,61.35,0.0578,2,11.71,8.03,1,38.05,0
SHP-03114,COVID-19-mRNA,Road,Lucknow-Ahmedabad,4.47,7.16,2.86,53.49,0.7635,3,8.21,0.18,0,0.0,0
SHP-03115,COVID-19-mRNA,Road,Lucknow-Ahmedabad,3.19,3.89,2.0,56.34,0.2896,0,6.26,13.69,1,116.0,0
SHP-03116,Rotavirus,Road,Lucknow-Ahmedabad,6.8,7.4,6.17,46.83,0.0011,2,67.91,8.85,0,0.0,0
SHP-03117,Influenza,Road,Lucknow-Ahmedabad,1.17,2.63,0.8,38.15,0.2676,6,71.71,8.97,1,87.09,0
SHP-03118,COVID-19-mRNA,Air,Bengaluru-Pune,3.44,4.7,1.97,56.06,0.3632,4,9.39,3.15,1,78.23,0
SHP-03119,COVID-19-mRNA,Air,Bengaluru-Pune,4.34,5.69,4.2,56.4,0.0357,1,29.64,7.96,0,0.0,0
SHP-03120,COVID-19-mRNA,Road,Lucknow-Ahmedabad,2.9,6.49,2.06,60.27,0.0819,1,50.18,4.28,0,0.0,0
SHP-03121,COVID-19-mRNA,Road,Jaipur-Hyderabad,4.25,4.97,2.67,49.24,2.5236,2,17.81,3.5,0,0.0,0
SHP-03122,COVID-19-mRNA,Road,Lucknow-Ahmedabad,3.53,4.62,2.75,41.59,1.0247,6,45.23,7.68,0,0.0,0
SHP-03123,COVID-19-mRNA,Air,Bengaluru-Pune,0.5,1.21,-0.53,45.35,0.0715,0,59.7,4.94,1,77.22,1
SHP-03124,Polio,Road,Chennai-Kolkata,4.45,5.27,3.81,65.56,0.4341,3,62.63,0.4,0,0.0,0
SHP-03125,Influenza,Road,Lucknow-Ahmedabad,0.68,1.25,-0.65,48.33,0.2384,1,52.62,1.89,1,92.06,0
SHP-03126,Hepatitis-B,Air,Lucknow-Ahmedabad,4.41,4.59,4.02,50.58,0.3923,2,11.4,4.87,0,0.0,0
SHP-03127,Hepatitis-B,Air,Lucknow-Ahmedabad,7.44,7.7,6.72,51.88,0.3179,2,28.99,11.71,0,0.0,0
SHP-03128,COVID-19-mRNA,Sea,Lucknow-Ahmedabad,3.3,3.83,2.92,48.81,0.0247,4,69.84,13.52,0,0.0,0
SHP-03129,Rotavirus,Rail,Delhi-Mumbai,1.07,1.17,0.48,48.07,0.1895,4,18.72,9.13,1,84.15,0
SHP-03130,Influenza,Air,Lucknow-Ahmedabad,3.68,4.25,3.42,46.29,0.0671,3,35.96,1.47,0,0.0,0
SHP-03131,Influenza,Rail,Bengaluru-Pune,1.92,2.49,1.68,69.01,0.3357,1,28.06,3.21,1,25.12,0
SHP-03132,Influenza,Road,Bengaluru-Pune,5.49,7.1,5.22,61.8,1.1893,1,19.57,2.84,0,0.0,0
SHP-03133,Rotavirus,Sea,Delhi-Mumbai,3.63,3.89,2.79,67.48,2.7055,1,27.35,2.89,0,0.0,0
SHP-03134,Hepatitis-B,Road,Lucknow-Ahmedabad,8.27,8.8,7.46,69.49,1.4435,1,18.51,0.26,1,31.67,0
SHP-03135,COVID-19-mRNA,Road,Jaipur-Hyderabad,6.91,9.09,6.2,31.5,2.1236,7,63.9,0.95,1,49.98,0
SHP-03136,Hepatitis-B,Air,Lucknow-Ahmedabad,3.62,4.25,1.86,58.43,0.0077,2,17.51,0.83,1,94.57,0
SHP-03137,Influenza,Road,Bengaluru-Pune,5.79,6.58,5.71,49.14,0.6536,0,47.15,4.8,0,0.0,0
SHP-03138,Influenza,Sea,Chennai-Kolkata,3.02,3.61,2.69,66.17,0.1594,1,68.19,2.65,0,0.0,0
SHP-03139,Hepatitis-B,Road,Chennai-Kolkata,4.08,7.21,3.49,47.59,1.0035,3,68.87,1.96,0,0.0,0
SHP-03140,COVID-19-mRNA,Road,Jaipur-Hyderabad,3.1,6.53,1.67,44.46,0.8403,2,45.63,2.93,1,54.87,0
SHP-03141,Polio,Air,Lucknow-Ahmedabad,5.92,7.09,5.9,40.66,0.2755,4,23.88,1.96,0,0.0,0
SHP-03142,Rotavirus,Road,Delhi-Mumbai,7.58,8.65,7.24,51.97,0.3205,5,22.36,7.08,1,53.16,0
SHP-03143,Hepatitis-B,Road,Lucknow-Ahmedabad,6.0,6.81,4.09,64.15,0.154,0,55.33,0.91,0,0.0,0
SHP-03144,Hepatitis-B,Road,Jaipur-Hyderabad,6.3,6.57,5.23,57.56,0.1704,5,70.73,0.29,0,0.0,0
SHP-03145,COVID-19-mRNA,Sea,Jaipur-Hyderabad,6.31,7.13,6.22,42.97,1.9863,3,11.12,5.26,0,0.0,0
SHP-03146,Polio,Air,Jaipur-Hyderabad,5.38,6.68,4.86,76.53,1.0985,1,58.1,1.31,0,0.0,0
SHP-03147,Rotavirus,Road,Chennai-Kolkata,1.15,2.24,0.97,61.5,0.1065,4,14.12,5.16,1,108.0,0
SHP-03148,Hepatitis-B,Sea,Lucknow-Ahmedabad,8.25,8.7,7.69,62.77,0.1612,1,25.68,0.3,1,49.42,0
SHP-03149,Influenza,Road,Lucknow-Ahmedabad,8.51,8.79,7.43,67.85,0.0575,7,43.4,1.42,1,84.09,0
SHP-03150,Polio,Road,Delhi-Mumbai,3.42,5.06,1.83,38.6,2.2491,4,25.62,0.84,1,73.84,0
SHP-03151,Hepatitis-B,Road,Jaipur-Hyderabad,3.07,4.15,2.99,45.89,1.1887,2,48.92,1.72,0,0.0,0
SHP-03152,COVID-19-mRNA,Rail,Jaipur-Hyderabad,5.53,6.38,4.3,63.23,0.4016,2,33.53,1.99,0,0.0,0
SHP-03153,Influenza,Air,Bengaluru-Pune,5.38,7.62,4.51,46.89,0.5903,3,20.46,3.42,0,0.0,0
SHP-03154,Polio,Sea,Bengaluru-Pune,3.5,4.3,2.56,52.25,0.6891,2,41.04,3.67,0,0.0,0
SHP-03155,Polio,Rail,Chennai-Kolkata,0.87,2.07,0.69,54.22,0.114,1,7.58,4.97,1,105.25,0
SHP-03156,Hepatitis-B,Air,Lucknow-Ahmedabad,4.76,6.31,4.2,42.23,1.3641,6,54.91,2.01,0,0.0,0
SHP-03157,Rotavirus,Road,Delhi-Mumbai,5.38,5.61,4.68,51.39,0.3741,4,40.47,3.8,0,0.0,0
SHP-03158,COVID-19-mRNA,Road,Delhi-Mumbai,5.81,7.89,5.19,64.15,0.0485,4,68.48,23.08,0,0.0,0
SHP-03159,Influenza,Road,Jaipur-Hyderabad,4.87,5.87,4.66,62.29,0.253,2,12.78,1.18,0,0.0,0
SHP-03160,COVID-19-mRNA,Rail,Delhi-Mumbai,3.32,4.63,2.11,66.13,0.4602,3,54.33,0.83,0,0.0,0
SHP-03161,Polio,Sea,Jaipur-Hyderabad,6.49,10.74,4.54,65.1,0.2176,3,25.86,9.24,1,46.43,1
SHP-03162,COVID-19-mRNA,Air,Lucknow-Ahmedabad,4.16,4.7,2.28,59.06,0.6007,3,30.63,2.64,0,0.0,0
SHP-03163,Polio,Road,Delhi-Mumbai,2.84,4.13,1.62,58.27,1.0687,2,29.0,9.38,1,89.9,0
SHP-03164,Hepatitis-B,Road,Jaipur-Hyderabad,3.55,4.59,3.02,57.53,0.739,3,29.63,2.76,0,0.0,0
SHP-03165,COVID-19-mRNA,Road,Lucknow-Ahmedabad,-0.36,1.77,-1.88,48.73,0.5145,5,34.44,0.11,1,74.58,1
SHP-03166,Polio,Road,Lucknow-Ahmedabad,3.54,4.42,3.4,44.7,0.3589,4,7.39,2.35,0,0.0,0
SHP-03167,Rotavirus,Air,Jaipur-Hyderabad,5.72,6.18,5.12,48.1,0.1468,4,61.89,4.71,0,0.0,0
SHP-03168,COVID-19-mRNA,Road,Jaipur-Hyderabad,4.85,5.24,3.42,51.74,0.3034,1,64.2,2.97,0,0.0,0
SHP-03169,Influenza,Road,Chennai-Kolkata,7.8,9.13,6.36,48.44,0.1733,0,8.61,3.07,1,59.37,0
SHP-03170,Polio,Air,Lucknow-Ahmedabad,3.34,4.38,2.97,59.14,1.3592,1,57.22,31.93,0,0.0,0
SHP-03171,Hepatitis-B,Rail,Jaipur-Hyderabad,5.22,6.68,3.77,57.02,1.1893,1,10.77,3.93,0,0.0,0
SHP-03172,COVID-19-mRNA,Rail,Lucknow-Ahmedabad,5.98,9.18,5.59,58.09,0.0847,4,59.32,5.97,1,27.61,0
SHP-03173,COVID-19-mRNA,Road,Delhi-Mumbai,9.86,10.03,9.3,58.51,0.8647,3,46.46,6.38,1,115.51,1
SHP-03174,COVID-19-mRNA,Road,Bengaluru-Pune,4.36,6.2,3.66,66.96,0.6069,6,26.22,0.0,0,0.0,0
SHP-03175,COVID-19-mRNA,Road,Bengaluru-Pune,1.39,2.16,0.7,54.91,1.8487,3,46.52,4.02,1,60.24,0
SHP-03176,COVID-19-mRNA,Road,Jaipur-Hyderabad,6.12,6.54,5.85,65.08,0.3112,3,39.44,16.49,0,0.0,0
SHP-03177,Hepatitis-B,Air,Jaipur-Hyderabad,8.66,12.28,8.62,60.17,0.6404,5,47.96,6.95,1,51.21,1
SHP-03178,Rotavirus,Road,Lucknow-Ahmedabad,3.19,4.52,2.78,66.3,0.3648,3,37.37,2.08,0,0.0,0
SHP-03179,Influenza,Air,Jaipur-Hyderabad,6.1,6.28,6.09,71.15,0.036,3,57.01,2.27,0,0.0,0
SHP-03180,Hepatitis-B,Air,Lucknow-Ahmedabad,7.07,7.88,5.31,60.77,0.0239,2,8.99,1.81,0,0.0,0
SHP-03181,COVID-19-mRNA,Air,Jaipur-Hyderabad,6.54,7.29,5.94,56.04,0.0651,6,28.72,4.97,0,0.0,0
SHP-03182,COVID-19-mRNA,Air,Lucknow-Ahmedabad,4.31,5.1,3.22,55.97,0.1756,1,42.91,0.51,0,0.0,0
SHP-03183,Polio,Air,Jaipur-Hyderabad,2.25,3.96,1.34,50.3,0.15,4,44.82,1.71,1,108.11,0
SHP-03184,COVID-19-mRNA,Sea,Chennai-Kolkata,3.8,4.09,2.7,49.96,0.6516,4,17.19,3.45,0,0.0,0
SHP-03185,Hepatitis-B,Road,Lucknow-Ahmedabad,5.15,5.6,4.51,64.02,0.6293,3,10.92,3.83,0,0.0,0
SHP-03186,Hepatitis-B,Air,Chennai-Kolkata,6.27,7.16,4.77,45.36,1.7771,4,7.38,4.67,0,0.0,0
SHP-03187,Polio,Air,Chennai-Kolkata,4.83,5.64,4.3,71.15,0.1858,0,33.26,7.98,0,0.0,0
SHP-03188,Polio,Sea,Chennai-Kolkata,3.05,4.83,2.54,53.48,1.394,5,27.81,0.89,0,0.0,0
SHP-03189,Influenza,Road,Chennai-Kolkata,5.39,5.87,3.84,83.62,0.4745,1,43.48,1.27,0,0.0,0
SHP-03190,Influenza,Road,Delhi-Mumbai,6.15,7.85,6.02,48.07,0.3419,6,35.67,10.29,0,0.0,0
SHP-03191,Polio,Rail,Bengaluru-Pune,4.95,5.64,4.41,57.5,0.5511,4,32.01,8.89,0,0.0,0
SHP-03192,Rotavirus,Road,Delhi-Mumbai,1.91,1.99,1.76,51.48,0.6066,5,61.66,8.62,1,66.91,0
SHP-03193,Rotavirus,Road,Jaipur-Hyderabad,3.55,5.55,3.44,47.07,0.0943,0,47.02,1.17,0,0.0,0
SHP-03194,Polio,Air,Jaipur-Hyderabad,6.37,8.81,6.04,65.64,0.6966,1,48.64,0.3,1,76.78,0
SHP-03195,Polio,Road,Bengaluru-Pune,0.54,1.84,-1.92,43.94,0.6458,2,31.2,3.71,1,17.14,1
SHP-03196,Hepatitis-B,Road,Bengaluru-Pune,-1.23,0.91,-2.42,48.24,3.0022,2,57.27,10.2,1,90.34,1
SHP-03197,Rotavirus,Road,Bengaluru-Pune,7.77,8.36,6.9,60.86,1.2149,6,16.04,1.36,1,100.21,0
SHP-03198,Rotavirus,Road,Chennai-Kolkata,5.28,8.42,5.26,62.45,0.5771,4,32.53,11.73,1,24.83,0
SHP-03199,COVID-19-mRNA,Road,Delhi-Mumbai,5.52,7.82,4.66,41.08,0.623,1,9.11,0.76,0,0.0,0
SHP-03200,Polio,Air,Jaipur-Hyderabad,1.31,2.6,1.26,60.82,1.4593,1,13.62,1.77,1,111.3,0
SHP-03201,Hepatitis-B,Air,Delhi-Mumbai,5.84,7.02,4.45,56.29,1.7083,1,11.38,1.77,0,0.0,0
SHP-03202,Hepatitis-B,Road,Delhi-Mumbai,4.69,4.92,4.09,45.82,0.8771,3,35.13,0.82,0,0.0,0
SHP-03203,COVID-19-mRNA,Sea,Delhi-Mumbai,0.04,2.11,-0.01,47.11,0.7292,3,52.02,10.31,1,40.2,1
SHP-03204,Rotavirus,Road,Bengaluru-Pune,7.56,9.14,6.01,34.67,0.059,2,26.64,2.66,1,95.18,0
SHP-03205,Hepatitis-B,Road,Bengaluru-Pune,4.4,5.76,3.89,72.17,0.8869,4,7.76,1.06,0,0.0,0
SHP-03206,Influenza,Road,Jaipur-Hyderabad,3.01,3.48,2.05,65.15,0.146,2,52.68,0.8,0,0.0,0
SHP-03207,Rotavirus,Air,Jaipur-Hyderabad,3.06,3.55,1.6,42.11,0.4148,1,19.69,2.73,1,13.19,0
SHP-03208,Influenza,Air,Jaipur-Hyderabad,-1.04,-0.52,-2.12,62.99,0.2599,2,53.7,0.09,1,113.93,0
SHP-03209,Polio,Road,Delhi-Mumbai,5.48,5.68,3.31,49.26,0.212,2,6.49,0.65,0,0.0,0
SHP-03210,Hepatitis-B,Air,Bengaluru-Pune,4.65,5.99,2.68,64.15,0.1857,2,26.61,0.02,0,0.0,0
SHP-03211,COVID-19-mRNA,Air,Chennai-Kolkata,3.51,4.76,3.08,50.04,0.967,4,47.0,0.12,0,0.0,0
SHP-03212,Hepatitis-B,Rail,Delhi-Mumbai,7.2,8.08,6.44,51.37,0.733,1,63.5,29.71,1,103.4,0
SHP-03213,COVID-19-mRNA,Air,Lucknow-Ahmedabad,0.54,4.33,0.19,52.12,0.3706,2,55.77,2.98,1,27.6,0
SHP-03214,Hepatitis-B,Road,Delhi-Mumbai,2.51,2.7,1.9,48.43,0.546,1,35.67,6.53,1,35.46,0
SHP-03215,COVID-19-mRNA,Road,Bengaluru-Pune,1.87,2.04,1.32,68.99,2.0844,1,53.42,6.68,1,46.67,0
SHP-03216,COVID-19-mRNA,Road,Lucknow-Ahmedabad,3.3,3.56,2.62,63.99,0.2534,2,41.48,10.62,0,0.0,0
SHP-03217,COVID-19-mRNA,Road,Delhi-Mumbai,4.17,5.3,2.81,56.1,0.4005,1,59.68,0.55,0,0.0,0
SHP-03218,COVID-19-mRNA,Road,Bengaluru-Pune,5.08,7.06,4.45,65.25,0.3813,2,56.96,3.73,0,0.0,0
SHP-03219,Influenza,Road,Bengaluru-Pune,3.13,3.83,2.58,38.73,1.3742,6,70.41,1.94,0,0.0,0
SHP-03220,Influenza,Road,Chennai-Kolkata,1.81,2.34,1.52,42.72,0.2166,4,12.93,3.98,1,56.98,0
SHP-03221,Hepatitis-B,Rail,Delhi-Mumbai,8.22,9.08,7.77,59.75,2.1435,2,28.49,2.02,1,31.7,0
SHP-03222,COVID-19-mRNA,Air,Bengaluru-Pune,10.03,11.04,9.58,62.36,0.1817,6,18.7,1.01,1,106.27,1
SHP-03223,COVID-19-mRNA,Air,Jaipur-Hyderabad,4.36,6.48,3.53,57.79,0.0577,3,47.63,5.59,0,0.0,0
SHP-03224,COVID-19-mRNA,Rail,Bengaluru-Pune,2.11,3.61,2.1,36.17,0.1062,2,49.83,0.2,0,0.0,0
SHP-03225,COVID-19-mRNA,Road,Chennai-Kolkata,7.69,8.13,7.17,44.38,0.2778,5,19.45,11.29,1,47.56,0
SHP-03226,Rotavirus,Road,Bengaluru-Pune,0.38,0.7,0.07,59.17,0.5246,2,33.82,0.79,1,47.55,0
SHP-03227,COVID-19-mRNA,Road,Delhi-Mumbai,3.16,4.44,2.65,79.26,0.3637,2,45.74,4.77,0,0.0,0
SHP-03228,Polio,Air,Delhi-Mumbai,2.26,2.85,1.5,67.18,0.236,3,49.49,7.02,1,39.51,0
SHP-03229,COVID-19-mRNA,Road,Lucknow-Ahmedabad,1.1,1.46,-0.48,70.77,0.4128,5,12.77,0.38,1,96.27,0
SHP-03230,COVID-19-mRNA,Road,Delhi-Mumbai,3.3,4.86,2.96,58.4,0.9126,1,66.79,11.68,0,0.0,0
SHP-03231,Hepatitis-B,Air,Lucknow-Ahmedabad,1.84,3.98,1.72,58.32,0.913,5,8.25,2.2,1,41.68,0
SHP-03232,Hepatitis-B,Road,Jaipur-Hyderabad,4.03,5.91,2.71,44.67,0.6477,1,70.21,28.61,0,0.0,0
SHP-03233,COVID-19-mRNA,Rail,Chennai-Kolkata,4.07,5.64,3.87,64.52,1.523,5,26.88,0.36,0,0.0,0
SHP-03234,COVID-19-mRNA,Road,Jaipur-Hyderabad,2.45,3.62,1.91,54.27,0.446,3,26.88,6.31,1,107.49,0
SHP-03235,Polio,Air,Lucknow-Ahmedabad,3.07,5.33,2.31,61.93,0.0038,2,35.44,0.88,0,0.0,0
SHP-03236,COVID-19-mRNA,Road,Bengaluru-Pune,3.42,3.52,1.86,55.31,0.1719,4,51.87,2.58,1,67.28,0
SHP-03237,COVID-19-mRNA,Road,Bengaluru-Pune,6.02,6.92,5.5,57.79,0.1989,4,16.53,2.93,0,0.0,0
SHP-03238,Rotavirus,Rail,Jaipur-Hyderabad,3.63,3.66,3.35,54.12,0.3963,3,22.83,2.61,0,0.0,0
SHP-03239,Hepatitis-B,Road,Bengaluru-Pune,6.06,6.86,5.62,57.25,1.1764,2,69.46,2.06,0,0.0,0
SHP-03240,Hepatitis-B,Air,Lucknow-Ahmedabad,5.46,7.15,4.8,65.0,0.9104,7,63.87,7.29,0,0.0,0
SHP-03241,Polio,Road,Chennai-Kolkata,5.43,5.64,4.46,42.34,0.1321,4,20.02,8.57,0,0.0,0
SHP-03242,Polio,Road,Delhi-Mumbai,7.47,7.98,6.52,40.07,0.3663,2,43.82,2.04,0,0.0,0
SHP-03243,Hepatitis-B,Air,Lucknow-Ahmedabad,1.2,2.93,0.12,59.26,0.5382,4,19.44,3.3,1,74.78,0
SHP-03244,Hepatitis-B,Road,Lucknow-Ahmedabad,2.82,3.0,2.09,69.41,2.1915,1,42.3,2.74,0,0.0,0
SHP-03245,Influenza,Road,Delhi-Mumbai,8.41,11.5,7.76,71.93,0.0159,4,30.14,4.5,1,79.13,1
SHP-03246,COVID-19-mRNA,Road,Delhi-Mumbai,3.36,4.03,2.24,42.76,0.3117,0,29.92,0.81,0,0.0,0
SHP-03247,Hepatitis-B,Air,Chennai-Kolkata,-3.04,-0.04,-3.58,50.97,2.216,0,47.91,8.19,1,72.79,1
SHP-03248,Polio,Road,Chennai-Kolkata,3.49,4.95,2.44,40.21,1.8906,2,22.62,7.97,0,0.0,0
SHP-03249,Rotavirus,Sea,Chennai-Kolkata,4.34,5.11,1.91,49.49,0.2008,6,32.68,4.46,1,16.69,0
SHP-03250,Hepatitis-B,Rail,Bengaluru-Pune,-2.54,-1.58,-2.7,66.23,0.0,3,67.07,6.85,1,11.25,1
SHP-03251,Hepatitis-B,Sea,Lucknow-Ahmedabad,7.33,9.01,7.08,54.87,0.4418,2,55.85,22.33,1,47.67,0
SHP-03252,COVID-19-mRNA,Sea,Delhi-Mumbai,2.22,2.93,2.1,51.26,1.0085,6,31.3,12.79,0,0.0,0
SHP-03253,Hepatitis-B,Air,Lucknow-Ahmedabad,4.82,5.26,1.95,60.45,0.196,4,21.2,4.73,1,81.2,0
SHP-03254,COVID-19-mRNA,Road,Lucknow-Ahmedabad,3.44,4.41,3.06,47.05,1.3611,3,49.49,3.58,0,0.0,0
SHP-03255,Polio,Road,Chennai-Kolkata,0.78,2.18,0.63,70.93,0.2023,5,59.31,3.82,1,85.67,0
SHP-03256,COVID-19-mRNA,Rail,Chennai-Kolkata,1.32,2.31,0.89,55.07,0.4711,2,62.81,3.14,1,73.24,0
SHP-03257,Hepatitis-B,Road,Lucknow-Ahmedabad,1.66,4.19,1.22,50.98,0.6401,2,43.24,3.27,1,28.34,0
SHP-03258,COVID-19-mRNA,Sea,Chennai-Kolkata,6.71,8.21,5.78,60.87,0.2119,3,40.11,6.58,1,93.08,0
SHP-03259,Polio,Road,Bengaluru-Pune,3.63,5.65,3.27,64.39,0.2171,2,53.5,24.22,0,0.0,0
SHP-03260,Rotavirus,Rail,Delhi-Mumbai,2.7,4.12,2.38,70.96,0.3174,4,17.6,0.23,0,0.0,0
SHP-03261,COVID-19-mRNA,Air,Lucknow-Ahmedabad,1.66,2.55,1.04,52.9,0.9016,4,62.24,1.31,1,79.95,0
SHP-03262,Hepatitis-B,Air,Delhi-Mumbai,6.99,7.0,5.43,65.86,0.0532,1,10.88,1.18,0,0.0,0
SHP-03263,Polio,Rail,Bengaluru-Pune,7.66,8.14,7.16,56.01,0.4991,2,45.8,8.94,1,16.43,0
SHP-03264,COVID-19-mRNA,Air,Chennai-Kolkata,6.96,8.93,6.68,48.89,0.5656,7,44.92,2.72,1,104.75,0
SHP-03265,Influenza,Rail,Jaipur-Hyderabad,5.23,5.35,4.79,47.23,0.4081,4,26.51,3.72,0,0.0,0
SHP-03266,COVID-19-mRNA,Air,Bengaluru-Pune,4.72,6.62,4.43,44.03,1.3732,1,8.34,3.17,0,0.0,0
SHP-03267,Polio,Road,Jaipur-Hyderabad,0.96,2.46,0.73,47.58,0.4606,3,53.38,9.61,1,68.47,0
SHP-03268,Hepatitis-B,Road,Delhi-Mumbai,3.39,3.73,2.95,66.16,0.5033,4,7.6,3.46,0,0.0,0
SHP-03269,Hepatitis-B,Road,Lucknow-Ahmedabad,2.29,3.96,1.31,62.07,0.4578,6,17.85,5.51,1,29.52,0
SHP-03270,Hepatitis-B,Road,Chennai-Kolkata,-0.56,1.03,-0.76,42.59,0.6401,6,41.92,0.1,1,26.02,1
SHP-03271,COVID-19-mRNA,Road,Bengaluru-Pune,6.64,7.13,6.0,37.54,0.0727,1,68.04,5.28,0,0.0,0
SHP-03272,COVID-19-mRNA,Air,Chennai-Kolkata,2.26,2.85,0.72,43.88,1.1235,6,10.35,1.38,1,105.41,0
SHP-03273,Influenza,Air,Jaipur-Hyderabad,6.99,7.19,6.82,47.23,0.0217,2,44.2,10.08,0,0.0,0
SHP-03274,Hepatitis-B,Road,Jaipur-Hyderabad,6.2,6.57,4.67,51.97,0.5119,2,27.71,6.96,0,0.0,0
SHP-03275,Influenza,Road,Lucknow-Ahmedabad,5.39,7.19,3.93,66.73,0.4779,3,50.18,0.58,0,0.0,0
SHP-03276,Influenza,Road,Jaipur-Hyderabad,5.53,8.65,5.41,49.52,0.1167,2,68.89,0.55,1,117.88,0
SHP-03277,Influenza,Road,Lucknow-Ahmedabad,2.46,3.69,1.66,71.8,0.0208,3,23.73,1.73,1,95.32,0
SHP-03278,Polio,Road,Bengaluru-Pune,8.64,9.01,6.34,38.2,0.0747,3,69.09,0.67,1,48.88,0
SHP-03279,Polio,Road,Lucknow-Ahmedabad,4.11,5.46,3.61,51.51,0.1585,3,63.46,6.74,0,0.0,0
SHP-03280,Influenza,Air,Jaipur-Hyderabad,4.75,5.41,4.12,62.86,1.069,2,46.07,21.64,0,0.0,0
SHP-03281,Polio,Road,Delhi-Mumbai,2.38,3.45,1.21,63.47,0.968,5,56.04,5.32,1,40.82,0
SHP-03282,COVID-19-mRNA,Sea,Lucknow-Ahmedabad,1.67,1.68,0.53,51.64,0.033,4,63.08,1.43,1,25.6,0
SHP-03283,Rotavirus,Rail,Chennai-Kolkata,5.19,6.47,4.33,65.02,0.1707,0,59.03,4.15,0,0.0,0
SHP-03284,Rotavirus,Road,Delhi-Mumbai,4.54,4.89,4.17,63.12,1.1005,2,27.56,8.19,0,0.0,0
SHP-03285,Polio,Road,Lucknow-Ahmedabad,2.03,3.23,0.18,48.18,0.135,3,59.63,16.38,1,109.8,0
SHP-03286,COVID-19-mRNA,Rail,Chennai-Kolkata,0.4,1.91,-0.48,58.15,2.7564,2,26.69,0.03,1,75.53,1
SHP-03287,Polio,Road,Delhi-Mumbai,0.83,1.07,-0.33,62.04,0.1484,4,63.23,3.71,1,71.09,0
SHP-03288,Influenza,Air,Lucknow-Ahmedabad,6.99,7.1,6.14,48.89,0.6718,4,22.86,3.02,0,0.0,0
SHP-03289,Rotavirus,Air,Bengaluru-Pune,2.47,4.31,0.86,71.94,0.2698,1,43.77,2.68,1,11.81,0
SHP-03290,COVID-19-mRNA,Road,Chennai-Kolkata,3.15,3.46,2.55,46.65,0.0732,2,51.73,3.5,0,0.0,0
SHP-03291,COVID-19-mRNA,Sea,Bengaluru-Pune,7.63,10.24,5.95,56.44,0.1473,4,34.1,2.58,1,75.83,1
SHP-03292,Rotavirus,Road,Jaipur-Hyderabad,1.19,3.22,1.14,42.5,0.5621,5,57.68,2.11,1,67.62,0
SHP-03293,Polio,Air,Lucknow-Ahmedabad,2.18,2.38,1.98,56.03,0.2055,4,67.07,0.61,1,33.91,0
SHP-03294,Hepatitis-B,Air,Lucknow-Ahmedabad,2.08,2.35,1.77,44.33,0.4633,2,18.29,3.46,1,101.24,0
SHP-03295,Rotavirus,Rail,Chennai-Kolkata,8.05,8.98,7.51,52.06,0.115,3,8.21,8.6,1,37.57,0
SHP-03296,COVID-19-mRNA,Rail,Lucknow-Ahmedabad,8.98,10.2,8.98,39.13,0.2976,2,47.35,0.55,1,63.88,1
SHP-03297,Hepatitis-B,Road,Jaipur-Hyderabad,5.88,8.41,3.92,63.0,0.359,2,45.74,6.71,1,27.39,0
SHP-03298,COVID-19-mRNA,Road,Lucknow-Ahmedabad,5.96,5.98,5.42,58.56,0.2662,3,28.53,1.56,0,0.0,0
SHP-03299,Polio,Air,Delhi-Mumbai,2.55,4.18,2.45,65.87,0.1103,4,57.84,2.4,0,0.0,0
SHP-03300,Influenza,Rail,Bengaluru-Pune,8.87,8.89,7.97,51.52,0.3095,1,60.53,22.15,1,98.35,0
SHP-03301,Polio,Rail,Jaipur-Hyderabad,4.67,5.14,3.1,66.34,0.5903,2,27.91,5.62,0,0.0,0
SHP-03302,Rotavirus,Road,Jaipur-Hyderabad,6.13,10.31,4.59,55.39,1.6749,1,51.03,6.35,1,38.16,1
SHP-03303,Hepatitis-B,Road,Bengaluru-Pune,3.74,5.31,2.5,56.13,0.7792,2,48.37,4.61,0,0.0,0
SHP-03304,Polio,Air,Bengaluru-Pune,3.33,3.4,2.62,76.14,0.0881,2,28.61,1.95,0,0.0,0
SHP-03305,COVID-19-mRNA,Air,Jaipur-Hyderabad,8.16,8.33,7.48,50.15,0.1592,5,69.96,5.62,1,85.63,0
SHP-03306,Polio,Air,Bengaluru-Pune,5.35,6.78,2.83,67.27,0.0411,5,28.86,3.06,0,0.0,0
SHP-03307,Polio,Air,Chennai-Kolkata,7.63,9.13,6.86,59.8,0.0729,4,46.94,8.92,1,15.19,0
SHP-03308,COVID-19-mRNA,Road,Bengaluru-Pune,4.64,9.01,4.27,49.28,0.1443,5,31.09,4.23,1,115.13,0
SHP-03309,Polio,Road,Delhi-Mumbai,1.88,2.84,1.5,41.84,0.1113,4,6.78,7.38,1,18.49,0
SHP-03310,Polio,Road,Delhi-Mumbai,2.54,2.58,1.42,44.67,0.1202,4,12.05,9.44,1,89.32,0
SHP-03311,Influenza,Road,Chennai-Kolkata,4.26,6.22,3.41,66.31,0.1312,0,21.33,8.61,0,0.0,0
SHP-03312,Hepatitis-B,Road,Bengaluru-Pune,2.43,3.75,2.26,72.34,0.1788,1,59.6,2.57,0,0.0,0
SHP-03313,Influenza,Air,Delhi-Mumbai,1.23,4.6,1.2,55.91,0.0671,2,35.18,2.3,1,104.86,0
SHP-03314,COVID-19-mRNA,Road,Lucknow-Ahmedabad,7.0,7.84,6.95,56.44,0.1628,3,44.85,10.17,0,0.0,0
SHP-03315,COVID-19-mRNA,Road,Bengaluru-Pune,2.64,4.29,1.96,62.76,0.583,2,68.29,0.77,1,54.32,0
SHP-03316,Hepatitis-B,Road,Chennai-Kolkata,4.35,7.05,3.49,55.73,0.1349,9,15.7,1.64,0,0.0,0
SHP-03317,Polio,Rail,Bengaluru-Pune,4.74,5.99,4.31,66.0,0.0943,2,62.88,0.64,0,0.0,0
SHP-03318,COVID-19-mRNA,Road,Jaipur-Hyderabad,2.53,5.32,1.61,57.92,0.035,3,31.03,0.22,1,91.21,0
SHP-03319,Influenza,Rail,Jaipur-Hyderabad,7.63,8.61,6.29,56.36,0.3465,6,28.27,4.78,1,109.76,0
SHP-03320,Influenza,Road,Delhi-Mumbai,1.21,1.58,0.68,48.01,0.9225,7,47.28,11.55,1,78.92,0
SHP-03321,Hepatitis-B,Air,Jaipur-Hyderabad,4.65,6.72,3.97,45.55,0.0304,3,65.31,0.69,0,0.0,0
SHP-03322,COVID-19-mRNA,Road,Chennai-Kolkata,4.62,4.73,4.53,23.41,0.3908,4,29.0,7.94,0,0.0,0
SHP-03323,Influenza,Air,Delhi-Mumbai,3.86,4.96,3.01,67.34,0.5258,5,56.25,2.38,0,0.0,0
SHP-03324,Hepatitis-B,Road,Chennai-Kolkata,0.76,0.98,-0.75,53.53,0.4488,1,7.27,4.81,1,82.03,1
SHP-03325,Influenza,Air,Chennai-Kolkata,6.18,7.36,4.55,51.0,1.0503,1,47.12,7.21,0,0.0,0
SHP-03326,Influenza,Rail,Jaipur-Hyderabad,5.86,6.19,5.16,35.48,1.0064,3,47.62,6.19,0,0.0,0
SHP-03327,Influenza,Air,Jaipur-Hyderabad,2.31,2.34,0.75,48.6,0.0295,1,42.7,0.73,1,112.77,0
SHP-03328,Hepatitis-B,Sea,Chennai-Kolkata,5.77,8.66,5.62,47.28,0.2239,3,67.9,0.61,1,51.04,0
SHP-03329,COVID-19-mRNA,Rail,Jaipur-Hyderabad,4.94,5.15,4.17,47.05,0.5556,3,67.95,12.9,0,0.0,0
SHP-03330,Hepatitis-B,Road,Jaipur-Hyderabad,0.8,2.81,-0.43,58.33,1.5229,3,28.58,0.41,1,11.65,1
SHP-03331,Hepatitis-B,Road,Jaipur-Hyderabad,1.87,2.85,1.86,56.22,0.8166,1,36.12,1.23,1,67.97,0
SHP-03332,Influenza,Road,Bengaluru-Pune,6.85,9.19,6.77,41.39,0.0972,4,58.3,2.88,1,24.45,0
SHP-03333,COVID-19-mRNA,Rail,Chennai-Kolkata,4.77,6.29,3.84,42.02,0.1637,3,61.7,8.6,0,0.0,0
SHP-03334,COVID-19-mRNA,Road,Lucknow-Ahmedabad,2.59,3.2,1.94,42.0,0.7211,2,33.59,4.61,1,95.75,0
SHP-03335,Rotavirus,Rail,Chennai-Kolkata,1.85,2.67,1.1,73.11,0.3188,0,29.04,4.23,1,89.5,0
SHP-03336,Influenza,Road,Delhi-Mumbai,2.71,3.15,0.52,69.93,0.3963,2,60.16,5.89,1,70.13,0
SHP-03337,Rotavirus,Sea,Jaipur-Hyderabad,2.89,4.19,2.71,46.48,0.4695,2,30.87,8.1,0,0.0,0
SHP-03338,Influenza,Road,Jaipur-Hyderabad,1.89,2.3,-0.21,35.23,0.0545,3,32.75,1.32,1,81.12,0
SHP-03339,Hepatitis-B,Road,Lucknow-Ahmedabad,-0.35,0.74,-1.35,56.28,0.9688,1,14.95,0.1,1,71.02,0
SHP-03340,Hepatitis-B,Rail,Delhi-Mumbai,6.85,7.69,5.98,55.47,0.9944,2,41.83,0.68,0,0.0,0
SHP-03341,Rotavirus,Rail,Bengaluru-Pune,6.43,7.03,5.86,58.17,0.3158,4,27.55,0.9,0,0.0,0
SHP-03342,Hepatitis-B,Road,Chennai-Kolkata,0.82,2.52,-0.0,62.41,0.4929,2,44.98,0.2,1,68.97,1
SHP-03343,Hepatitis-B,Air,Bengaluru-Pune,4.34,6.24,3.3,59.52,0.5393,2,35.58,6.88,0,0.0,0
SHP-03344,COVID-19-mRNA,Road,Delhi-Mumbai,1.74,2.12,1.24,43.84,0.1052,5,55.38,10.81,1,24.41,0
SHP-03345,Polio,Sea,Lucknow-Ahmedabad,3.35,3.39,2.71,57.94,0.0597,3,24.33,6.2,0,0.0,0
SHP-03346,Influenza,Rail,Delhi-Mumbai,3.14,3.39,2.48,63.54,0.0104,4,17.35,1.05,0,0.0,0
SHP-03347,COVID-19-mRNA,Rail,Lucknow-Ahmedabad,2.93,3.42,0.43,47.76,1.2202,1,52.4,4.66,1,34.76,0
SHP-03348,COVID-19-mRNA,Air,Bengaluru-Pune,9.01,9.09,9.0,58.0,0.2121,7,31.35,3.68,1,59.8,0
SHP-03349,Polio,Road,Bengaluru-Pune,2.9,3.81,1.1,49.47,0.0449,4,43.2,8.57,1,24.93,0
SHP-03350,COVID-19-mRNA,Road,Delhi-Mumbai,1.98,2.13,1.47,74.96,0.3135,1,68.11,14.26,1,36.49,0
SHP-03351,COVID-19-mRNA,Rail,Delhi-Mumbai,2.09,5.1,0.0,41.73,0.0393,6,37.95,6.79,1,90.74,0
SHP-03352,Polio,Air,Jaipur-Hyderabad,6.61,9.23,6.43,66.56,0.0446,4,16.06,3.59,1,118.41,0
SHP-03353,Rotavirus,Rail,Lucknow-Ahmedabad,-0.13,2.76,-0.68,38.29,0.3356,3,34.16,3.58,1,30.48,0
SHP-03354,Hepatitis-B,Road,Jaipur-Hyderabad,2.09,2.09,0.98,72.93,0.3555,4,37.58,8.25,1,47.3,0
SHP-03355,COVID-19-mRNA,Air,Chennai-Kolkata,7.62,9.04,6.66,43.58,0.4339,4,56.55,0.65,1,48.58,0
SHP-03356,COVID-19-mRNA,Road,Chennai-Kolkata,4.61,5.13,4.1,56.9,0.534,5,18.88,0.83,0,0.0,0
SHP-03357,Hepatitis-B,Road,Delhi-Mumbai,4.48,4.57,4.1,38.71,0.5517,3,28.9,2.1,0,0.0,0
SHP-03358,Polio,Road,Bengaluru-Pune,9.33,10.01,8.63,41.5,0.2837,2,9.3,6.87,1,24.49,1
SHP-03359,Influenza,Air,Chennai-Kolkata,4.62,8.31,4.26,63.98,0.5158,3,52.33,0.34,1,109.83,0
SHP-03360,Hepatitis-B,Air,Chennai-Kolkata,2.23,2.61,2.08,65.28,0.1817,4,55.1,2.11,0,0.0,0
SHP-03361,Influenza,Rail,Jaipur-Hyderabad,3.29,4.1,3.28,57.39,0.2911,2,36.17,1.92,0,0.0,0
SHP-03362,COVID-19-mRNA,Air,Jaipur-Hyderabad,1.16,3.64,1.15,62.41,0.2499,7,41.53,3.33,1,38.39,0
SHP-03363,Hepatitis-B,Air,Chennai-Kolkata,7.14,10.1,6.47,65.45,0.1996,2,55.49,3.12,1,74.87,1
SHP-03364,COVID-19-mRNA,Road,Delhi-Mumbai,5.44,5.68,4.19,48.16,0.1363,4,23.71,6.27,0,0.0,0
SHP-03365,Rotavirus,Road,Jaipur-Hyderabad,6.81,7.93,6.47,41.01,0.0409,3,46.06,4.91,0,0.0,0
SHP-03366,Hepatitis-B,Rail,Chennai-Kolkata,7.03,8.32,6.64,54.86,0.3525,0,69.62,11.65,1,48.19,0
SHP-03367,Polio,Road,Bengaluru-Pune,2.96,3.66,2.23,49.23,0.3853,4,49.43,1.0,0,0.0,0
SHP-03368,COVID-19-mRNA,Rail,Jaipur-Hyderabad,1.64,2.65,0.79,58.89,0.2049,2,11.16,2.83,1,19.65,0
SHP-03369,COVID-19-mRNA,Road,Chennai-Kolkata,3.87,4.78,2.7,60.48,1.8616,2,25.16,2.55,0,0.0,0
SHP-03370,Hepatitis-B,Air,Lucknow-Ahmedabad,1.82,3.3,1.65,48.18,0.407,1,40.26,0.6,1,68.7,0
SHP-03371,COVID-19-mRNA,Air,Jaipur-Hyderabad,4.41,6.16,3.25,62.04,1.0992,2,10.8,0.9,0,0.0,0
SHP-03372,Hepatitis-B,Road,Lucknow-Ahmedabad,6.83,7.07,5.92,61.54,0.4221,3,50.65,2.05,0,0.0,0
SHP-03373,COVID-19-mRNA,Road,Jaipur-Hyderabad,3.58,4.36,2.36,62.23,0.1053,1,49.18,6.64,0,0.0,0
SHP-03374,Hepatitis-B,Road,Jaipur-Hyderabad,4.37,4.99,3.78,50.92,1.8369,1,63.84,0.81,0,0.0,0
SHP-03375,Influenza,Road,Lucknow-Ahmedabad,3.77,4.72,2.98,62.8,1.0829,4,39.0,1.54,0,0.0,0
SHP-03376,Influenza,Road,Delhi-Mumbai,6.01,8.34,4.94,60.2,0.3186,3,51.68,5.64,1,110.76,0
SHP-03377,Influenza,Air,Chennai-Kolkata,2.33,3.21,2.05,61.4,0.1392,4,18.01,4.54,0,0.0,0
SHP-03378,COVID-19-mRNA,Air,Delhi-Mumbai,-1.49,-1.0,-1.67,71.78,0.1259,2,6.19,0.55,1,39.7,0
SHP-03379,COVID-19-mRNA,Road,Delhi-Mumbai,5.18,6.42,4.6,58.28,0.82,2,17.37,14.39,0,0.0,0
SHP-03380,Hepatitis-B,Road,Chennai-Kolkata,6.47,7.11,6.11,48.93,0.0358,4,10.11,0.8,0,0.0,0
SHP-03381,Polio,Road,Bengaluru-Pune,5.12,6.9,4.62,43.9,0.5081,1,34.23,0.32,0,0.0,0
SHP-03382,Polio,Air,Delhi-Mumbai,2.4,4.42,1.42,66.28,0.511,4,36.91,1.81,1,42.31,0
SHP-03383,COVID-19-mRNA,Road,Delhi-Mumbai,1.16,1.67,0.31,58.57,0.1007,3,48.54,0.13,1,22.31,0
SHP-03384,COVID-19-mRNA,Rail,Delhi-Mumbai,5.24,5.67,5.05,71.7,0.6102,3,15.29,0.16,0,0.0,0
SHP-03385,COVID-19-mRNA,Road,Bengaluru-Pune,4.35,5.02,4.15,34.7,0.6111,1,20.17,4.32,0,0.0,0
SHP-03386,Rotavirus,Road,Jaipur-Hyderabad,3.69,4.62,3.52,64.11,0.2154,3,58.69,11.17,0,0.0,0
SHP-03387,COVID-19-mRNA,Sea,Lucknow-Ahmedabad,8.56,9.87,8.5,52.39,0.3302,2,44.05,2.58,1,64.82,0
SHP-03388,Hepatitis-B,Road,Lucknow-Ahmedabad,1.63,4.36,1.54,51.46,0.8942,2,7.94,1.8,1,46.38,0
SHP-03389,COVID-19-mRNA,Road,Bengaluru-Pune,8.44,9.83,8.13,47.35,0.3703,4,61.99,12.3,1,39.02,0
SHP-03390,Hepatitis-B,Air,Delhi-Mumbai,4.08,5.51,2.66,64.0,0.4814,4,47.57,0.32,0,0.0,0
SHP-03391,Polio,Road,Lucknow-Ahmedabad,-0.59,1.22,-1.35,61.14,0.2662,4,18.32,3.21,1,44.09,0
SHP-03392,Rotavirus,Air,Bengaluru-Pune,3.55,4.35,3.53,43.58,0.081,3,22.64,1.46,0,0.0,0
SHP-03393,Rotavirus,Sea,Chennai-Kolkata,6.4,7.94,5.95,56.65,3.1242,4,42.53,2.4,0,0.0,0
SHP-03394,Polio,Road,Lucknow-Ahmedabad,3.09,3.3,2.97,62.06,0.3791,6,43.01,2.64,0,0.0,0
SHP-03395,Rotavirus,Rail,Chennai-Kolkata,0.31,2.79,-0.1,56.78,0.2051,2,59.14,3.94,1,24.3,0
SHP-03396,Rotavirus,Road,Delhi-Mumbai,3.59,4.21,2.09,66.08,0.6255,2,29.67,3.02,0,0.0,0
SHP-03397,Influenza,Road,Lucknow-Ahmedabad,1.86,2.11,0.48,52.1,0.4849,4,42.25,22.13,1,86.33,0
SHP-03398,Influenza,Road,Bengaluru-Pune,5.23,5.29,4.57,32.46,0.1326,4,44.45,0.13,0,0.0,0
SHP-03399,COVID-19-mRNA,Rail,Jaipur-Hyderabad,5.93,7.74,4.81,56.87,1.0475,1,42.87,7.09,0,0.0,0
SHP-03400,Hepatitis-B,Sea,Lucknow-Ahmedabad,1.36,2.04,-0.13,56.81,0.0368,1,10.81,0.26,1,78.5,0
SHP-03401,COVID-19-mRNA,Road,Lucknow-Ahmedabad,2.24,2.61,2.05,58.11,0.4653,3,33.14,2.82,0,0.0,0
SHP-03402,COVID-19-mRNA,Sea,Lucknow-Ahmedabad,5.89,5.92,4.83,66.07,0.3249,2,28.37,1.13,0,0.0,0
SHP-03403,Rotavirus,Road,Lucknow-Ahmedabad,1.85,4.61,1.42,35.48,0.1915,8,71.52,14.53,1,89.7,0
SHP-03404,Polio,Road,Bengaluru-Pune,1.29,1.69,0.94,52.62,0.8754,3,36.74,6.41,1,79.26,0
SHP-03405,Influenza,Road,Bengaluru-Pune,1.05,4.78,0.92,45.77,0.534,3,34.73,3.11,1,42.59,0
SHP-03406,Influenza,Air,Jaipur-Hyderabad,4.88,5.76,4.47,42.92,0.7125,3,37.92,15.21,0,0.0,0
SHP-03407,Rotavirus,Air,Bengaluru-Pune,4.77,6.06,4.05,54.28,0.2678,2,66.67,6.39,0,0.0,0
SHP-03408,Rotavirus,Air,Bengaluru-Pune,2.29,2.96,2.06,62.02,1.4271,5,46.36,15.18,0,0.0,0
SHP-03409,COVID-19-mRNA,Road,Delhi-Mumbai,4.01,4.9,3.78,58.01,0.2113,2,31.68,6.1,0,0.0,0
SHP-03410,COVID-19-mRNA,Road,Delhi-Mumbai,7.82,7.88,7.66,48.12,0.3786,3,66.23,0.4,0,0.0,0
SHP-03411,Polio,Road,Chennai-Kolkata,1.56,3.18,0.99,53.55,1.3564,7,67.37,4.79,1,37.66,0
SHP-03412,COVID-19-mRNA,Sea,Jaipur-Hyderabad,-0.88,-0.88,-1.14,64.3,0.0434,4,23.44,19.65,1,58.9,0
SHP-03413,COVID-19-mRNA,Road,Delhi-Mumbai,5.14,9.53,3.44,61.83,0.0576,2,31.96,1.21,1,25.84,0
SHP-03414,Polio,Road,Jaipur-Hyderabad,3.72,6.49,2.49,49.47,2.5739,1,69.79,7.87,0,0.0,0
SHP-03415,Influenza,Air,Jaipur-Hyderabad,2.22,2.3,0.5,48.83,1.777,1,41.71,1.02,1,105.61,0
SHP-03416,Hepatitis-B,Air,Lucknow-Ahmedabad,5.63,5.87,3.82,37.84,0.7386,4,34.5,3.01,0,0.0,0
SHP-03417,Polio,Rail,Jaipur-Hyderabad,6.1,7.57,4.02,50.71,0.331,1,18.9,0.44,0,0.0,0
SHP-03418,Hepatitis-B,Road,Lucknow-Ahmedabad,-1.52,-0.32,-2.19,37.64,0.3527,1,31.37,2.08,1,101.07,0
SHP-03419,COVID-19-mRNA,Rail,Chennai-Kolkata,2.37,2.91,1.82,75.67,0.1487,5,47.66,7.49,1,44.44,0
SHP-03420,COVID-19-mRNA,Air,Chennai-Kolkata,9.79,10.58,8.59,46.45,0.2835,5,8.55,0.23,1,75.34,1
SHP-03421,Influenza,Road,Chennai-Kolkata,5.46,6.81,4.4,66.09,0.2822,3,11.5,1.93,0,0.0,0
SHP-03422,Hepatitis-B,Road,Lucknow-Ahmedabad,5.69,8.04,4.94,73.18,0.0184,3,6.35,4.97,1,88.97,0
SHP-03423,Influenza,Air,Lucknow-Ahmedabad,6.93,7.43,6.88,57.16,0.3018,2,20.45,14.84,0,0.0,0
SHP-03424,COVID-19-mRNA,Air,Chennai-Kolkata,4.04,4.2,3.88,54.0,0.3268,6,18.08,1.41,0,0.0,0
SHP-03425,Influenza,Air,Lucknow-Ahmedabad,5.99,8.51,5.37,41.78,0.548,5,62.15,0.95,1,112.83,0
SHP-03426,Hepatitis-B,Road,Bengaluru-Pune,5.8,6.92,5.04,49.95,0.3633,1,18.23,1.14,0,0.0,0
SHP-03427,Hepatitis-B,Air,Bengaluru-Pune,5.35,7.06,2.76,71.04,0.9891,3,49.64,1.35,0,0.0,0
SHP-03428,Hepatitis-B,Sea,Lucknow-Ahmedabad,3.19,3.82,1.86,58.51,0.2291,4,13.81,5.08,1,115.58,0
SHP-03429,Rotavirus,Road,Lucknow-Ahmedabad,4.43,5.87,3.9,55.28,0.2636,3,45.17,33.1,0,0.0,0
SHP-03430,Hepatitis-B,Air,Delhi-Mumbai,2.53,4.07,1.44,68.12,0.4237,3,34.75,3.71,1,68.95,0
SHP-03431,Hepatitis-B,Air,Delhi-Mumbai,4.03,4.73,3.94,61.96,0.1133,3,32.97,1.58,0,0.0,0
SHP-03432,Rotavirus,Road,Jaipur-Hyderabad,1.08,1.69,0.9,53.52,0.25,0,62.53,6.87,1,108.39,0
SHP-03433,Influenza,Air,Jaipur-Hyderabad,2.02,3.07,0.96,57.16,0.5794,3,17.07,0.86,1,84.71,0
SHP-03434,Polio,Rail,Jaipur-Hyderabad,3.29,5.09,2.13,47.32,0.2654,1,45.28,0.15,0,0.0,0
SHP-03435,Influenza,Sea,Chennai-Kolkata,1.64,2.59,1.36,49.39,1.1855,0,60.24,4.65,1,94.69,0
SHP-03436,Polio,Air,Bengaluru-Pune,2.74,5.16,1.21,52.94,0.4776,4,53.12,1.18,1,33.49,0
SHP-03437,COVID-19-mRNA,Road,Chennai-Kolkata,3.59,4.61,3.15,60.57,0.0835,4,70.9,2.55,0,0.0,0
SHP-03438,Hepatitis-B,Air,Lucknow-Ahmedabad,5.01,5.6,4.9,42.53,0.3342,3,6.14,1.31,0,0.0,0
SHP-03439,Rotavirus,Road,Delhi-Mumbai,6.37,7.21,4.44,55.76,0.7236,2,64.37,12.51,0,0.0,0
SHP-03440,Rotavirus,Road,Lucknow-Ahmedabad,2.84,4.27,1.29,51.1,0.5155,3,46.49,2.06,1,24.12,0
SHP-03441,Polio,Road,Lucknow-Ahmedabad,7.34,9.13,5.97,45.99,1.0826,1,6.16,2.98,1,92.68,0
SHP-03442,Hepatitis-B,Air,Delhi-Mumbai,6.35,6.43,4.64,51.16,0.6931,1,36.72,1.34,0,0.0,0
SHP-03443,COVID-19-mRNA,Road,Lucknow-Ahmedabad,5.26,5.36,3.93,31.79,0.0318,3,56.65,0.44,0,0.0,0
SHP-03444,Rotavirus,Road,Jaipur-Hyderabad,4.38,4.61,2.71,47.42,0.0597,3,18.05,3.59,0,0.0,0
SHP-03445,Rotavirus,Air,Delhi-Mumbai,4.8,5.23,4.55,44.01,0.5246,3,50.78,10.15,0,0.0,0
SHP-03446,Hepatitis-B,Road,Lucknow-Ahmedabad,6.97,9.53,5.79,52.2,0.1362,0,15.22,2.17,1,37.18,0
SHP-03447,Influenza,Road,Jaipur-Hyderabad,7.06,7.7,5.71,32.2,0.4432,3,59.03,7.59,0,0.0,0
SHP-03448,Influenza,Rail,Jaipur-Hyderabad,7.34,10.29,7.13,56.91,0.7856,3,43.52,0.17,1,13.46,1
SHP-03449,Hepatitis-B,Air,Bengaluru-Pune,4.1,6.01,3.65,64.09,0.4301,1,8.24,1.34,0,0.0,0
SHP-03450,COVID-19-mRNA,Rail,Jaipur-Hyderabad,5.39,7.94,5.35,53.83,0.2685,2,12.0,0.7,0,0.0,0
SHP-03451,Polio,Road,Chennai-Kolkata,7.36,8.97,7.2,59.99,0.5196,3,63.02,2.58,1,55.47,0
SHP-03452,Hepatitis-B,Air,Delhi-Mumbai,2.44,3.33,0.61,49.87,0.0775,0,8.18,11.24,1,45.22,0
SHP-03453,Hepatitis-B,Road,Delhi-Mumbai,3.2,3.85,3.06,39.45,0.6422,2,25.7,2.34,0,0.0,0
SHP-03454,Polio,Road,Delhi-Mumbai,4.04,6.54,3.23,55.02,0.5971,5,43.42,4.62,0,0.0,0
SHP-03455,Rotavirus,Sea,Lucknow-Ahmedabad,6.25,8.49,6.11,61.8,0.3612,2,20.09,11.42,1,49.74,0
SHP-03456,COVID-19-mRNA,Air,Lucknow-Ahmedabad,6.29,6.73,5.19,41.76,0.1634,5,20.8,2.23,0,0.0,0
SHP-03457,Hepatitis-B,Road,Chennai-Kolkata,3.42,5.01,2.87,50.35,0.7987,1,57.22,2.28,0,0.0,0
SHP-03458,Hepatitis-B,Road,Jaipur-Hyderabad,0.23,0.85,-0.43,52.53,0.3572,5,25.21,0.46,1,74.93,1
SHP-03459,Hepatitis-B,Sea,Lucknow-Ahmedabad,4.62,5.81,4.52,83.51,0.0305,2,8.55,2.15,0,0.0,0
SHP-03460,Hepatitis-B,Road,Jaipur-Hyderabad,1.7,2.74,1.4,57.23,1.2543,2,53.59,6.86,1,74.35,0
SHP-03461,COVID-19-mRNA,Sea,Jaipur-Hyderabad,0.28,0.61,-1.67,35.94,0.7299,4,68.99,9.31,1,43.22,1
SHP-03462,COVID-19-mRNA,Sea,Lucknow-Ahmedabad,0.84,3.44,-0.77,33.47,0.4395,1,60.91,6.41,1,38.56,1
SHP-03463,Hepatitis-B,Road,Lucknow-Ahmedabad,4.82,5.82,3.91,62.3,0.2871,2,42.21,0.03,0,0.0,0
SHP-03464,Hepatitis-B,Rail,Chennai-Kolkata,7.4,9.89,6.74,79.85,1.6082,3,34.04,0.62,1,61.45,0
SHP-03465,COVID-19-mRNA,Sea,Bengaluru-Pune,4.1,5.37,3.48,52.19,0.7459,6,67.06,6.56,0,0.0,0
SHP-03466,Influenza,Road,Delhi-Mumbai,4.53,5.12,4.36,51.59,0.3829,4,56.57,14.27,0,0.0,0
SHP-03467,Polio,Road,Lucknow-Ahmedabad,6.96,8.08,6.57,59.31,0.5294,2,43.66,5.94,1,110.14,0
SHP-03468,Hepatitis-B,Road,Lucknow-Ahmedabad,0.14,0.16,-0.28,47.02,0.1648,1,64.07,1.28,1,44.66,0
SHP-03469,Influenza,Road,Jaipur-Hyderabad,5.3,7.23,5.25,29.56,0.1089,3,45.71,0.57,0,0.0,0
SHP-03470,COVID-19-mRNA,Air,Bengaluru-Pune,3.97,4.82,3.77,65.37,0.1596,2,70.25,10.48,0,0.0,0
SHP-03471,COVID-19-mRNA,Air,Lucknow-Ahmedabad,5.42,7.91,4.71,48.87,0.1735,4,62.65,0.52,0,0.0,0
SHP-03472,Influenza,Road,Bengaluru-Pune,2.79,3.24,2.6,65.5,0.673,3,42.33,0.82,0,0.0,0
SHP-03473,Hepatitis-B,Road,Delhi-Mumbai,1.96,3.13,0.85,47.39,0.0754,4,66.91,4.54,1,85.69,0
SHP-03474,Hepatitis-B,Air,Jaipur-Hyderabad,4.35,4.78,3.78,56.22,0.7516,6,28.6,1.05,0,0.0,0
SHP-03475,Influenza,Rail,Chennai-Kolkata,8.12,8.31,7.21,63.55,0.3705,0,52.26,1.29,1,115.16,0
SHP-03476,Influenza,Road,Delhi-Mumbai,6.15,7.07,6.1,65.7,0.2427,4,17.3,0.77,0,0.0,0
SHP-03477,Rotavirus,Air,Bengaluru-Pune,2.73,4.8,2.0,57.33,0.1786,4,65.09,14.44,1,24.5,0
SHP-03478,Hepatitis-B,Road,Bengaluru-Pune,0.65,2.97,0.52,56.83,0.36,6,22.37,0.67,1,59.79,0
SHP-03479,Polio,Road,Delhi-Mumbai,-0.21,2.1,-0.24,61.2,0.191,3,68.64,13.39,1,60.02,1
SHP-03480,Polio,Sea,Bengaluru-Pune,7.29,8.29,6.94,59.64,0.2806,5,7.12,1.97,1,60.2,0
SHP-03481,COVID-19-mRNA,Air,Chennai-Kolkata,1.61,5.35,0.4,42.09,0.6716,4,51.0,8.62,1,112.38,0
SHP-03482,Hepatitis-B,Air,Chennai-Kolkata,3.19,4.19,2.95,42.28,0.4917,2,15.9,14.98,0,0.0,0
SHP-03483,COVID-19-mRNA,Sea,Bengaluru-Pune,7.3,8.45,6.82,33.91,0.6891,5,56.87,3.66,1,77.57,0
SHP-03484,Rotavirus,Sea,Bengaluru-Pune,-0.03,0.39,-0.4,62.67,0.6241,3,38.47,7.35,1,108.59,1
SHP-03485,Hepatitis-B,Road,Chennai-Kolkata,7.73,10.52,6.16,51.04,0.8439,2,66.04,1.55,1,15.56,1
SHP-03486,Hepatitis-B,Rail,Bengaluru-Pune,3.37,3.97,2.73,63.2,0.1126,2,53.19,2.41,0,0.0,0
SHP-03487,Polio,Air,Lucknow-Ahmedabad,1.13,3.04,1.05,59.04,2.6616,4,56.71,4.03,1,94.15,0
SHP-03488,COVID-19-mRNA,Road,Jaipur-Hyderabad,3.38,5.08,3.26,44.98,0.3229,2,13.95,9.5,0,0.0,0
SHP-03489,COVID-19-mRNA,Air,Lucknow-Ahmedabad,2.19,3.13,1.22,53.8,0.6333,4,12.37,4.85,1,45.81,0
SHP-03490,Polio,Air,Bengaluru-Pune,5.1,5.25,4.5,50.45,0.5662,4,62.14,0.11,0,0.0,0
SHP-03491,COVID-19-mRNA,Rail,Bengaluru-Pune,2.38,2.39,0.6,48.91,0.4175,0,20.9,1.82,1,34.34,0
SHP-03492,Hepatitis-B,Air,Jaipur-Hyderabad,-0.78,-0.41,-0.85,64.15,2.7383,3,63.22,10.01,1,80.24,1
SHP-03493,Rotavirus,Road,Bengaluru-Pune,3.45,3.5,2.26,80.11,0.1225,7,15.41,1.37,0,0.0,0
SHP-03494,Rotavirus,Sea,Jaipur-Hyderabad,0.61,1.25,-0.98,66.16,0.2739,2,26.36,2.29,1,28.33,1
SHP-03495,Hepatitis-B,Air,Chennai-Kolkata,4.51,5.03,4.4,54.73,0.0683,5,67.3,2.47,0,0.0,0
SHP-03496,COVID-19-mRNA,Sea,Jaipur-Hyderabad,1.03,1.73,0.99,67.6,0.1003,5,61.42,0.84,1,41.94,0
SHP-03497,Rotavirus,Sea,Jaipur-Hyderabad,2.78,3.93,2.26,72.13,0.6241,2,9.58,2.15,0,0.0,0
SHP-03498,Rotavirus,Road,Lucknow-Ahmedabad,4.46,5.1,4.19,41.08,0.0024,4,35.57,8.5,0,0.0,0
SHP-03499,COVID-19-mRNA,Air,Bengaluru-Pune,3.47,5.26,2.95,67.25,1.1028,5,66.05,9.46,0,0.0,0
SHP-03500,Influenza,Road,Chennai-Kolkata,4.63,5.68,4.54,62.7,0.5014,4,6.97,4.35,0,0.0,0
SHP-03501,COVID-19-mRNA,Road,Delhi-Mumbai,5.7,7.1,4.69,66.88,0.2907,5,13.08,5.68,0,0.0,0
SHP-03502,Influenza,Road,Jaipur-Hyderabad,1.11,1.36,0.38,63.13,0.2013,4,48.58,3.82,1,54.38,0
SHP-03503,Rotavirus,Road,Delhi-Mumbai,3.84,5.24,3.03,52.72,0.0675,1,12.93,0.23,0,0.0,0
SHP-03504,COVID-19-mRNA,Sea,Bengaluru-Pune,-4.32,-3.11,-4.53,75.33,1.2727,1,35.62,5.96,1,44.09,1
SHP-03505,Rotavirus,Air,Jaipur-Hyderabad,4.62,5.1,2.69,58.4,0.623,4,39.52,28.35,0,0.0,0
SHP-03506,Hepatitis-B,Road,Delhi-Mumbai,3.25,4.66,2.76,50.66,0.205,6,62.78,1.29,0,0.0,0
SHP-03507,Rotavirus,Air,Lucknow-Ahmedabad,1.54,5.72,1.29,60.06,0.0368,4,69.19,20.13,1,28.79,0
SHP-03508,Polio,Road,Delhi-Mumbai,4.79,6.26,4.03,64.72,0.197,1,39.81,30.54,0,0.0,0
SHP-03509,Influenza,Sea,Lucknow-Ahmedabad,6.93,8.69,6.83,55.95,0.1021,1,39.68,0.76,1,19.45,0
SHP-03510,COVID-19-mRNA,Road,Chennai-Kolkata,2.81,3.96,2.7,58.93,0.7715,2,53.97,13.03,0,0.0,0
SHP-03511,Polio,Air,Bengaluru-Pune,1.64,5.06,0.85,55.88,0.6358,2,18.71,5.63,1,11.62,0
SHP-03512,COVID-19-mRNA,Road,Delhi-Mumbai,4.41,4.73,4.12,48.4,0.3447,0,68.1,3.14,0,0.0,0
SHP-03513,Rotavirus,Road,Jaipur-Hyderabad,0.66,0.73,0.5,46.78,1.0851,3,6.08,2.11,1,87.76,0
SHP-03514,Influenza,Road,Bengaluru-Pune,2.35,3.79,2.29,40.97,0.0996,3,6.12,4.97,0,0.0,0
SHP-03515,Rotavirus,Road,Delhi-Mumbai,7.06,9.4,5.29,70.18,0.3007,2,47.29,9.25,1,119.86,0
SHP-03516,Rotavirus,Road,Jaipur-Hyderabad,4.16,4.91,4.02,52.77,0.62,3,28.54,0.17,0,0.0,0
SHP-03517,COVID-19-mRNA,Sea,Jaipur-Hyderabad,-0.7,0.46,-1.08,20.72,0.0351,2,32.28,3.83,1,25.01,0
SHP-03518,Polio,Sea,Jaipur-Hyderabad,-0.49,1.0,-0.51,58.97,0.2331,4,20.61,5.25,1,96.56,0
SHP-03519,COVID-19-mRNA,Road,Jaipur-Hyderabad,4.41,4.87,3.37,58.76,0.4239,1,32.91,0.13,0,0.0,0
SHP-03520,COVID-19-mRNA,Rail,Delhi-Mumbai,6.16,6.22,4.1,36.33,0.2285,4,60.65,10.99,0,0.0,0
SHP-03521,COVID-19-mRNA,Road,Chennai-Kolkata,-0.04,1.2,-0.72,46.68,0.3272,1,52.15,15.16,1,97.81,1
SHP-03522,Polio,Road,Lucknow-Ahmedabad,5.12,5.94,3.89,46.24,0.4684,0,12.25,4.74,0,0.0,0
SHP-03523,COVID-19-mRNA,Air,Lucknow-Ahmedabad,7.33,7.72,6.98,47.58,0.2297,2,9.74,0.62,0,0.0,0
SHP-03524,COVID-19-mRNA,Road,Lucknow-Ahmedabad,8.72,9.54,8.12,67.13,0.056,1,39.41,13.47,1,16.38,0
SHP-03525,COVID-19-mRNA,Road,Chennai-Kolkata,4.83,5.07,4.34,53.51,0.0751,3,54.19,8.17,0,0.0,0
SHP-03526,COVID-19-mRNA,Air,Jaipur-Hyderabad,5.27,6.09,4.28,50.73,0.3743,2,49.86,0.14,0,0.0,0
SHP-03527,Rotavirus,Road,Jaipur-Hyderabad,-1.33,-1.14,-1.43,66.22,0.096,3,63.03,4.33,1,60.24,0
SHP-03528,Influenza,Rail,Bengaluru-Pune,9.25,9.27,8.89,59.95,1.1029,2,14.8,0.61,1,10.28,0
SHP-03529,Rotavirus,Road,Lucknow-Ahmedabad,2.56,3.91,0.81,37.59,0.8984,0,45.98,0.76,1,78.23,0
SHP-03530,Polio,Road,Lucknow-Ahmedabad,1.67,2.61,1.61,48.83,0.2146,1,56.56,1.07,1,83.88,0
SHP-03531,COVID-19-mRNA,Sea,Jaipur-Hyderabad,3.36,3.92,2.35,58.22,0.8889,4,67.9,2.52,0,0.0,0
SHP-03532,Influenza,Air,Lucknow-Ahmedabad,7.78,9.04,6.3,45.66,0.3809,1,12.66,10.45,1,45.85,0
SHP-03533,Polio,Road,Jaipur-Hyderabad,9.52,10.05,8.02,75.3,0.0866,0,21.82,0.16,1,24.09,1
SHP-03534,COVID-19-mRNA,Rail,Jaipur-Hyderabad,4.31,4.68,0.82,56.13,0.4762,0,29.4,5.84,1,58.38,0
SHP-03535,COVID-19-mRNA,Road,Jaipur-Hyderabad,6.5,6.62,5.73,47.47,0.5689,2,41.69,16.7,0,0.0,0
SHP-03536,COVID-19-mRNA,Road,Delhi-Mumbai,4.11,4.74,3.2,43.77,0.0438,2,32.97,5.13,0,0.0,0
SHP-03537,COVID-19-mRNA,Air,Delhi-Mumbai,1.41,2.75,0.99,64.28,0.1888,5,62.83,8.45,1,35.24,0
SHP-03538,Polio,Rail,Delhi-Mumbai,7.69,9.65,6.39,48.52,0.0027,1,68.73,11.6,1,25.2,0
SHP-03539,Hepatitis-B,Road,Delhi-Mumbai,2.44,2.87,2.39,58.8,0.1902,3,10.63,6.27,0,0.0,0
SHP-03540,COVID-19-mRNA,Rail,Chennai-Kolkata,7.84,9.44,7.56,43.48,0.2043,2,52.18,5.39,1,79.08,0
SHP-03541,COVID-19-mRNA,Road,Bengaluru-Pune,7.25,7.65,6.71,55.7,0.4974,4,13.54,0.09,0,0.0,0
SHP-03542,Influenza,Road,Bengaluru-Pune,5.54,7.04,4.12,48.64,0.111,5,65.27,3.66,0,0.0,0
SHP-03543,COVID-19-mRNA,Rail,Jaipur-Hyderabad,8.57,11.12,7.53,51.85,0.0153,5,15.38,3.17,1,58.3,1
SHP-03544,Polio,Road,Lucknow-Ahmedabad,9.58,12.56,9.26,47.04,0.1896,0,71.44,3.7,1,115.81,1
SHP-03545,Rotavirus,Road,Delhi-Mumbai,3.56,4.54,2.37,65.26,0.8733,1,34.23,2.83,0,0.0,0
SHP-03546,COVID-19-mRNA,Road,Bengaluru-Pune,1.98,3.27,1.6,50.09,0.2547,2,31.21,11.85,1,87.96,0
SHP-03547,COVID-19-mRNA,Rail,Bengaluru-Pune,-0.66,-0.28,-1.9,53.57,0.2682,5,44.69,10.99,1,95.49,1
SHP-03548,Polio,Road,Delhi-Mumbai,9.61,10.16,9.05,54.05,0.3165,3,32.03,0.67,1,32.39,1
SHP-03549,Polio,Road,Chennai-Kolkata,2.9,5.3,2.47,71.12,0.6967,1,21.49,3.81,0,0.0,0
SHP-03550,Hepatitis-B,Air,Chennai-Kolkata,6.84,6.95,6.47,63.9,0.327,4,47.52,16.04,0,0.0,0
SHP-03551,Influenza,Sea,Bengaluru-Pune,2.15,3.47,1.53,62.91,0.0479,3,54.07,4.56,1,92.55,0
SHP-03552,COVID-19-mRNA,Air,Chennai-Kolkata,7.85,8.27,7.46,39.22,0.1156,4,68.39,8.09,1,28.33,0
SHP-03553,Hepatitis-B,Road,Delhi-Mumbai,2.25,2.34,0.95,48.44,0.1041,2,33.0,2.34,1,60.34,0
SHP-03554,Hepatitis-B,Road,Bengaluru-Pune,1.02,3.94,0.07,66.89,0.3545,1,52.58,2.37,1,27.9,0
SHP-03555,COVID-19-mRNA,Road,Delhi-Mumbai,3.48,4.85,2.32,43.29,0.0152,3,61.02,1.97,0,0.0,0
SHP-03556,Hepatitis-B,Road,Chennai-Kolkata,2.67,3.1,2.42,55.84,0.1668,6,60.87,0.11,0,0.0,0
SHP-03557,COVID-19-mRNA,Air,Delhi-Mumbai,5.49,5.89,4.94,44.35,0.4672,2,8.26,12.94,0,0.0,0
SHP-03558,Polio,Road,Chennai-Kolkata,3.87,6.39,2.31,45.35,0.219,5,29.48,2.15,0,0.0,0
SHP-03559,COVID-19-mRNA,Rail,Chennai-Kolkata,5.57,5.61,5.48,71.81,0.615,1,6.89,2.29,0,0.0,0
SHP-03560,Polio,Rail,Delhi-Mumbai,3.27,3.77,1.92,62.19,0.2482,4,42.9,7.13,1,101.13,0
SHP-03561,Polio,Air,Chennai-Kolkata,2.34,2.4,0.85,64.83,1.9378,3,63.1,3.74,1,46.79,0
SHP-03562,Influenza,Rail,Jaipur-Hyderabad,2.54,3.15,2.52,62.84,1.6813,2,59.78,2.25,0,0.0,0
SHP-03563,COVID-19-mRNA,Road,Delhi-Mumbai,9.11,9.17,8.35,53.61,0.8043,5,59.54,10.75,1,37.6,0
SHP-03564,Polio,Rail,Jaipur-Hyderabad,4.56,7.51,4.22,48.08,1.5438,2,29.22,8.73,0,0.0,0
SHP-03565,Polio,Road,Delhi-Mumbai,-0.96,1.36,-1.12,50.98,0.1146,2,9.06,18.82,1,73.42,0
SHP-03566,Influenza,Road,Chennai-Kolkata,2.7,3.22,2.09,53.08,0.695,4,17.38,5.12,0,0.0,0
SHP-03567,Hepatitis-B,Sea,Chennai-Kolkata,4.24,6.59,2.54,72.76,0.1941,5,50.27,5.86,0,0.0,0
SHP-03568,Hepatitis-B,Rail,Bengaluru-Pune,8.61,9.14,7.76,41.64,0.646,1,14.83,1.96,1,66.27,0
SHP-03569,Influenza,Road,Bengaluru-Pune,6.57,7.65,5.76,49.46,0.2341,0,14.27,0.52,0,0.0,0
SHP-03570,Rotavirus,Road,Jaipur-Hyderabad,1.7,3.86,0.47,45.87,0.1708,3,29.34,0.56,1,27.69,0
SHP-03571,Polio,Road,Chennai-Kolkata,10.05,11.22,9.72,65.57,1.5946,6,12.24,5.19,1,85.52,1
SHP-03572,Hepatitis-B,Road,Bengaluru-Pune,3.92,4.77,2.77,73.54,0.1178,0,27.77,0.6,0,0.0,0
SHP-03573,Influenza,Road,Chennai-Kolkata,7.12,8.08,6.95,58.09,0.7106,7,70.0,11.86,1,58.38,0
SHP-03574,Rotavirus,Road,Delhi-Mumbai,1.11,1.7,0.87,58.91,0.5615,2,7.32,6.08,1,69.43,0
SHP-03575,Rotavirus,Rail,Bengaluru-Pune,-2.0,-1.28,-2.82,55.91,0.1808,3,60.82,1.28,1,35.64,0
SHP-03576,Polio,Air,Jaipur-Hyderabad,0.48,0.53,0.05,59.37,0.3066,3,71.58,1.64,1,24.21,0
SHP-03577,COVID-19-mRNA,Road,Bengaluru-Pune,-4.13,-3.55,-5.49,62.73,0.0771,5,34.8,6.19,1,63.98,1
SHP-03578,Polio,Air,Chennai-Kolkata,9.28,9.46,8.17,59.26,1.2705,2,68.24,8.69,1,47.44,0
SHP-03579,Influenza,Road,Lucknow-Ahmedabad,4.54,5.49,4.42,59.99,1.7229,4,23.24,9.15,0,0.0,0
SHP-03580,Polio,Air,Lucknow-Ahmedabad,1.69,3.13,1.0,62.75,0.6592,1,70.83,4.59,1,33.14,0
SHP-03581,Polio,Road,Chennai-Kolkata,5.13,8.71,4.26,37.22,0.9466,4,62.86,0.84,1,61.8,0
SHP-03582,Influenza,Rail,Delhi-Mumbai,4.47,4.74,2.86,55.02,0.0431,1,64.39,8.53,0,0.0,0
SHP-03583,Polio,Rail,Bengaluru-Pune,5.55,7.83,5.18,58.05,0.2422,3,14.61,7.84,0,0.0,0
SHP-03584,Rotavirus,Air,Lucknow-Ahmedabad,7.02,8.12,6.9,59.16,0.2008,4,63.42,9.02,1,95.3,0
SHP-03585,Polio,Road,Delhi-Mumbai,3.28,3.62,2.24,53.29,0.4161,4,68.16,0.86,0,0.0,0
SHP-03586,Polio,Road,Chennai-Kolkata,1.8,2.9,0.55,56.61,0.1013,5,60.06,5.77,1,38.42,0
SHP-03587,Polio,Rail,Delhi-Mumbai,6.07,7.57,5.84,47.8,0.4143,3,12.03,16.12,0,0.0,0
SHP-03588,Influenza,Rail,Chennai-Kolkata,6.01,6.18,5.23,37.25,0.5312,2,11.6,1.48,0,0.0,0
SHP-03589,COVID-19-mRNA,Road,Bengaluru-Pune,4.25,6.61,3.02,64.83,0.071,5,29.6,6.31,0,0.0,0
SHP-03590,COVID-19-mRNA,Road,Delhi-Mumbai,9.44,10.92,7.98,43.66,0.0706,3,52.53,1.5,1,91.67,1
SHP-03591,Rotavirus,Rail,Bengaluru-Pune,2.91,4.03,2.42,53.4,0.018,1,6.82,1.83,0,0.0,0
SHP-03592,COVID-19-mRNA,Air,Delhi-Mumbai,1.75,3.02,0.74,47.51,0.7154,3,68.74,3.32,1,99.5,0
SHP-03593,Hepatitis-B,Road,Chennai-Kolkata,5.05,7.27,4.22,70.87,0.201,2,40.68,11.27,0,0.0,0
SHP-03594,Hepatitis-B,Sea,Chennai-Kolkata,2.31,3.72,1.77,54.2,0.1277,0,29.65,0.2,1,84.54,0
SHP-03595,Polio,Road,Delhi-Mumbai,5.24,5.39,4.56,51.9,0.7528,2,43.04,22.85,0,0.0,0
SHP-03596,Hepatitis-B,Road,Chennai-Kolkata,1.92,2.99,1.4,62.48,0.0773,5,53.24,7.39,1,10.03,0
SHP-03597,COVID-19-mRNA,Road,Jaipur-Hyderabad,3.0,8.78,2.19,76.56,0.2786,7,24.04,2.23,1,46.71,0
SHP-03598,Hepatitis-B,Road,Jaipur-Hyderabad,8.73,10.34,6.94,59.06,0.6828,0,25.21,2.19,1,30.97,1
SHP-03599,Polio,Road,Bengaluru-Pune,2.99,5.51,2.37,51.23,0.4265,4,36.9,3.3,0,0.0,0
SHP-03600,Hepatitis-B,Road,Jaipur-Hyderabad,2.0,2.89,1.95,61.97,0.4037,5,50.22,10.42,1,20.0,0
SHP-03601,COVID-19-mRNA,Road,Jaipur-Hyderabad,6.93,6.97,6.72,39.27,0.0857,4,52.62,0.09,0,0.0,0
SHP-03602,Hepatitis-B,Road,Lucknow-Ahmedabad,1.37,4.55,1.15,55.46,0.0998,3,27.39,3.97,1,23.06,0
SHP-03603,COVID-19-mRNA,Rail,Lucknow-Ahmedabad,2.27,3.76,1.65,74.94,0.4368,5,27.28,0.29,1,94.06,0
SHP-03604,COVID-19-mRNA,Air,Lucknow-Ahmedabad,5.44,6.2,5.24,56.58,0.0119,3,38.15,0.61,0,0.0,0
SHP-03605,COVID-19-mRNA,Road,Lucknow-Ahmedabad,6.35,7.4,5.95,56.08,1.0167,4,41.77,5.87,0,0.0,0
SHP-03606,COVID-19-mRNA,Road,Chennai-Kolkata,7.05,9.31,6.19,55.21,0.2158,5,48.86,1.33,1,48.11,0
SHP-03607,Influenza,Road,Bengaluru-Pune,2.13,4.35,1.04,51.05,0.2695,4,46.77,0.21,1,90.42,0
SHP-03608,COVID-19-mRNA,Air,Bengaluru-Pune,5.49,5.78,4.3,58.14,0.1495,6,30.59,0.9,0,0.0,0
SHP-03609,Rotavirus,Road,Jaipur-Hyderabad,2.83,3.03,2.23,62.75,1.0465,4,25.59,1.17,0,0.0,0
SHP-03610,Rotavirus,Rail,Bengaluru-Pune,2.49,3.0,2.42,51.68,0.5143,2,26.32,7.34,0,0.0,0
SHP-03611,Hepatitis-B,Road,Jaipur-Hyderabad,7.01,7.54,4.02,30.09,0.2988,1,48.6,4.9,0,0.0,0
SHP-03612,COVID-19-mRNA,Sea,Bengaluru-Pune,2.63,2.91,2.2,59.66,0.4401,5,34.59,6.64,0,0.0,0
SHP-03613,Polio,Sea,Delhi-Mumbai,4.7,5.38,4.3,76.33,0.2393,3,14.87,2.31,0,0.0,0
SHP-03614,Influenza,Air,Delhi-Mumbai,4.39,4.6,4.14,51.24,0.3133,1,6.39,0.6,0,0.0,0
SHP-03615,Polio,Air,Bengaluru-Pune,1.32,1.95,-0.57,40.29,0.2213,5,7.96,8.18,1,47.67,0
SHP-03616,COVID-19-mRNA,Sea,Chennai-Kolkata,6.42,6.56,5.92,61.77,0.2644,3,63.26,0.76,0,0.0,0
SHP-03617,Hepatitis-B,Sea,Jaipur-Hyderabad,5.4,6.39,3.95,72.44,0.1892,8,36.22,2.41,0,0.0,0
SHP-03618,Influenza,Air,Bengaluru-Pune,-0.97,-0.96,-1.08,60.29,0.0404,2,49.39,1.52,1,97.05,0
SHP-03619,Influenza,Air,Jaipur-Hyderabad,4.69,5.77,3.79,72.25,0.019,3,67.32,1.76,0,0.0,0
SHP-03620,COVID-19-mRNA,Air,Lucknow-Ahmedabad,2.07,3.24,1.6,62.94,0.0956,4,14.33,4.6,1,114.19,0
SHP-03621,Hepatitis-B,Sea,Bengaluru-Pune,6.74,7.25,5.53,62.07,0.1449,0,35.54,0.9,0,0.0,0
SHP-03622,COVID-19-mRNA,Air,Chennai-Kolkata,0.39,0.57,-0.36,49.82,1.1058,6,41.58,2.95,1,108.53,1
SHP-03623,COVID-19-mRNA,Road,Lucknow-Ahmedabad,3.11,3.16,2.51,57.85,0.4724,6,61.54,5.09,0,0.0,0
SHP-03624,Rotavirus,Rail,Bengaluru-Pune,4.91,6.28,3.6,54.71,1.5886,2,71.59,10.16,0,0.0,0
SHP-03625,COVID-19-mRNA,Air,Delhi-Mumbai,4.14,4.88,3.1,54.36,0.2075,2,52.97,2.32,0,0.0,0
SHP-03626,COVID-19-mRNA,Road,Bengaluru-Pune,5.91,6.2,5.03,52.46,0.2569,3,48.36,1.92,0,0.0,0
SHP-03627,COVID-19-mRNA,Road,Delhi-Mumbai,0.2,0.38,-0.26,57.26,0.636,1,66.74,2.29,1,21.35,1
SHP-03628,Rotavirus,Rail,Delhi-Mumbai,8.13,9.04,7.74,42.04,0.4313,1,61.27,3.47,1,19.95,0
SHP-03629,Influenza,Road,Bengaluru-Pune,5.31,5.42,3.91,63.12,0.3753,2,63.09,1.88,0,0.0,0
SHP-03630,Hepatitis-B,Road,Bengaluru-Pune,7.4,8.9,7.01,46.22,0.4285,2,6.18,1.44,1,110.37,0
SHP-03631,Influenza,Road,Delhi-Mumbai,6.19,6.47,5.08,52.5,0.4387,4,39.95,2.35,0,0.0,0
SHP-03632,COVID-19-mRNA,Air,Jaipur-Hyderabad,3.97,4.31,3.84,58.31,0.7257,4,57.66,7.52,0,0.0,0
SHP-03633,Polio,Air,Lucknow-Ahmedabad,0.79,1.85,-0.76,45.73,0.5514,3,17.98,1.46,1,118.33,0
SHP-03634,Polio,Road,Chennai-Kolkata,2.59,5.54,1.47,35.34,1.5769,1,55.6,9.31,1,67.87,0
SHP-03635,COVID-19-mRNA,Road,Bengaluru-Pune,7.97,8.95,6.72,51.17,1.4779,4,6.6,1.68,1,26.93,0
SHP-03636,Polio,Rail,Lucknow-Ahmedabad,7.46,9.97,6.98,40.69,0.274,4,43.96,4.62,1,76.87,0
SHP-03637,Rotavirus,Rail,Lucknow-Ahmedabad,2.45,3.74,1.22,62.12,0.0182,1,62.19,17.7,1,48.93,0
SHP-03638,COVID-19-mRNA,Road,Jaipur-Hyderabad,-3.05,-2.87,-4.81,43.46,0.0056,4,34.47,15.16,1,48.11,0
SHP-03639,COVID-19-mRNA,Road,Lucknow-Ahmedabad,3.47,3.92,2.84,69.85,0.0657,5,54.8,2.85,0,0.0,0
SHP-03640,COVID-19-mRNA,Road,Bengaluru-Pune,3.28,4.1,1.43,54.94,0.0389,1,41.01,0.35,1,19.97,0
SHP-03641,COVID-19-mRNA,Rail,Lucknow-Ahmedabad,3.38,6.18,3.22,55.59,0.2337,3,48.72,11.65,0,0.0,0
SHP-03642,Rotavirus,Road,Bengaluru-Pune,5.32,5.85,2.87,35.19,0.0272,3,40.1,0.68,0,0.0,0
SHP-03643,Polio,Road,Bengaluru-Pune,6.19,7.02,4.59,56.45,0.4903,4,37.41,12.86,0,0.0,0
SHP-03644,Polio,Road,Delhi-Mumbai,6.48,6.72,6.29,54.2,0.1055,3,61.55,6.6,0,0.0,0
SHP-03645,Influenza,Road,Jaipur-Hyderabad,5.11,5.52,3.8,42.01,0.3607,1,12.12,13.61,0,0.0,0
SHP-03646,COVID-19-mRNA,Road,Chennai-Kolkata,-0.5,1.6,-1.25,55.87,0.0544,3,44.59,5.47,1,77.63,0
SHP-03647,Polio,Road,Delhi-Mumbai,3.15,3.52,3.0,51.02,0.8793,3,13.58,26.61,0,0.0,0
SHP-03648,Polio,Air,Chennai-Kolkata,9.76,11.95,9.61,52.83,0.757,2,43.15,3.15,1,89.26,1
SHP-03649,Hepatitis-B,Road,Bengaluru-Pune,4.94,6.24,3.78,55.26,0.2443,3,69.6,2.0,0,0.0,0
SHP-03650,Rotavirus,Air,Delhi-Mumbai,4.92,5.66,4.65,50.29,1.2073,2,9.77,2.5,0,0.0,0
SHP-03651,Influenza,Air,Lucknow-Ahmedabad,4.9,5.06,4.66,57.46,0.1027,5,33.85,2.16,0,0.0,0
SHP-03652,Polio,Road,Lucknow-Ahmedabad,5.04,5.74,3.93,54.13,0.8408,1,58.93,2.56,0,0.0,0
SHP-03653,Influenza,Air,Chennai-Kolkata,-1.96,-1.4,-2.58,59.73,0.3947,2,30.4,10.82,1,50.96,1
SHP-03654,COVID-19-mRNA,Road,Bengaluru-Pune,3.4,3.43,3.21,49.71,0.1999,4,40.34,4.48,0,0.0,0
SHP-03655,COVID-19-mRNA,Road,Chennai-Kolkata,3.91,4.1,2.96,44.35,0.0441,3,13.57,6.47,0,0.0,0
SHP-03656,COVID-19-mRNA,Road,Jaipur-Hyderabad,7.2,8.09,6.98,47.91,0.094,2,20.72,1.7,1,39.68,0
SHP-03657,Polio,Road,Lucknow-Ahmedabad,4.12,5.9,3.34,69.43,0.9934,4,51.3,22.96,0,0.0,0
SHP-03658,Hepatitis-B,Air,Delhi-Mumbai,-0.12,2.0,-0.75,64.56,0.4668,3,60.69,1.65,1,36.85,0
SHP-03659,Hepatitis-B,Air,Delhi-Mumbai,5.08,8.62,3.91,67.13,0.1353,2,48.67,0.87,1,22.06,0
SHP-03660,Rotavirus,Rail,Delhi-Mumbai,1.99,3.31,1.84,67.83,0.3424,4,61.24,7.53,1,87.51,0
SHP-03661,Hepatitis-B,Road,Lucknow-Ahmedabad,0.96,3.62,0.28,50.34,0.0571,5,45.97,9.13,1,41.63,0
SHP-03662,Hepatitis-B,Road,Bengaluru-Pune,1.91,2.25,0.9,57.96,0.052,2,59.47,2.5,1,43.65,0
SHP-03663,COVID-19-mRNA,Air,Lucknow-Ahmedabad,5.36,5.61,5.19,55.76,1.1917,1,70.87,3.89,0,0.0,0
SHP-03664,COVID-19-mRNA,Road,Lucknow-Ahmedabad,7.15,7.73,5.63,61.6,0.3061,5,11.47,2.67,0,0.0,0
SHP-03665,Hepatitis-B,Road,Delhi-Mumbai,5.21,6.69,4.99,52.11,0.2244,4,37.66,1.74,0,0.0,0
SHP-03666,Polio,Road,Lucknow-Ahmedabad,5.58,5.63,5.12,55.93,1.4887,1,18.53,8.39,0,0.0,0
SHP-03667,Influenza,Road,Delhi-Mumbai,5.18,5.36,4.94,55.72,0.2546,2,36.71,7.07,0,0.0,0
SHP-03668,COVID-19-mRNA,Air,Bengaluru-Pune,4.25,5.36,3.74,60.32,0.2049,5,38.97,3.32,0,0.0,0
SHP-03669,COVID-19-mRNA,Road,Jaipur-Hyderabad,5.74,7.06,5.16,61.56,0.1594,3,47.05,3.04,0,0.0,0
SHP-03670,Polio,Rail,Delhi-Mumbai,-2.05,-0.67,-3.03,55.94,0.4163,4,34.99,0.99,1,57.29,1
SHP-03671,COVID-19-mRNA,Sea,Chennai-Kolkata,4.28,6.82,3.88,56.24,0.4087,2,27.43,5.07,0,0.0,0
SHP-03672,COVID-19-mRNA,Air,Jaipur-Hyderabad,1.39,2.1,0.53,57.26,0.0082,2,8.85,12.86,1,11.16,0
SHP-03673,Influenza,Road,Bengaluru-Pune,6.91,8.1,5.94,71.47,0.5307,3,8.3,6.34,1,87.53,0
SHP-03674,COVID-19-mRNA,Air,Jaipur-Hyderabad,3.63,3.96,2.73,37.7,0.7763,2,17.55,3.53,0,0.0,0
SHP-03675,Hepatitis-B,Air,Delhi-Mumbai,4.08,4.16,3.96,45.3,0.4785,3,35.63,0.2,0,0.0,0
SHP-03676,COVID-19-mRNA,Road,Bengaluru-Pune,0.24,1.98,0.18,61.74,1.0197,4,33.56,13.32,1,51.35,0
SHP-03677,COVID-19-mRNA,Air,Chennai-Kolkata,6.54,7.6,5.6,57.7,0.1618,3,18.59,1.84,0,0.0,0
SHP-03678,Polio,Road,Delhi-Mumbai,5.57,6.47,4.48,57.63,0.1066,1,60.27,1.78,0,0.0,0
SHP-03679,Influenza,Road,Delhi-Mumbai,5.39,6.14,4.7,61.67,0.5975,4,51.11,3.17,0,0.0,0
SHP-03680,Polio,Air,Bengaluru-Pune,1.97,3.72,1.61,57.14,0.1045,10,28.65,2.8,1,79.71,0
SHP-03681,Influenza,Air,Bengaluru-Pune,2.07,4.0,1.02,49.41,0.0478,1,58.6,16.4,1,46.28,0
SHP-03682,COVID-19-mRNA,Rail,Jaipur-Hyderabad,4.56,6.65,3.49,61.29,0.0508,0,71.29,0.9,0,0.0,0
SHP-03683,Influenza,Air,Chennai-Kolkata,2.26,3.77,1.42,55.21,0.7314,5,22.17,5.84,1,15.97,0
SHP-03684,COVID-19-mRNA,Road,Jaipur-Hyderabad,5.09,6.32,4.34,50.52,0.0146,2,29.93,0.56,0,0.0,0
SHP-03685,Hepatitis-B,Road,Jaipur-Hyderabad,-1.4,0.93,-1.48,61.9,0.1709,3,71.53,1.62,1,59.8,0
SHP-03686,Hepatitis-B,Road,Delhi-Mumbai,2.78,3.36,1.91,61.51,0.0692,3,15.1,6.4,1,43.49,0
SHP-03687,Rotavirus,Road,Bengaluru-Pune,8.49,8.56,7.49,57.15,0.7031,5,11.09,8.15,1,104.69,0
SHP-03688,Polio,Air,Delhi-Mumbai,5.1,6.82,4.37,72.17,0.3501,3,40.39,3.16,0,0.0,0
SHP-03689,COVID-19-mRNA,Air,Chennai-Kolkata,4.42,5.47,4.38,68.27,0.115,3,36.92,7.79,0,0.0,0
SHP-03690,COVID-19-mRNA,Air,Jaipur-Hyderabad,8.96,12.33,8.95,65.02,0.694,4,11.17,13.68,1,85.97,1
SHP-03691,Influenza,Road,Chennai-Kolkata,-1.84,-0.4,-2.17,80.66,0.6939,4,25.14,13.73,1,81.45,1
SHP-03692,Hepatitis-B,Road,Bengaluru-Pune,1.96,2.19,1.43,53.54,0.3701,5,33.65,2.1,1,26.7,0
SHP-03693,Influenza,Road,Bengaluru-Pune,3.0,4.76,1.81,50.35,0.1614,7,60.27,1.87,1,77.08,0
SHP-03694,COVID-19-mRNA,Air,Lucknow-Ahmedabad,6.15,7.02,6.09,63.6,0.4413,1,52.72,6.48,0,0.0,0
SHP-03695,Polio,Road,Chennai-Kolkata,6.19,8.34,6.18,52.47,1.3555,3,66.36,5.31,1,96.2,0
SHP-03696,COVID-19-mRNA,Road,Delhi-Mumbai,1.83,2.16,1.03,55.12,0.0265,3,27.94,2.49,1,25.22,0
SHP-03697,Rotavirus,Sea,Chennai-Kolkata,6.49,7.88,5.82,45.14,0.1553,5,26.42,1.3,0,0.0,0
SHP-03698,Hepatitis-B,Road,Jaipur-Hyderabad,2.99,3.0,1.99,61.07,0.1677,3,36.57,4.82,1,62.44,0
SHP-03699,Rotavirus,Road,Bengaluru-Pune,7.03,8.56,6.57,40.29,0.4996,3,6.5,2.81,1,98.57,0
SHP-03700,COVID-19-mRNA,Road,Bengaluru-Pune,1.42,1.92,0.94,54.04,0.5266,4,19.68,0.71,1,79.6,0
SHP-03701,Hepatitis-B,Sea,Chennai-Kolkata,3.69,4.3,3.28,54.85,0.1155,5,19.96,5.1,0,0.0,0
SHP-03702,Hepatitis-B,Rail,Chennai-Kolkata,2.77,2.91,2.46,50.64,0.1217,2,10.03,5.98,0,0.0,0
SHP-03703,Polio,Road,Chennai-Kolkata,6.64,7.35,6.45,37.43,1.317,3,36.04,2.26,0,0.0,0
SHP-03704,Influenza,Air,Jaipur-Hyderabad,2.69,2.9,2.65,37.35,0.7059,2,65.76,8.92,0,0.0,0
SHP-03705,Rotavirus,Road,Jaipur-Hyderabad,3.89,4.12,3.88,47.54,1.3611,5,6.27,0.38,0,0.0,0
SHP-03706,Rotavirus,Road,Delhi-Mumbai,5.27,6.42,5.21,60.39,0.885,3,47.48,3.43,0,0.0,0
SHP-03707,Influenza,Road,Chennai-Kolkata,5.36,6.01,5.23,57.89,0.2572,5,64.04,15.66,0,0.0,0
SHP-03708,COVID-19-mRNA,Road,Delhi-Mumbai,6.22,9.61,6.16,54.84,0.065,4,13.1,1.06,1,17.43,0
SHP-03709,COVID-19-mRNA,Air,Lucknow-Ahmedabad,4.53,6.37,3.42,46.15,0.4965,4,66.54,0.95,0,0.0,0
SHP-03710,Rotavirus,Road,Jaipur-Hyderabad,2.95,5.17,2.8,58.41,0.2169,4,60.02,2.38,0,0.0,0
SHP-03711,COVID-19-mRNA,Rail,Bengaluru-Pune,3.13,6.68,2.86,37.01,0.2771,1,20.16,1.56,0,0.0,0
SHP-03712,Influenza,Road,Lucknow-Ahmedabad,4.06,4.18,3.97,31.03,0.2775,4,65.75,1.25,0,0.0,0
SHP-03713,Influenza,Road,Bengaluru-Pune,4.62,5.96,3.67,52.57,1.3785,8,59.07,14.96,0,0.0,0
SHP-03714,Hepatitis-B,Road,Lucknow-Ahmedabad,3.63,4.41,3.01,49.54,0.0357,4,13.35,2.11,0,0.0,0
SHP-03715,Rotavirus,Rail,Delhi-Mumbai,4.05,5.58,3.18,65.13,0.1073,4,60.82,0.31,0,0.0,0
SHP-03716,Polio,Rail,Delhi-Mumbai,0.21,0.3,0.04,56.58,0.4682,4,41.78,11.5,1,49.17,0
SHP-03717,Polio,Road,Jaipur-Hyderabad,5.67,5.91,5.36,71.51,1.076,5,59.85,2.97,0,0.0,0
SHP-03718,COVID-19-mRNA,Road,Bengaluru-Pune,4.45,5.59,4.45,49.52,1.2502,3,46.77,6.66,0,0.0,0
SHP-03719,Polio,Rail,Lucknow-Ahmedabad,6.5,7.3,6.5,59.87,0.409,2,31.86,2.29,0,0.0,0
SHP-03720,COVID-19-mRNA,Road,Chennai-Kolkata,4.0,4.43,3.39,52.48,0.0176,4,45.68,13.68,0,0.0,0
SHP-03721,Polio,Road,Chennai-Kolkata,-0.35,0.66,-0.52,68.82,0.2254,2,47.99,1.7,1,28.55,0
SHP-03722,Influenza,Rail,Jaipur-Hyderabad,3.1,3.15,1.87,52.96,1.2556,4,56.57,5.43,1,70.76,0
SHP-03723,Rotavirus,Air,Bengaluru-Pune,3.5,6.36,3.26,63.54,0.3465,2,60.82,8.7,0,0.0,0
SHP-03724,COVID-19-mRNA,Road,Chennai-Kolkata,5.86,6.9,5.03,44.22,0.6484,4,49.77,1.36,0,0.0,0
SHP-03725,Polio,Rail,Jaipur-Hyderabad,-1.18,-0.23,-1.64,50.85,0.1568,4,71.32,8.09,1,31.29,0
SHP-03726,Rotavirus,Road,Jaipur-Hyderabad,4.1,4.18,3.5,54.16,0.0127,4,57.38,7.86,0,0.0,0
SHP-03727,COVID-19-mRNA,Road,Bengaluru-Pune,5.28,6.6,3.67,67.63,0.4318,0,66.11,16.65,0,0.0,0
SHP-03728,COVID-19-mRNA,Air,Chennai-Kolkata,2.35,2.83,1.0,33.03,0.9008,6,27.09,12.81,1,105.94,0
SHP-03729,COVID-19-mRNA,Road,Chennai-Kolkata,4.19,4.61,4.18,51.67,2.3162,3,26.87,2.46,0,0.0,0
SHP-03730,Hepatitis-B,Road,Chennai-Kolkata,2.43,3.81,1.48,51.34,0.9374,1,29.91,4.46,1,114.6,0
SHP-03731,COVID-19-mRNA,Air,Delhi-Mumbai,2.18,3.74,0.87,34.23,0.4037,2,35.02,12.97,1,26.68,0
SHP-03732,Rotavirus,Road,Chennai-Kolkata,2.98,3.41,2.76,50.36,0.4692,0,69.45,0.02,0,0.0,0
SHP-03733,Polio,Road,Lucknow-Ahmedabad,2.22,5.2,1.16,39.59,0.8691,3,10.85,4.94,1,87.47,0
SHP-03734,Hepatitis-B,Road,Delhi-Mumbai,5.71,9.3,5.64,31.69,0.01,3,38.9,1.21,1,15.85,0
SHP-03735,COVID-19-mRNA,Road,Delhi-Mumbai,2.16,3.31,0.63,52.38,1.5146,3,16.64,6.71,1,41.07,0
SHP-03736,Polio,Sea,Delhi-Mumbai,1.74,1.85,1.73,52.04,0.3788,1,59.52,7.96,1,114.4,0
SHP-03737,Hepatitis-B,Road,Delhi-Mumbai,8.42,9.84,7.8,52.55,1.5188,4,8.06,6.24,1,93.49,0
SHP-03738,Influenza,Air,Jaipur-Hyderabad,6.4,7.76,5.48,57.53,0.7231,3,36.04,27.71,0,0.0,0
SHP-03739,Influenza,Air,Lucknow-Ahmedabad,-0.65,-0.34,-0.68,46.21,0.0826,5,32.05,3.26,1,69.49,1
SHP-03740,Hepatitis-B,Road,Bengaluru-Pune,2.09,2.9,0.81,72.91,0.0903,1,12.08,4.12,1,81.35,0
SHP-03741,Rotavirus,Road,Chennai-Kolkata,4.61,7.2,3.11,54.67,0.2182,1,30.86,2.63,0,0.0,0
SHP-03742,Influenza,Road,Delhi-Mumbai,4.81,6.05,4.79,67.86,0.1533,4,59.4,18.25,0,0.0,0
SHP-03743,Influenza,Road,Bengaluru-Pune,0.27,1.66,-2.15,38.2,0.2893,3,15.07,12.8,1,80.25,1
SHP-03744,COVID-19-mRNA,Air,Jaipur-Hyderabad,6.9,7.25,6.38,46.65,0.463,3,70.91,21.58,0,0.0,0
SHP-03745,COVID-19-mRNA,Road,Bengaluru-Pune,6.06,7.29,5.83,61.86,0.2869,3,9.86,20.96,0,0.0,0
SHP-03746,COVID-19-mRNA,Road,Delhi-Mumbai,5.2,6.04,4.15,52.73,0.029,5,25.08,11.29,0,0.0,0
SHP-03747,Hepatitis-B,Air,Lucknow-Ahmedabad,7.39,8.74,6.4,44.27,1.8572,5,57.14,13.36,1,64.21,0
SHP-03748,Polio,Air,Bengaluru-Pune,5.13,6.27,3.94,36.61,0.2768,4,29.6,0.64,0,0.0,0
SHP-03749,Polio,Air,Delhi-Mumbai,5.12,6.92,4.1,62.33,0.9522,4,37.7,0.95,0,0.0,0
SHP-03750,Rotavirus,Air,Delhi-Mumbai,7.89,9.15,7.6,61.52,0.0384,3,18.32,10.82,1,70.78,0
SHP-03751,Rotavirus,Road,Chennai-Kolkata,6.75,6.93,5.76,57.43,0.8305,1,53.22,6.49,0,0.0,0
SHP-03752,Rotavirus,Air,Chennai-Kolkata,1.9,2.73,1.89,50.04,0.0952,4,17.85,10.4,1,109.42,0
SHP-03753,Polio,Road,Lucknow-Ahmedabad,5.58,6.92,4.19,43.87,0.5688,3,62.02,7.35,0,0.0,0
SHP-03754,Hepatitis-B,Air,Chennai-Kolkata,2.34,2.77,2.2,54.47,0.5421,1,41.61,0.75,0,0.0,0
SHP-03755,COVID-19-mRNA,Sea,Lucknow-Ahmedabad,5.26,7.91,4.41,41.85,1.2029,5,42.18,12.42,0,0.0,0
SHP-03756,COVID-19-mRNA,Rail,Jaipur-Hyderabad,5.19,5.56,4.08,47.48,0.1933,2,67.61,7.38,0,0.0,0
SHP-03757,COVID-19-mRNA,Air,Jaipur-Hyderabad,0.54,0.72,-0.06,67.61,0.0577,5,57.02,4.23,1,38.91,1
SHP-03758,Polio,Road,Chennai-Kolkata,3.7,5.51,3.38,36.49,0.9996,3,55.05,3.8,0,0.0,0
SHP-03759,Polio,Air,Jaipur-Hyderabad,4.66,4.8,4.52,61.78,0.2014,5,62.63,4.26,0,0.0,0
SHP-03760,Influenza,Road,Bengaluru-Pune,2.91,5.15,1.6,69.94,0.1323,3,12.06,2.47,1,17.02,0
SHP-03761,COVID-19-mRNA,Air,Bengaluru-Pune,4.79,5.6,4.03,63.16,0.333,2,53.92,8.13,0,0.0,0
SHP-03762,Influenza,Road,Bengaluru-Pune,6.01,9.54,4.46,58.98,0.079,1,21.39,11.99,1,111.51,0
SHP-03763,Hepatitis-B,Road,Jaipur-Hyderabad,3.92,5.69,3.87,50.36,0.1762,4,24.54,1.46,0,0.0,0
SHP-03764,COVID-19-mRNA,Rail,Bengaluru-Pune,4.56,5.93,3.63,48.54,0.2433,3,7.0,0.19,0,0.0,0
SHP-03765,Polio,Air,Lucknow-Ahmedabad,7.46,8.89,7.23,32.52,0.1623,1,64.99,1.13,1,72.38,0
SHP-03766,COVID-19-mRNA,Rail,Delhi-Mumbai,5.18,8.05,3.87,55.37,0.2992,5,54.78,7.08,1,63.67,0
SHP-03767,Hepatitis-B,Rail,Chennai-Kolkata,4.5,5.5,2.5,50.98,0.2428,4,15.19,10.14,0,0.0,0
SHP-03768,Polio,Air,Lucknow-Ahmedabad,1.6,2.49,1.42,48.02,0.7449,3,27.64,2.14,1,107.74,0
SHP-03769,COVID-19-mRNA,Road,Bengaluru-Pune,5.68,6.94,4.03,54.8,1.253,3,37.68,0.83,0,0.0,0
SHP-03770,COVID-19-mRNA,Air,Delhi-Mumbai,4.83,7.44,3.87,55.62,0.0532,2,38.6,9.78,0,0.0,0
SHP-03771,Hepatitis-B,Road,Chennai-Kolkata,7.21,7.23,5.88,48.64,0.8667,3,45.31,1.21,0,0.0,0
SHP-03772,Rotavirus,Road,Lucknow-Ahmedabad,4.12,4.17,4.11,71.13,1.3424,5,37.16,1.38,0,0.0,0
SHP-03773,Polio,Road,Chennai-Kolkata,-0.54,0.29,-1.08,62.31,0.5802,1,48.81,0.49,1,50.38,1
SHP-03774,Influenza,Road,Jaipur-Hyderabad,-0.25,0.6,-1.28,63.96,2.8162,4,64.34,12.06,1,80.32,1
SHP-03775,Hepatitis-B,Sea,Bengaluru-Pune,5.84,10.84,4.74,53.97,0.204,4,32.27,1.98,1,69.18,1
SHP-03776,Rotavirus,Air,Lucknow-Ahmedabad,2.57,3.54,1.77,60.11,0.8869,2,63.86,0.94,1,93.06,0
SHP-03777,Influenza,Sea,Lucknow-Ahmedabad,5.09,7.21,4.58,46.04,0.56,3,20.49,15.36,0,0.0,0
SHP-03778,Hepatitis-B,Air,Delhi-Mumbai,4.29,4.89,4.22,61.66,0.1954,3,14.01,2.04,0,0.0,0
SHP-03779,Hepatitis-B,Rail,Delhi-Mumbai,3.58,4.02,3.07,52.96,0.6098,4,21.8,6.88,0,0.0,0
SHP-03780,Rotavirus,Road,Delhi-Mumbai,3.76,3.78,3.62,44.78,0.3563,1,19.64,1.31,0,0.0,0
SHP-03781,Polio,Air,Chennai-Kolkata,1.84,4.95,0.87,54.77,0.1047,1,71.02,6.49,1,78.58,0
SHP-03782,Polio,Rail,Bengaluru-Pune,3.96,4.43,3.01,52.08,0.0955,0,31.15,1.32,0,0.0,0
SHP-03783,COVID-19-mRNA,Road,Chennai-Kolkata,2.54,4.21,1.47,78.23,0.6248,3,49.0,5.08,1,52.22,0
SHP-03784,Influenza,Road,Bengaluru-Pune,3.07,5.18,2.8,59.35,0.6223,1,51.94,2.91,0,0.0,0
SHP-03785,Influenza,Road,Lucknow-Ahmedabad,3.19,4.27,1.52,70.8,0.3783,5,35.38,8.02,1,90.93,0
SHP-03786,COVID-19-mRNA,Road,Chennai-Kolkata,3.43,5.44,3.3,66.31,0.348,7,20.76,6.55,0,0.0,0
SHP-03787,Hepatitis-B,Road,Chennai-Kolkata,6.31,8.19,5.7,55.38,0.0992,5,34.91,13.7,1,31.82,0
SHP-03788,Polio,Road,Chennai-Kolkata,3.68,4.76,2.36,50.56,0.2804,5,37.27,2.36,0,0.0,0
SHP-03789,COVID-19-mRNA,Air,Jaipur-Hyderabad,6.56,6.74,6.14,37.6,1.0255,2,68.96,7.02,0,0.0,0
SHP-03790,Rotavirus,Road,Bengaluru-Pune,7.84,10.88,7.84,46.29,0.9646,5,43.53,17.34,1,90.29,1
SHP-03791,COVID-19-mRNA,Rail,Bengaluru-Pune,6.14,7.57,5.9,61.63,0.5408,1,70.01,2.05,0,0.0,0
SHP-03792,COVID-19-mRNA,Air,Chennai-Kolkata,5.34,6.22,5.06,51.98,2.9679,2,44.06,1.71,0,0.0,0
SHP-03793,Hepatitis-B,Air,Jaipur-Hyderabad,4.82,5.34,3.64,58.76,1.1183,3,15.57,7.33,0,0.0,0
SHP-03794,Influenza,Road,Chennai-Kolkata,6.16,6.27,6.11,34.7,0.0785,1,31.37,2.95,0,0.0,0
SHP-03795,COVID-19-mRNA,Road,Bengaluru-Pune,4.22,6.53,2.57,59.54,0.2547,1,58.29,2.54,0,0.0,0
SHP-03796,Hepatitis-B,Road,Lucknow-Ahmedabad,6.46,6.65,6.23,65.96,0.0707,3,33.83,3.94,0,0.0,0
SHP-03797,Hepatitis-B,Air,Jaipur-Hyderabad,5.54,5.56,5.09,37.24,0.3138,5,12.58,13.71,0,0.0,0
SHP-03798,COVID-19-mRNA,Road,Jaipur-Hyderabad,3.1,5.47,2.97,58.72,0.7489,2,12.34,0.44,0,0.0,0
SHP-03799,COVID-19-mRNA,Air,Chennai-Kolkata,6.24,7.23,5.68,68.44,0.0847,5,21.65,3.13,0,0.0,0
SHP-03800,Hepatitis-B,Road,Lucknow-Ahmedabad,4.23,5.45,2.72,71.8,1.0619,3,43.27,0.58,0,0.0,0
SHP-03801,COVID-19-mRNA,Rail,Bengaluru-Pune,3.73,4.03,3.37,49.97,0.4209,2,60.79,10.75,0,0.0,0
SHP-03802,Rotavirus,Road,Delhi-Mumbai,2.81,4.31,1.88,62.8,0.691,3,41.23,0.73,1,66.21,0
SHP-03803,Influenza,Road,Bengaluru-Pune,4.42,4.42,3.15,69.3,0.0231,7,55.24,0.47,0,0.0,0
SHP-03804,Rotavirus,Sea,Bengaluru-Pune,6.49,7.53,4.05,59.01,0.0493,4,48.61,16.59,0,0.0,0
SHP-03805,COVID-19-mRNA,Road,Lucknow-Ahmedabad,6.22,8.25,4.53,67.85,0.4849,5,40.59,4.14,1,89.56,0
SHP-03806,Rotavirus,Rail,Jaipur-Hyderabad,4.88,7.1,3.69,54.64,0.9107,2,20.18,8.74,0,0.0,0
SHP-03807,Polio,Road,Bengaluru-Pune,5.5,5.94,5.09,58.94,1.0352,3,64.29,3.18,0,0.0,0
SHP-03808,Polio,Rail,Jaipur-Hyderabad,7.18,8.66,7.16,48.78,0.583,2,24.2,2.86,1,25.52,0
SHP-03809,COVID-19-mRNA,Air,Lucknow-Ahmedabad,3.63,4.1,3.54,53.35,0.1122,5,22.69,12.13,0,0.0,0
SHP-03810,COVID-19-mRNA,Air,Lucknow-Ahmedabad,1.21,2.98,1.14,59.34,0.1085,3,23.01,22.96,1,85.19,0
SHP-03811,Hepatitis-B,Air,Chennai-Kolkata,7.25,7.58,4.85,48.03,1.0658,3,12.32,4.82,0,0.0,0
SHP-03812,Polio,Road,Delhi-Mumbai,2.68,3.19,1.59,52.76,0.0601,3,38.91,12.52,1,12.23,0
SHP-03813,COVID-19-mRNA,Rail,Lucknow-Ahmedabad,2.27,3.37,1.56,62.61,0.5793,1,27.62,9.93,1,47.15,0
SHP-03814,Hepatitis-B,Road,Lucknow-Ahmedabad,-0.49,2.82,-2.13,75.53,0.3813,4,40.45,3.93,1,101.53,1
SHP-03815,COVID-19-mRNA,Road,Jaipur-Hyderabad,5.43,6.53,4.81,34.51,0.2736,7,35.91,14.16,0,0.0,0
SHP-03816,Hepatitis-B,Road,Lucknow-Ahmedabad,-0.05,1.03,-0.45,74.77,0.2902,2,40.31,1.18,1,79.69,0
SHP-03817,Polio,Road,Bengaluru-Pune,2.12,3.91,1.09,52.4,1.4521,3,25.65,10.81,1,58.36,0
SHP-03818,Influenza,Road,Chennai-Kolkata,5.47,7.14,4.98,64.65,0.9882,1,59.8,1.85,0,0.0,0
SHP-03819,Influenza,Road,Chennai-Kolkata,5.8,6.14,5.61,66.61,1.0012,5,41.26,0.15,0,0.0,0
SHP-03820,Polio,Road,Bengaluru-Pune,2.37,2.56,1.43,70.64,0.261,3,19.76,7.73,1,60.03,0
SHP-03821,Polio,Air,Lucknow-Ahmedabad,3.66,5.23,2.77,47.72,0.0566,3,65.52,13.3,0,0.0,0
SHP-03822,Polio,Sea,Delhi-Mumbai,1.82,2.71,1.32,52.75,3.0687,5,13.22,1.22,1,72.45,0
SHP-03823,Influenza,Air,Lucknow-Ahmedabad,2.63,2.81,2.09,54.46,0.0785,2,54.41,3.82,0,0.0,0
SHP-03824,Polio,Air,Chennai-Kolkata,4.67,5.5,2.6,51.43,0.3624,3,50.78,6.92,0,0.0,0
SHP-03825,COVID-19-mRNA,Rail,Delhi-Mumbai,2.75,5.52,1.33,68.19,0.1537,2,10.81,2.01,1,108.62,0
SHP-03826,COVID-19-mRNA,Road,Jaipur-Hyderabad,3.39,3.76,3.09,54.23,0.3574,5,65.5,0.79,0,0.0,0
SHP-03827,Polio,Road,Jaipur-Hyderabad,0.34,1.13,0.19,38.81,0.1819,1,26.88,2.49,1,41.25,0
SHP-03828,Polio,Road,Lucknow-Ahmedabad,6.83,9.19,5.2,48.67,1.136,4,54.9,3.05,1,69.29,0
SHP-03829,Influenza,Road,Lucknow-Ahmedabad,5.28,7.13,3.99,39.22,1.7264,2,24.28,6.78,0,0.0,0
SHP-03830,COVID-19-mRNA,Road,Delhi-Mumbai,5.98,6.36,5.58,52.72,0.2639,1,40.7,1.11,0,0.0,0
SHP-03831,Polio,Road,Delhi-Mumbai,7.23,7.73,6.42,61.73,0.0364,0,70.17,8.44,0,0.0,0
SHP-03832,Influenza,Road,Lucknow-Ahmedabad,1.94,3.42,-0.14,48.46,0.5443,0,46.31,3.49,1,85.17,0
SHP-03833,Influenza,Road,Chennai-Kolkata,3.1,3.97,2.32,50.97,0.2363,5,25.56,11.71,0,0.0,0
SHP-03834,Polio,Road,Jaipur-Hyderabad,-0.74,2.02,-1.1,52.25,2.1332,2,36.25,4.17,1,118.15,1
SHP-03835,Polio,Sea,Delhi-Mumbai,11.85,13.92,11.63,56.41,0.0468,7,50.62,2.96,1,46.71,1
SHP-03836,Polio,Air,Chennai-Kolkata,3.63,5.58,3.37,60.16,0.0634,1,35.38,1.69,0,0.0,0
SHP-03837,Rotavirus,Road,Lucknow-Ahmedabad,6.6,7.41,6.33,63.07,0.601,1,66.11,0.56,0,0.0,0
SHP-03838,COVID-19-mRNA,Road,Bengaluru-Pune,0.9,0.96,0.19,77.56,0.7108,2,63.25,2.32,1,92.59,0
SHP-03839,Rotavirus,Sea,Delhi-Mumbai,6.49,8.43,5.87,56.23,0.3185,3,15.69,2.67,1,47.07,0
SHP-03840,Hepatitis-B,Air,Bengaluru-Pune,8.64,9.83,6.32,62.36,0.1624,5,57.81,4.2,1,21.3,0
SHP-03841,Hepatitis-B,Road,Chennai-Kolkata,3.85,3.94,3.4,39.12,0.1854,0,68.2,9.83,0,0.0,0
SHP-03842,COVID-19-mRNA,Rail,Jaipur-Hyderabad,1.47,4.02,1.32,51.21,0.2062,4,26.92,3.12,1,34.53,0
SHP-03843,Polio,Air,Chennai-Kolkata,3.65,6.56,3.31,52.3,0.1276,2,21.72,1.89,0,0.0,0
SHP-03844,Polio,Rail,Jaipur-Hyderabad,-1.57,-0.67,-3.39,44.83,0.9507,2,6.63,10.33,1,31.91,0
SHP-03845,COVID-19-mRNA,Air,Chennai-Kolkata,3.91,6.58,3.15,49.64,0.0336,8,13.63,6.62,0,0.0,0
SHP-03846,Hepatitis-B,Road,Delhi-Mumbai,6.05,6.39,4.8,53.93,0.2615,0,69.42,1.83,0,0.0,0
SHP-03847,Rotavirus,Sea,Delhi-Mumbai,3.91,5.43,3.84,49.95,0.6884,4,31.81,0.91,0,0.0,0
SHP-03848,Hepatitis-B,Road,Bengaluru-Pune,3.29,4.41,3.14,81.02,0.0019,0,31.56,1.72,0,0.0,0
SHP-03849,Influenza,Road,Chennai-Kolkata,5.32,6.32,5.3,60.12,1.052,5,23.6,0.66,0,0.0,0
SHP-03850,COVID-19-mRNA,Air,Chennai-Kolkata,5.51,7.89,4.34,75.01,0.6126,3,16.83,11.69,0,0.0,0
SHP-03851,Polio,Sea,Bengaluru-Pune,-0.15,0.61,-0.2,69.93,0.0381,2,39.58,4.73,1,106.89,0
SHP-03852,COVID-19-mRNA,Road,Lucknow-Ahmedabad,4.22,6.24,3.79,48.61,1.1269,2,53.73,9.96,0,0.0,0
SHP-03853,Hepatitis-B,Air,Chennai-Kolkata,10.09,11.08,10.03,55.38,0.334,1,42.35,8.58,1,19.29,1
SHP-03854,Rotavirus,Road,Chennai-Kolkata,0.66,1.87,0.05,50.65,0.5281,0,8.34,0.83,1,50.36,0
SHP-03855,Hepatitis-B,Road,Chennai-Kolkata,3.79,4.57,2.39,53.38,1.0687,0,59.03,2.93,0,0.0,0
SHP-03856,COVID-19-mRNA,Air,Lucknow-Ahmedabad,8.85,9.71,8.72,45.24,1.065,2,67.49,17.89,1,97.71,0
SHP-03857,Polio,Air,Delhi-Mumbai,6.76,8.6,5.98,50.58,0.2628,1,35.06,1.33,1,111.26,0
SHP-03858,Hepatitis-B,Air,Bengaluru-Pune,2.72,4.58,1.26,58.6,0.1357,2,30.19,0.26,1,24.59,0
SHP-03859,Polio,Road,Lucknow-Ahmedabad,4.52,6.76,3.16,58.33,0.1488,2,21.17,2.12,0,0.0,0
SHP-03860,Influenza,Road,Jaipur-Hyderabad,3.99,7.5,3.61,57.53,0.7261,1,25.92,3.58,0,0.0,0
SHP-03861,Influenza,Road,Jaipur-Hyderabad,2.13,2.4,1.09,54.4,1.3256,5,48.53,0.29,1,36.45,0
SHP-03862,Hepatitis-B,Rail,Lucknow-Ahmedabad,3.81,4.19,3.57,63.61,0.0375,1,56.83,2.78,0,0.0,0
SHP-03863,Polio,Rail,Lucknow-Ahmedabad,3.3,4.34,2.18,52.43,0.0076,2,27.93,1.46,0,0.0,0
SHP-03864,COVID-19-mRNA,Road,Delhi-Mumbai,4.28,5.02,3.71,68.92,0.8656,3,28.42,1.19,0,0.0,0
SHP-03865,COVID-19-mRNA,Air,Jaipur-Hyderabad,2.13,3.57,1.85,36.52,0.2444,4,35.77,1.53,1,26.06,0
SHP-03866,Polio,Road,Bengaluru-Pune,0.81,1.26,0.37,61.57,0.1618,2,17.23,0.56,1,106.42,0
SHP-03867,Polio,Road,Chennai-Kolkata,3.9,6.51,3.64,59.88,0.1044,5,67.2,0.4,0,0.0,0
SHP-03868,Hepatitis-B,Road,Chennai-Kolkata,8.29,8.78,7.99,48.25,0.2127,2,52.56,4.53,1,62.77,0
SHP-03869,Hepatitis-B,Road,Delhi-Mumbai,4.21,4.6,4.05,51.45,1.7784,3,34.62,14.77,0,0.0,0
SHP-03870,COVID-19-mRNA,Road,Delhi-Mumbai,3.17,3.52,2.92,59.65,1.8879,1,14.07,8.17,0,0.0,0
SHP-03871,Polio,Sea,Jaipur-Hyderabad,5.89,6.58,4.12,64.16,0.2014,1,62.02,8.98,0,0.0,0
SHP-03872,COVID-19-mRNA,Air,Bengaluru-Pune,3.6,3.95,3.13,37.51,1.6578,1,37.93,6.64,0,0.0,0
SHP-03873,COVID-19-mRNA,Road,Bengaluru-Pune,8.67,10.6,8.1,61.28,0.1782,2,58.59,15.62,1,115.96,1
SHP-03874,Influenza,Air,Lucknow-Ahmedabad,3.99,4.46,3.71,50.42,0.9637,2,8.2,15.03,0,0.0,0
SHP-03875,COVID-19-mRNA,Sea,Delhi-Mumbai,5.75,6.31,4.69,66.25,0.1191,5,24.06,7.53,0,0.0,0
SHP-03876,Polio,Air,Chennai-Kolkata,2.11,2.98,1.38,36.61,0.8758,4,47.06,6.29,1,41.62,0
SHP-03877,COVID-19-mRNA,Air,Chennai-Kolkata,5.26,5.31,3.78,79.45,0.2183,2,38.2,1.82,0,0.0,0
SHP-03878,Rotavirus,Road,Jaipur-Hyderabad,4.69,6.13,3.28,46.14,0.1089,5,25.47,0.48,0,0.0,0
SHP-03879,Hepatitis-B,Road,Chennai-Kolkata,3.86,5.56,2.13,69.3,1.365,3,19.27,0.49,0,0.0,0
SHP-03880,COVID-19-mRNA,Air,Bengaluru-Pune,2.75,6.67,1.45,54.31,0.1205,6,25.92,6.66,1,62.22,0
SHP-03881,Hepatitis-B,Road,Bengaluru-Pune,2.4,5.03,1.22,46.81,2.404,0,54.99,0.14,1,107.29,0
SHP-03882,Influenza,Road,Delhi-Mumbai,4.71,5.54,3.32,57.65,0.0575,3,18.12,8.48,0,0.0,0
SHP-03883,Rotavirus,Air,Jaipur-Hyderabad,5.57,5.75,5.53,65.29,0.005,1,45.19,2.28,0,0.0,0
SHP-03884,COVID-19-mRNA,Road,Chennai-Kolkata,3.68,4.68,3.32,39.47,1.0232,3,33.96,1.07,0,0.0,0
SHP-03885,Rotavirus,Rail,Delhi-Mumbai,4.72,9.03,3.27,62.02,0.4417,3,56.36,2.62,1,36.76,0
SHP-03886,Rotavirus,Road,Lucknow-Ahmedabad,3.91,5.0,3.76,54.88,0.2738,4,19.31,6.07,0,0.0,0
SHP-03887,Rotavirus,Road,Lucknow-Ahmedabad,4.25,5.32,2.51,60.77,0.0428,2,23.83,1.61,0,0.0,0
SHP-03888,Hepatitis-B,Road,Chennai-Kolkata,3.5,4.91,3.13,55.11,0.4277,3,32.31,0.95,0,0.0,0
SHP-03889,Hepatitis-B,Road,Chennai-Kolkata,4.04,5.01,1.98,49.28,0.2502,4,16.99,6.69,1,67.71,0
SHP-03890,Polio,Air,Chennai-Kolkata,10.75,10.98,10.08,43.87,0.3305,2,36.44,10.63,1,40.21,1
SHP-03891,Influenza,Road,Bengaluru-Pune,4.78,6.73,4.57,61.73,0.4977,2,33.46,4.4,0,0.0,0
SHP-03892,Hepatitis-B,Rail,Chennai-Kolkata,5.61,6.11,4.92,61.67,0.5107,4,71.35,3.71,0,0.0,0
SHP-03893,Hepatitis-B,Sea,Lucknow-Ahmedabad,5.1,6.72,4.57,61.62,1.617,3,45.2,7.03,0,0.0,0
SHP-03894,Polio,Road,Chennai-Kolkata,3.34,3.92,2.54,59.28,0.5322,3,10.58,6.6,0,0.0,0
SHP-03895,Influenza,Air,Jaipur-Hyderabad,7.23,8.56,5.53,64.45,0.2073,4,36.36,0.03,1,107.11,0
SHP-03896,Influenza,Air,Lucknow-Ahmedabad,3.27,4.78,2.13,69.06,0.2,1,63.98,1.66,0,0.0,0
SHP-03897,COVID-19-mRNA,Road,Jaipur-Hyderabad,6.64,8.23,6.28,36.24,0.3242,3,63.21,13.44,1,46.89,0
SHP-03898,Influenza,Road,Lucknow-Ahmedabad,3.16,4.15,2.86,31.58,0.1501,4,69.48,16.12,0,0.0,0
SHP-03899,Hepatitis-B,Air,Delhi-Mumbai,1.6,2.71,0.66,72.18,0.2362,2,65.02,3.57,1,22.33,0
SHP-03900,Influenza,Sea,Lucknow-Ahmedabad,4.91,6.46,4.26,41.59,0.9229,1,17.64,4.11,0,0.0,0
SHP-03901,Polio,Road,Lucknow-Ahmedabad,1.24,2.31,0.93,44.14,0.9822,4,6.24,0.0,1,70.36,0
SHP-03902,Polio,Sea,Jaipur-Hyderabad,5.34,5.83,4.68,52.12,0.4942,3,46.67,5.58,0,0.0,0
SHP-03903,Rotavirus,Rail,Jaipur-Hyderabad,1.01,2.46,0.43,38.46,0.4371,4,52.36,1.19,1,50.73,0
SHP-03904,COVID-19-mRNA,Rail,Lucknow-Ahmedabad,3.2,3.97,2.96,51.18,0.2785,1,14.66,0.68,0,0.0,0
SHP-03905,Influenza,Road,Lucknow-Ahmedabad,0.42,1.55,-1.29,45.52,0.5052,5,17.01,1.82,1,86.74,1
SHP-03906,Polio,Road,Bengaluru-Pune,11.06,11.17,10.4,52.67,0.8201,3,69.56,5.47,1,94.82,1
SHP-03907,Hepatitis-B,Road,Delhi-Mumbai,-0.13,0.05,-1.48,57.8,0.6694,3,68.29,2.87,1,116.6,0
SHP-03908,Polio,Road,Delhi-Mumbai,4.02,5.4,2.85,51.56,0.0181,3,16.36,2.15,0,0.0,0
SHP-03909,Hepatitis-B,Road,Chennai-Kolkata,6.86,8.52,5.09,51.06,0.6568,3,22.3,6.49,1,48.15,0
SHP-03910,Polio,Sea,Lucknow-Ahmedabad,6.59,7.61,6.42,57.58,0.6364,4,64.88,8.4,0,0.0,0
SHP-03911,COVID-19-mRNA,Road,Lucknow-Ahmedabad,6.13,9.18,5.34,65.44,0.0521,2,34.71,10.17,1,105.55,0
SHP-03912,COVID-19-mRNA,Rail,Lucknow-Ahmedabad,3.21,3.83,1.13,71.03,0.0814,2,58.67,2.94,1,67.76,0
SHP-03913,COVID-19-mRNA,Rail,Lucknow-Ahmedabad,7.38,9.23,7.04,52.81,0.7754,4,32.14,6.33,1,85.11,0
SHP-03914,Rotavirus,Air,Delhi-Mumbai,6.28,6.99,5.47,73.25,0.4093,2,54.6,10.82,0,0.0,0
SHP-03915,Rotavirus,Air,Jaipur-Hyderabad,4.53,5.86,4.34,63.77,0.8619,3,32.19,11.98,0,0.0,0
SHP-03916,Polio,Road,Bengaluru-Pune,4.6,5.96,3.62,42.68,0.1021,4,65.35,3.39,0,0.0,0
SHP-03917,Influenza,Road,Jaipur-Hyderabad,3.24,4.67,2.71,42.39,0.0155,3,27.49,2.2,0,0.0,0
SHP-03918,Polio,Rail,Jaipur-Hyderabad,1.73,2.31,1.12,49.23,0.0883,4,40.53,11.52,1,88.12,0
SHP-03919,Hepatitis-B,Road,Delhi-Mumbai,7.09,9.16,6.81,69.45,0.3013,1,40.44,1.52,1,106.46,0
SHP-03920,Influenza,Road,Bengaluru-Pune,7.28,7.85,6.31,49.99,0.3704,3,48.83,7.97,0,0.0,0
SHP-03921,Rotavirus,Road,Lucknow-Ahmedabad,1.79,4.36,1.17,36.08,0.9749,6,26.24,11.97,1,99.5,0
SHP-03922,Polio,Air,Delhi-Mumbai,3.62,6.05,3.6,52.71,0.6297,3,48.42,6.73,0,0.0,0
SHP-03923,Influenza,Road,Delhi-Mumbai,3.64,4.16,3.47,35.19,2.3225,2,15.31,5.69,0,0.0,0
SHP-03924,COVID-19-mRNA,Rail,Bengaluru-Pune,3.92,4.34,3.91,44.45,0.041,2,64.98,0.26,0,0.0,0
SHP-03925,Rotavirus,Air,Chennai-Kolkata,4.16,5.57,3.73,49.13,0.0698,2,15.52,1.14,0,0.0,0
SHP-03926,COVID-19-mRNA,Road,Delhi-Mumbai,6.37,7.24,6.36,56.5,0.0441,2,61.46,5.49,0,0.0,0
SHP-03927,Hepatitis-B,Road,Jaipur-Hyderabad,2.13,4.37,1.64,65.24,0.3866,3,51.75,7.69,1,11.86,0
SHP-03928,Hepatitis-B,Air,Jaipur-Hyderabad,1.88,2.87,1.76,61.94,0.1552,1,28.51,0.33,1,116.19,0
SHP-03929,Hepatitis-B,Air,Lucknow-Ahmedabad,7.09,10.09,6.67,43.21,0.5754,1,27.61,0.1,1,85.13,1
SHP-03930,COVID-19-mRNA,Sea,Delhi-Mumbai,2.84,5.18,2.01,51.28,0.0712,4,69.76,1.87,0,0.0,0
SHP-03931,Rotavirus,Road,Lucknow-Ahmedabad,0.84,1.19,0.24,55.76,0.0545,2,18.87,5.18,1,47.4,0
SHP-03932,COVID-19-mRNA,Air,Delhi-Mumbai,2.79,6.04,2.05,52.38,0.3082,4,53.72,3.59,0,0.0,0
SHP-03933,Hepatitis-B,Air,Bengaluru-Pune,3.17,4.38,2.61,52.31,0.2357,5,18.12,0.04,0,0.0,0
SHP-03934,COVID-19-mRNA,Road,Delhi-Mumbai,7.89,8.56,6.6,37.77,0.8835,6,65.76,0.82,1,28.7,0
SHP-03935,Polio,Road,Chennai-Kolkata,6.31,7.19,5.59,43.47,0.9087,2,54.97,6.98,0,0.0,0
SHP-03936,Hepatitis-B,Road,Jaipur-Hyderabad,6.87,8.44,5.79,50.97,0.0625,0,67.56,1.77,1,98.8,0
SHP-03937,Polio,Air,Bengaluru-Pune,6.05,6.83,5.61,24.07,0.8365,3,64.02,0.62,0,0.0,0
SHP-03938,COVID-19-mRNA,Rail,Jaipur-Hyderabad,6.37,6.47,5.98,61.41,0.4152,3,42.27,0.26,0,0.0,0
SHP-03939,COVID-19-mRNA,Road,Lucknow-Ahmedabad,2.28,4.29,1.6,41.27,0.3501,2,16.05,9.5,1,80.19,0
SHP-03940,Polio,Road,Bengaluru-Pune,3.5,5.78,2.02,61.87,0.0498,5,20.62,3.19,0,0.0,0
SHP-03941,Influenza,Road,Chennai-Kolkata,1.53,2.96,0.55,60.99,0.6728,3,19.32,3.5,1,69.3,0
SHP-03942,Rotavirus,Road,Jaipur-Hyderabad,3.47,6.21,2.11,49.56,0.0307,1,20.56,0.32,0,0.0,0
SHP-03943,COVID-19-mRNA,Rail,Delhi-Mumbai,5.71,9.03,5.66,65.01,0.1627,2,37.44,3.35,1,48.45,0
SHP-03944,Polio,Sea,Delhi-Mumbai,4.34,4.64,3.39,62.43,0.0501,1,63.27,5.19,0,0.0,0
SHP-03945,COVID-19-mRNA,Road,Delhi-Mumbai,7.28,7.5,6.5,51.91,0.3783,6,7.53,0.66,0,0.0,0
SHP-03946,COVID-19-mRNA,Rail,Bengaluru-Pune,1.15,1.65,0.81,50.78,0.5181,3,21.74,11.64,1,49.58,0
SHP-03947,Hepatitis-B,Rail,Chennai-Kolkata,5.25,6.65,5.12,65.97,1.1075,5,45.39,7.65,0,0.0,0
SHP-03948,Hepatitis-B,Sea,Chennai-Kolkata,0.88,2.94,0.78,57.32,0.6619,5,63.11,8.09,1,10.57,0
SHP-03949,COVID-19-mRNA,Air,Chennai-Kolkata,4.24,7.05,3.93,65.45,1.6234,6,25.63,3.85,0,0.0,0
SHP-03950,COVID-19-mRNA,Road,Jaipur-Hyderabad,5.85,7.19,5.84,31.11,0.7155,5,31.25,2.03,0,0.0,0
SHP-03951,COVID-19-mRNA,Road,Bengaluru-Pune,3.46,3.59,3.42,55.98,0.177,1,30.65,5.11,0,0.0,0
SHP-03952,Influenza,Rail,Delhi-Mumbai,5.38,6.05,4.86,39.23,0.3966,1,25.38,1.28,0,0.0,0
SHP-03953,Rotavirus,Air,Jaipur-Hyderabad,1.6,2.23,0.03,54.74,0.3062,2,52.12,0.74,1,42.92,0
SHP-03954,COVID-19-mRNA,Road,Chennai-Kolkata,-0.16,1.62,-1.28,62.14,0.4173,4,49.28,3.86,1,80.2,0
SHP-03955,COVID-19-mRNA,Road,Delhi-Mumbai,5.39,7.36,4.67,72.39,0.4244,3,61.66,3.26,0,0.0,0
SHP-03956,Rotavirus,Road,Bengaluru-Pune,8.36,9.06,8.05,45.62,0.6055,5,66.56,0.81,1,82.45,0
SHP-03957,Rotavirus,Road,Lucknow-Ahmedabad,1.51,2.6,0.85,49.74,0.0433,2,65.43,3.78,1,15.49,0
SHP-03958,Polio,Rail,Chennai-Kolkata,7.06,7.27,5.65,54.04,0.6867,1,41.65,3.95,0,0.0,0
SHP-03959,COVID-19-mRNA,Road,Chennai-Kolkata,4.11,5.45,2.39,45.25,0.0776,4,18.26,10.26,0,0.0,0
SHP-03960,COVID-19-mRNA,Rail,Chennai-Kolkata,0.66,0.88,-0.04,64.79,0.0133,0,20.66,7.12,1,79.83,1
SHP-03961,Hepatitis-B,Road,Chennai-Kolkata,1.17,3.0,0.28,54.3,0.3658,3,44.96,1.23,1,81.14,0
SHP-03962,Polio,Road,Delhi-Mumbai,4.04,6.32,3.48,56.22,0.4355,3,66.61,8.52,0,0.0,0
SHP-03963,COVID-19-mRNA,Road,Bengaluru-Pune,2.99,3.51,2.59,61.2,0.0177,2,41.01,17.37,0,0.0,0
SHP-03964,Hepatitis-B,Air,Jaipur-Hyderabad,0.72,0.83,0.11,54.28,0.3622,4,67.76,6.3,1,51.36,0
SHP-03965,COVID-19-mRNA,Road,Delhi-Mumbai,-0.24,3.77,-0.87,46.82,0.3824,6,23.31,7.73,1,66.98,1
SHP-03966,Influenza,Road,Bengaluru-Pune,1.88,3.51,1.53,54.37,0.027,2,11.7,1.55,1,70.03,0
SHP-03967,Polio,Road,Jaipur-Hyderabad,4.48,5.7,3.25,46.44,0.6217,4,58.56,24.08,0,0.0,0
SHP-03968,COVID-19-mRNA,Road,Chennai-Kolkata,3.98,5.41,3.72,56.08,0.118,2,64.04,0.97,0,0.0,0
SHP-03969,Hepatitis-B,Road,Bengaluru-Pune,2.75,3.81,0.91,64.97,0.7911,5,35.57,6.95,1,103.15,0
SHP-03970,Polio,Air,Chennai-Kolkata,4.5,5.73,2.71,43.25,0.1861,1,12.76,2.51,0,0.0,0
SHP-03971,Rotavirus,Air,Bengaluru-Pune,6.6,7.83,6.11,39.68,0.3249,2,8.79,2.21,0,0.0,0
SHP-03972,Hepatitis-B,Road,Lucknow-Ahmedabad,4.99,7.41,4.85,55.49,1.1121,4,10.13,1.68,0,0.0,0
SHP-03973,COVID-19-mRNA,Road,Chennai-Kolkata,3.7,6.8,3.39,47.32,0.8204,3,34.98,2.91,0,0.0,0
SHP-03974,Influenza,Air,Chennai-Kolkata,6.32,6.86,6.0,55.32,0.7613,0,21.5,7.82,0,0.0,0
SHP-03975,COVID-19-mRNA,Road,Chennai-Kolkata,1.6,3.77,1.56,58.2,0.0874,3,36.49,14.15,1,71.39,0
SHP-03976,Rotavirus,Road,Delhi-Mumbai,3.44,5.55,3.0,33.56,0.0247,2,38.24,2.69,0,0.0,0
SHP-03977,Polio,Road,Jaipur-Hyderabad,3.5,4.36,3.29,61.9,0.4654,4,36.23,5.27,0,0.0,0
SHP-03978,Hepatitis-B,Road,Chennai-Kolkata,0.91,2.22,0.59,43.3,0.2644,1,46.91,7.76,1,85.73,0
SHP-03979,COVID-19-mRNA,Road,Chennai-Kolkata,2.95,4.13,1.76,54.78,1.1989,3,50.84,0.53,1,90.02,0
SHP-03980,Polio,Road,Delhi-Mumbai,-1.19,0.48,-1.65,48.41,0.2151,4,32.13,16.16,1,103.46,1
SHP-03981,Influenza,Rail,Delhi-Mumbai,8.78,10.64,7.98,49.48,0.2643,1,28.24,1.19,1,34.26,1
SHP-03982,Influenza,Road,Lucknow-Ahmedabad,1.66,4.85,1.63,71.94,0.3733,1,30.31,12.33,1,33.62,0
SHP-03983,COVID-19-mRNA,Road,Bengaluru-Pune,7.97,8.64,7.66,58.19,0.7958,6,10.63,21.56,1,116.78,0
SHP-03984,COVID-19-mRNA,Road,Chennai-Kolkata,4.1,4.89,3.81,64.05,0.1562,3,27.23,0.53,0,0.0,0
SHP-03985,Influenza,Air,Bengaluru-Pune,5.41,6.53,4.35,56.51,1.4221,2,19.19,11.16,0,0.0,0
SHP-03986,Rotavirus,Road,Delhi-Mumbai,2.78,3.62,2.54,61.2,0.3882,6,25.2,5.12,0,0.0,0
SHP-03987,COVID-19-mRNA,Road,Delhi-Mumbai,4.52,7.12,3.5,59.17,0.9194,2,53.15,8.52,0,0.0,0
SHP-03988,Polio,Sea,Lucknow-Ahmedabad,5.63,8.25,4.54,57.54,0.3729,1,71.24,0.58,1,92.68,0
SHP-03989,Polio,Rail,Jaipur-Hyderabad,5.66,6.61,4.46,66.07,0.7392,1,66.95,8.99,0,0.0,0
SHP-03990,Rotavirus,Road,Delhi-Mumbai,5.94,6.67,5.52,56.57,0.0264,3,60.23,4.92,0,0.0,0
SHP-03991,COVID-19-mRNA,Road,Chennai-Kolkata,3.08,3.28,2.34,77.85,0.8028,3,54.66,3.57,0,0.0,0
SHP-03992,COVID-19-mRNA,Air,Lucknow-Ahmedabad,2.8,4.12,1.18,64.61,0.3711,2,68.37,4.11,1,66.92,0
SHP-03993,Influenza,Road,Jaipur-Hyderabad,0.01,1.13,-0.8,43.6,0.2984,4,55.63,6.82,1,104.17,1
SHP-03994,COVID-19-mRNA,Road,Lucknow-Ahmedabad,5.31,6.33,4.94,53.23,0.0592,4,37.08,1.77,0,0.0,0
SHP-03995,Polio,Road,Delhi-Mumbai,6.71,6.83,6.28,58.97,0.6766,2,45.69,14.37,0,0.0,0
SHP-03996,Polio,Road,Jaipur-Hyderabad,8.04,9.81,7.8,55.44,0.0703,4,26.18,1.84,1,14.0,0
SHP-03997,Polio,Air,Bengaluru-Pune,4.76,5.4,4.07,61.87,0.1068,3,6.22,10.48,0,0.0,0
SHP-03998,Polio,Sea,Jaipur-Hyderabad,2.08,3.34,1.61,62.97,0.0676,3,29.34,0.06,1,106.47,0
SHP-03999,Hepatitis-B,Air,Chennai-Kolkata,-0.24,1.75,-0.57,41.4,0.0033,3,32.72,12.41,1,61.31,1
SHP-04000,COVID-19-mRNA,Sea,Bengaluru-Pune,6.6,7.09,6.53,67.81,0.5422,2,54.38,9.54,0,0.0,0
SHP-04001,Hepatitis-B,Sea,Bengaluru-Pune,-0.49,-0.12,-1.51,50.03,0.1579,1,62.71,0.66,1,58.83,0
SHP-04002,Influenza,Road,Chennai-Kolkata,3.15,3.39,2.24,49.04,0.0809,0,69.54,6.68,0,0.0,0
SHP-04003,Influenza,Road,Bengaluru-Pune,3.44,3.85,2.89,49.01,0.1928,4,29.22,2.34,0,0.0,0
SHP-04004,COVID-19-mRNA,Road,Delhi-Mumbai,3.83,4.7,3.34,63.09,0.3457,4,69.19,3.27,0,0.0,0
SHP-04005,COVID-19-mRNA,Road,Jaipur-Hyderabad,4.09,8.43,2.96,52.33,0.35,4,58.76,0.36,1,64.05,0
SHP-04006,COVID-19-mRNA,Road,Jaipur-Hyderabad,4.35,6.13,3.89,48.36,0.2288,2,8.04,1.19,0,0.0,0
SHP-04007,Polio,Road,Chennai-Kolkata,-2.04,0.65,-2.19,50.76,0.3415,4,45.29,15.36,1,60.28,0
SHP-04008,Polio,Road,Delhi-Mumbai,4.04,4.96,3.66,37.05,0.2787,2,30.13,2.71,0,0.0,0
SHP-04009,Hepatitis-B,Road,Bengaluru-Pune,-1.57,0.03,-1.87,46.58,0.8649,4,8.24,0.13,1,16.48,0
SHP-04010,COVID-19-mRNA,Road,Jaipur-Hyderabad,5.83,6.04,3.75,42.6,0.015,3,41.08,3.62,0,0.0,0
SHP-04011,COVID-19-mRNA,Road,Jaipur-Hyderabad,2.61,2.89,1.71,52.31,1.0126,3,44.6,26.2,1,74.54,0
SHP-04012,Polio,Road,Jaipur-Hyderabad,-1.39,0.1,-2.36,61.64,0.1398,3,22.65,2.02,1,22.46,0
SHP-04013,Hepatitis-B,Air,Jaipur-Hyderabad,1.96,2.05,0.93,60.54,0.6397,3,68.03,0.76,1,43.25,0
SHP-04014,COVID-19-mRNA,Air,Lucknow-Ahmedabad,2.57,3.76,2.07,67.57,0.2596,2,46.29,5.16,0,0.0,0
SHP-04015,Hepatitis-B,Road,Chennai-Kolkata,6.98,8.95,6.4,65.34,0.1743,3,17.61,12.62,1,30.23,0
SHP-04016,COVID-19-mRNA,Air,Bengaluru-Pune,4.49,5.79,4.44,49.71,0.4777,4,53.6,9.8,0,0.0,0
SHP-04017,Rotavirus,Air,Bengaluru-Pune,4.86,5.76,4.37,55.19,0.7324,2,38.94,5.35,0,0.0,0
SHP-04018,Rotavirus,Rail,Chennai-Kolkata,6.95,8.54,6.81,54.67,0.2989,4,37.23,1.02,1,104.49,0
SHP-04019,COVID-19-mRNA,Air,Delhi-Mumbai,3.76,5.21,3.49,33.49,0.3142,3,61.08,7.67,0,0.0,0
SHP-04020,COVID-19-mRNA,Road,Chennai-Kolkata,5.89,8.64,4.1,42.83,0.0303,1,15.12,8.66,1,95.45,0
SHP-04021,Polio,Road,Jaipur-Hyderabad,5.71,8.33,4.84,53.33,1.2885,1,38.41,9.47,1,45.47,0
SHP-04022,COVID-19-mRNA,Rail,Jaipur-Hyderabad,0.78,1.85,0.23,53.27,0.9383,5,57.53,2.59,1,20.88,0
SHP-04023,Hepatitis-B,Road,Chennai-Kolkata,7.68,10.55,7.4,60.12,0.2537,1,49.59,2.63,1,13.51,1
SHP-04024,Influenza,Road,Chennai-Kolkata,0.45,1.63,0.19,59.64,0.724,3,6.36,0.84,1,74.48,0
SHP-04025,Hepatitis-B,Road,Bengaluru-Pune,6.29,8.63,6.19,37.29,0.1879,3,57.97,7.41,1,87.25,0
SHP-04026,Influenza,Road,Bengaluru-Pune,0.21,1.45,-0.86,60.19,0.6554,0,68.35,6.68,1,51.57,1
SHP-04027,Polio,Road,Lucknow-Ahmedabad,5.5,6.32,2.68,56.79,0.3636,1,52.51,0.53,0,0.0,0
SHP-04028,COVID-19-mRNA,Air,Lucknow-Ahmedabad,8.65,9.43,8.06,61.23,0.3088,2,63.81,0.1,1,40.69,0
SHP-04029,Influenza,Sea,Jaipur-Hyderabad,3.47,3.62,1.73,65.67,0.0291,1,29.81,15.15,1,50.07,0
SHP-04030,Polio,Road,Lucknow-Ahmedabad,3.36,4.13,2.16,53.57,1.6823,0,29.14,0.09,0,0.0,0
SHP-04031,Hepatitis-B,Road,Lucknow-Ahmedabad,5.53,7.4,3.12,67.46,0.9083,1,27.18,4.95,0,0.0,0
SHP-04032,COVID-19-mRNA,Road,Delhi-Mumbai,3.18,3.86,2.58,46.11,0.7885,1,54.51,3.02,0,0.0,0
SHP-04033,COVID-19-mRNA,Road,Chennai-Kolkata,8.55,10.96,7.59,45.54,0.1819,3,68.18,7.51,1,113.87,1
SHP-04034,Rotavirus,Rail,Bengaluru-Pune,4.48,4.72,4.4,59.29,0.171,1,64.44,0.46,0,0.0,0
SHP-04035,COVID-19-mRNA,Road,Lucknow-Ahmedabad,3.2,3.89,2.44,51.31,0.4257,4,15.91,5.73,0,0.0,0
SHP-04036,Rotavirus,Road,Bengaluru-Pune,2.65,4.6,0.88,57.62,0.9361,6,47.32,4.77,1,66.31,0
SHP-04037,Rotavirus,Air,Lucknow-Ahmedabad,1.67,2.11,0.63,74.93,1.3638,3,71.73,9.61,1,64.91,0
SHP-04038,Influenza,Rail,Lucknow-Ahmedabad,2.43,2.75,1.61,58.93,0.1566,3,25.49,3.65,1,59.57,0
SHP-04039,Hepatitis-B,Road,Jaipur-Hyderabad,3.12,3.58,2.59,57.12,0.4675,3,47.9,6.52,0,0.0,0
SHP-04040,Hepatitis-B,Air,Delhi-Mumbai,2.78,4.12,2.28,46.31,0.6435,3,65.84,2.88,0,0.0,0
SHP-04041,Rotavirus,Air,Chennai-Kolkata,2.35,3.08,2.04,38.0,0.1283,4,65.37,20.67,0,0.0,0
SHP-04042,COVID-19-mRNA,Road,Chennai-Kolkata,9.25,11.22,9.16,54.27,0.2617,5,27.22,4.1,1,44.96,1
SHP-04043,Polio,Sea,Jaipur-Hyderabad,1.42,2.67,0.06,65.67,0.1038,6,12.2,7.0,1,110.68,0
SHP-04044,Hepatitis-B,Road,Jaipur-Hyderabad,4.37,4.73,4.27,51.77,0.6002,8,48.64,0.49,0,0.0,0
SHP-04045,Polio,Road,Chennai-Kolkata,5.48,8.09,4.52,59.01,0.9968,6,68.5,3.11,1,84.38,0
SHP-04046,Polio,Air,Chennai-Kolkata,5.58,6.75,5.04,69.26,1.05,3,39.53,0.33,0,0.0,0
SHP-04047,Polio,Road,Delhi-Mumbai,3.85,5.47,2.54,69.02,0.5545,2,36.21,0.65,0,0.0,0
SHP-04048,Hepatitis-B,Road,Lucknow-Ahmedabad,3.4,5.52,2.53,59.29,0.2132,4,63.02,3.53,0,0.0,0
SHP-04049,Rotavirus,Sea,Delhi-Mumbai,5.13,10.53,5.12,56.7,0.5409,2,34.02,2.17,1,53.3,1
SHP-04050,COVID-19-mRNA,Road,Chennai-Kolkata,4.67,4.73,3.13,39.81,0.9985,2,50.94,3.08,0,0.0,0
SHP-04051,Rotavirus,Rail,Lucknow-Ahmedabad,3.35,5.48,2.67,48.7,0.4916,3,31.65,3.43,0,0.0,0
SHP-04052,Hepatitis-B,Road,Chennai-Kolkata,0.1,1.61,-0.96,52.19,0.2663,2,30.89,0.87,1,33.54,0
SHP-04053,Influenza,Air,Delhi-Mumbai,2.83,4.32,0.86,46.48,1.2616,3,18.4,2.28,1,119.25,0
SHP-04054,Hepatitis-B,Road,Delhi-Mumbai,1.13,3.79,0.96,57.48,0.9016,6,11.84,9.85,1,56.03,0
SHP-04055,Influenza,Road,Delhi-Mumbai,2.33,2.96,1.81,74.12,1.0704,2,64.42,9.71,1,17.87,0
SHP-04056,COVID-19-mRNA,Sea,Lucknow-Ahmedabad,4.08,4.83,3.31,70.18,1.1675,3,17.96,3.37,0,0.0,0
SHP-04057,Influenza,Rail,Bengaluru-Pune,4.9,5.38,3.59,57.44,0.2503,3,10.11,6.91,0,0.0,0
SHP-04058,COVID-19-mRNA,Air,Bengaluru-Pune,8.45,8.73,7.17,62.79,0.9818,1,44.43,7.0,1,77.62,0
SHP-04059,Rotavirus,Air,Chennai-Kolkata,2.66,3.13,1.21,47.71,0.4224,1,42.04,0.23,1,67.73,0
SHP-04060,Rotavirus,Air,Lucknow-Ahmedabad,5.94,8.28,5.9,69.64,0.0195,4,43.47,4.72,1,17.3,0
SHP-04061,COVID-19-mRNA,Sea,Jaipur-Hyderabad,4.76,5.48,3.73,39.38,0.5051,1,36.89,8.16,0,0.0,0
SHP-04062,COVID-19-mRNA,Rail,Bengaluru-Pune,7.24,7.7,7.19,64.13,0.318,3,15.37,4.51,0,0.0,0
SHP-04063,Influenza,Rail,Lucknow-Ahmedabad,5.44,5.7,4.56,59.96,0.1609,3,7.38,3.9,0,0.0,0
SHP-04064,COVID-19-mRNA,Road,Lucknow-Ahmedabad,1.48,1.82,0.35,47.44,1.7597,4,9.06,3.79,1,56.07,0
SHP-04065,Rotavirus,Road,Bengaluru-Pune,-0.31,2.56,-1.94,52.91,0.0283,3,68.25,3.55,1,73.03,1
SHP-04066,COVID-19-mRNA,Road,Lucknow-Ahmedabad,4.78,5.65,3.76,43.66,1.4583,2,41.1,7.53,0,0.0,0
SHP-04067,COVID-19-mRNA,Road,Lucknow-Ahmedabad,2.68,3.71,1.64,44.08,0.0867,2,32.38,5.14,1,89.86,0
SHP-04068,Rotavirus,Road,Bengaluru-Pune,1.55,3.71,1.51,39.09,0.2366,6,33.11,1.21,1,15.14,0
SHP-04069,Hepatitis-B,Air,Delhi-Mumbai,0.83,2.56,-0.13,62.68,0.27,4,49.04,2.84,1,118.74,0
SHP-04070,Influenza,Air,Chennai-Kolkata,4.4,6.14,3.27,67.05,0.6566,2,30.86,3.76,0,0.0,0
SHP-04071,Polio,Rail,Jaipur-Hyderabad,7.77,7.81,7.54,33.38,0.1214,5,58.57,2.71,0,0.0,0
SHP-04072,Hepatitis-B,Rail,Chennai-Kolkata,2.98,6.09,2.39,73.38,2.138,1,23.16,1.36,0,0.0,0
SHP-04073,Hepatitis-B,Road,Delhi-Mumbai,5.48,6.14,4.77,54.88,0.6912,3,30.24,0.67,0,0.0,0
SHP-04074,Hepatitis-B,Road,Delhi-Mumbai,3.74,6.35,2.95,57.9,0.7802,1,67.71,0.62,0,0.0,0
SHP-04075,Hepatitis-B,Road,Lucknow-Ahmedabad,0.78,2.83,0.0,40.28,0.0563,3,23.18,1.76,1,39.78,0
SHP-04076,Hepatitis-B,Road,Chennai-Kolkata,5.84,6.99,5.68,68.21,0.3234,2,49.66,2.58,0,0.0,0
SHP-04077,Polio,Rail,Delhi-Mumbai,1.26,3.74,0.33,57.0,1.4558,6,30.06,5.74,1,11.95,0
SHP-04078,COVID-19-mRNA,Rail,Chennai-Kolkata,4.05,5.72,3.99,66.39,0.1574,2,37.1,20.97,0,0.0,0
SHP-04079,Influenza,Road,Delhi-Mumbai,3.15,4.12,1.21,67.21,0.0786,1,8.98,11.38,1,21.46,0
SHP-04080,COVID-19-mRNA,Air,Jaipur-Hyderabad,6.23,7.84,5.67,68.35,0.3322,2,17.04,8.4,0,0.0,0
SHP-04081,Hepatitis-B,Road,Delhi-Mumbai,1.35,1.64,1.02,48.52,1.3324,2,12.73,8.4,1,16.29,0
SHP-04082,COVID-19-mRNA,Road,Chennai-Kolkata,4.98,5.13,3.21,52.92,0.3335,5,61.75,4.53,0,0.0,0
SHP-04083,Hepatitis-B,Road,Lucknow-Ahmedabad,1.9,2.42,-0.67,48.88,0.2595,1,69.47,1.46,1,16.87,0
SHP-04084,Influenza,Rail,Chennai-Kolkata,2.72,3.89,0.38,63.95,0.5253,2,10.49,3.19,1,77.74,0
SHP-04085,COVID-19-mRNA,Road,Bengaluru-Pune,-5.09,-3.97,-6.42,58.33,1.3814,2,11.07,0.77,1,35.75,1
SHP-04086,COVID-19-mRNA,Air,Chennai-Kolkata,9.23,9.63,9.15,65.69,0.0252,4,42.44,4.18,1,29.71,0
SHP-04087,COVID-19-mRNA,Road,Jaipur-Hyderabad,5.38,5.89,4.84,66.13,0.0833,3,39.27,0.12,0,0.0,0
SHP-04088,Hepatitis-B,Sea,Jaipur-Hyderabad,2.08,3.15,1.14,37.73,0.0712,4,48.94,1.05,1,80.51,0
SHP-04089,Influenza,Air,Jaipur-Hyderabad,1.19,1.47,0.78,68.51,0.0446,1,54.63,6.23,1,73.6,0
SHP-04090,COVID-19-mRNA,Road,Delhi-Mumbai,2.76,3.99,2.49,64.51,0.1798,3,58.62,1.62,0,0.0,0
SHP-04091,Influenza,Road,Jaipur-Hyderabad,5.79,5.88,5.77,51.31,0.1302,2,15.84,2.72,0,0.0,0
SHP-04092,Polio,Air,Chennai-Kolkata,-0.73,-0.6,-1.2,58.5,0.3978,3,8.5,8.92,1,32.36,0
SHP-04093,Polio,Road,Lucknow-Ahmedabad,3.65,4.04,3.35,53.76,0.1982,2,64.68,0.23,0,0.0,0
SHP-04094,Rotavirus,Road,Jaipur-Hyderabad,8.43,11.08,7.65,61.16,0.2598,1,36.99,0.11,1,39.24,1
SHP-04095,Polio,Road,Chennai-Kolkata,1.17,1.36,0.98,51.29,1.4225,6,70.1,1.3,1,74.5,0
SHP-04096,Polio,Rail,Delhi-Mumbai,4.2,5.71,3.74,59.79,0.0846,3,41.16,5.77,0,0.0,0
SHP-04097,COVID-19-mRNA,Road,Delhi-Mumbai,9.51,9.85,9.17,55.67,0.2459,2,39.66,1.35,1,71.38,0
SHP-04098,COVID-19-mRNA,Air,Lucknow-Ahmedabad,5.58,5.94,3.28,50.68,0.1486,3,47.12,9.96,0,0.0,0
SHP-04099,COVID-19-mRNA,Sea,Lucknow-Ahmedabad,4.31,4.49,4.03,56.9,0.3983,5,17.23,2.17,0,0.0,0
SHP-04100,COVID-19-mRNA,Road,Chennai-Kolkata,5.27,5.35,4.06,82.06,0.6665,5,22.77,1.67,0,0.0,0
SHP-04101,Hepatitis-B,Road,Lucknow-Ahmedabad,3.0,3.42,2.37,48.14,0.8491,4,65.78,1.33,0,0.0,0
SHP-04102,Polio,Rail,Lucknow-Ahmedabad,7.25,8.69,7.16,52.5,0.3621,1,20.01,4.27,1,105.73,0
SHP-04103,Hepatitis-B,Road,Delhi-Mumbai,3.0,5.2,2.9,48.32,0.9652,3,21.38,9.7,0,0.0,0
SHP-04104,COVID-19-mRNA,Road,Chennai-Kolkata,-0.9,0.08,-1.6,49.37,0.7687,0,39.66,2.6,1,65.86,0
SHP-04105,COVID-19-mRNA,Air,Lucknow-Ahmedabad,3.02,4.37,2.1,63.16,0.0854,5,48.32,1.46,0,0.0,0
SHP-04106,Hepatitis-B,Road,Chennai-Kolkata,1.58,2.7,1.21,62.16,0.1408,1,6.06,2.73,1,61.57,0
SHP-04107,Rotavirus,Air,Jaipur-Hyderabad,3.3,3.53,3.03,54.94,0.5569,4,36.15,11.76,0,0.0,0
SHP-04108,COVID-19-mRNA,Rail,Delhi-Mumbai,3.35,4.5,3.17,65.26,1.8403,2,32.33,2.04,0,0.0,0
SHP-04109,Rotavirus,Air,Delhi-Mumbai,6.99,8.06,6.07,62.93,0.2359,2,63.13,5.33,1,116.36,0
SHP-04110,Hepatitis-B,Road,Delhi-Mumbai,5.74,6.92,5.14,53.38,0.1306,3,61.42,2.0,0,0.0,0
SHP-04111,Hepatitis-B,Sea,Bengaluru-Pune,4.66,5.95,3.95,39.66,1.0168,4,65.79,5.62,0,0.0,0
SHP-04112,Hepatitis-B,Road,Chennai-Kolkata,3.99,5.64,3.88,63.3,0.1113,4,61.58,10.64,0,0.0,0
SHP-04113,COVID-19-mRNA,Road,Jaipur-Hyderabad,1.35,1.94,0.28,56.7,0.5977,3,57.92,4.56,1,41.15,0
SHP-04114,COVID-19-mRNA,Road,Lucknow-Ahmedabad,-1.45,-1.43,-1.98,55.22,0.0174,3,62.69,14.73,1,54.29,0
SHP-04115,Hepatitis-B,Road,Jaipur-Hyderabad,4.28,4.65,4.22,50.34,0.0096,5,17.54,4.6,0,0.0,0
SHP-04116,Polio,Road,Chennai-Kolkata,5.99,8.8,5.3,62.45,0.3003,4,28.5,18.42,1,104.45,0
SHP-04117,Rotavirus,Road,Delhi-Mumbai,3.73,6.31,2.15,58.48,0.5343,7,51.12,6.43,0,0.0,0
SHP-04118,Polio,Sea,Bengaluru-Pune,2.66,3.07,2.1,52.63,0.0768,4,66.93,5.29,0,0.0,0
SHP-04119,COVID-19-mRNA,Sea,Chennai-Kolkata,5.16,5.42,4.76,42.75,0.7217,6,50.02,8.85,0,0.0,0
SHP-04120,Influenza,Rail,Chennai-Kolkata,3.79,5.66,3.71,65.68,0.0689,8,19.72,0.06,0,0.0,0
SHP-04121,COVID-19-mRNA,Rail,Lucknow-Ahmedabad,8.21,11.73,6.91,61.05,0.3815,3,68.35,1.49,1,33.53,1
SHP-04122,Hepatitis-B,Road,Jaipur-Hyderabad,7.08,7.85,6.86,57.55,0.1843,3,56.18,1.22,0,0.0,0
SHP-04123,Hepatitis-B,Road,Jaipur-Hyderabad,6.4,6.98,6.09,28.43,0.6977,3,53.29,0.59,0,0.0,0
SHP-04124,Rotavirus,Rail,Lucknow-Ahmedabad,5.89,6.4,4.86,54.62,0.8151,6,56.33,13.89,0,0.0,0
SHP-04125,Influenza,Road,Bengaluru-Pune,0.77,1.03,0.66,52.59,0.0342,2,49.5,0.7,1,114.13,0
SHP-04126,Hepatitis-B,Sea,Delhi-Mumbai,5.66,7.83,5.12,48.82,0.107,3,7.46,1.52,0,0.0,0
SHP-04127,Hepatitis-B,Road,Delhi-Mumbai,4.94,5.95,4.45,62.54,1.1158,2,22.74,2.04,0,0.0,0
SHP-04128,Rotavirus,Road,Bengaluru-Pune,5.52,6.95,4.63,62.15,0.2686,4,69.13,4.9,0,0.0,0
SHP-04129,COVID-19-mRNA,Road,Lucknow-Ahmedabad,5.23,5.3,5.14,59.37,0.3238,3,25.05,7.29,0,0.0,0
SHP-04130,COVID-19-mRNA,Sea,Chennai-Kolkata,5.13,7.23,4.32,65.38,0.092,1,56.93,4.64,0,0.0,0
SHP-04131,COVID-19-mRNA,Air,Jaipur-Hyderabad,10.75,13.87,10.15,44.78,2.6387,2,34.02,6.91,1,49.55,1
SHP-04132,COVID-19-mRNA,Road,Chennai-Kolkata,3.81,6.1,3.51,50.46,1.2823,2,65.9,2.57,0,0.0,0
SHP-04133,Hepatitis-B,Road,Jaipur-Hyderabad,6.34,6.88,6.11,55.75,0.001,5,42.81,27.34,0,0.0,0
SHP-04134,Hepatitis-B,Road,Chennai-Kolkata,2.82,2.87,2.41,48.78,0.4001,3,47.7,0.93,0,0.0,0
SHP-04135,Hepatitis-B,Rail,Lucknow-Ahmedabad,5.98,6.29,5.71,62.27,1.0289,5,21.82,2.55,0,0.0,0
SHP-04136,COVID-19-mRNA,Road,Lucknow-Ahmedabad,6.35,6.9,4.89,49.78,0.2815,1,9.8,8.92,0,0.0,0
SHP-04137,Influenza,Road,Bengaluru-Pune,4.91,7.93,3.51,67.98,0.2871,1,55.93,1.42,0,0.0,0
SHP-04138,Polio,Road,Chennai-Kolkata,8.17,9.41,7.49,45.69,0.2385,2,10.46,6.95,1,75.13,0
SHP-04139,Hepatitis-B,Road,Chennai-Kolkata,1.79,3.18,1.14,76.32,0.0146,2,53.64,2.26,1,45.99,0
SHP-04140,Hepatitis-B,Road,Bengaluru-Pune,2.78,2.78,1.19,75.29,0.781,2,42.66,0.98,1,26.51,0
SHP-04141,Polio,Road,Bengaluru-Pune,4.53,4.62,3.94,54.05,0.3051,4,60.12,2.58,0,0.0,0
SHP-04142,COVID-19-mRNA,Air,Lucknow-Ahmedabad,6.2,7.97,5.87,66.46,0.3786,4,19.58,7.68,0,0.0,0
SHP-04143,COVID-19-mRNA,Sea,Lucknow-Ahmedabad,4.45,6.64,2.52,51.0,0.1476,2,41.74,0.59,0,0.0,0
SHP-04144,Influenza,Road,Chennai-Kolkata,7.21,7.57,6.32,65.13,0.7665,1,46.54,3.63,0,0.0,0
SHP-04145,Rotavirus,Road,Lucknow-Ahmedabad,2.35,3.54,0.89,53.24,0.7893,3,10.9,6.76,1,81.31,0
SHP-04146,Hepatitis-B,Road,Lucknow-Ahmedabad,1.15,1.69,-0.91,42.15,0.4025,3,54.77,6.96,1,44.86,0
SHP-04147,COVID-19-mRNA,Road,Chennai-Kolkata,4.77,4.78,3.72,20.0,1.175,0,31.68,2.47,0,0.0,0
SHP-04148,Polio,Road,Bengaluru-Pune,3.81,4.11,3.69,52.31,0.0616,3,14.51,3.14,0,0.0,0
SHP-04149,Influenza,Road,Chennai-Kolkata,5.36,6.39,4.03,57.79,0.7724,3,31.55,9.72,0,0.0,0
SHP-04150,Influenza,Road,Delhi-Mumbai,3.93,4.39,3.68,68.3,0.4089,5,12.49,1.17,0,0.0,0
SHP-04151,COVID-19-mRNA,Road,Chennai-Kolkata,3.15,4.02,2.58,55.37,0.1313,2,64.61,24.53,0,0.0,0
SHP-04152,COVID-19-mRNA,Road,Delhi-Mumbai,3.81,5.16,1.95,65.03,0.071,1,36.15,2.72,1,56.05,0
SHP-04153,Influenza,Air,Chennai-Kolkata,4.07,4.21,2.94,50.46,0.1791,2,15.11,1.61,0,0.0,0
SHP-04154,Polio,Road,Delhi-Mumbai,3.24,5.18,3.22,51.63,0.9701,1,22.64,0.01,0,0.0,0
SHP-04155,COVID-19-mRNA,Air,Delhi-Mumbai,3.49,4.58,2.76,65.54,0.7747,2,53.83,0.67,0,0.0,0
SHP-04156,COVID-19-mRNA,Air,Chennai-Kolkata,2.99,7.79,2.71,30.35,0.518,2,57.88,7.06,0,0.0,0
SHP-04157,Hepatitis-B,Sea,Lucknow-Ahmedabad,6.14,6.88,5.99,55.13,0.0473,4,8.73,5.24,0,0.0,0
SHP-04158,Rotavirus,Road,Jaipur-Hyderabad,4.49,4.54,4.32,51.0,1.5487,3,9.95,1.42,0,0.0,0
SHP-04159,Rotavirus,Road,Lucknow-Ahmedabad,9.64,9.85,9.42,68.61,0.1822,4,66.53,13.09,1,40.74,0
SHP-04160,Hepatitis-B,Road,Delhi-Mumbai,4.4,7.37,2.78,49.72,0.467,6,27.84,9.03,0,0.0,0
SHP-04161,Hepatitis-B,Sea,Chennai-Kolkata,2.62,3.49,2.49,60.17,0.8125,1,18.76,1.57,0,0.0,0
SHP-04162,COVID-19-mRNA,Road,Chennai-Kolkata,10.68,11.47,9.06,64.22,0.0713,3,14.12,2.0,1,20.02,1
SHP-04163,Hepatitis-B,Rail,Chennai-Kolkata,5.03,7.5,4.47,40.07,0.5281,2,37.41,1.02,0,0.0,0
SHP-04164,Polio,Road,Chennai-Kolkata,6.48,7.02,6.12,53.61,0.0164,3,56.89,5.14,0,0.0,0
SHP-04165,Hepatitis-B,Sea,Jaipur-Hyderabad,5.48,6.21,5.37,50.68,0.0537,4,40.39,6.04,0,0.0,0
SHP-04166,Polio,Rail,Bengaluru-Pune,5.56,6.74,4.58,64.46,0.6421,7,7.36,2.52,0,0.0,0
SHP-04167,COVID-19-mRNA,Rail,Delhi-Mumbai,5.34,6.54,5.23,61.75,0.0843,1,37.94,6.68,0,0.0,0
SHP-04168,COVID-19-mRNA,Air,Jaipur-Hyderabad,1.24,3.96,0.31,52.67,0.2931,6,26.57,23.88,1,99.63,0
SHP-04169,Polio,Road,Lucknow-Ahmedabad,4.92,6.83,3.95,44.53,0.1427,4,51.07,4.73,0,0.0,0
SHP-04170,COVID-19-mRNA,Road,Bengaluru-Pune,0.69,2.0,0.27,65.38,0.2734,1,40.55,5.24,1,19.67,0
SHP-04171,COVID-19-mRNA,Road,Bengaluru-Pune,3.56,3.78,2.66,54.32,0.0402,3,69.71,2.34,0,0.0,0
SHP-04172,Rotavirus,Rail,Chennai-Kolkata,2.19,2.95,2.12,38.82,0.703,3,45.48,0.05,0,0.0,0
SHP-04173,Polio,Air,Jaipur-Hyderabad,4.89,4.9,3.84,39.68,0.0412,5,47.74,15.39,0,0.0,0
SHP-04174,Hepatitis-B,Air,Lucknow-Ahmedabad,4.84,6.59,4.53,59.38,0.9098,2,40.34,7.4,0,0.0,0
SHP-04175,Rotavirus,Road,Chennai-Kolkata,5.2,5.21,4.48,42.24,0.5433,0,26.53,5.95,0,0.0,0
SHP-04176,Rotavirus,Air,Chennai-Kolkata,4.72,5.53,3.31,73.6,0.2694,1,47.62,0.15,0,0.0,0
SHP-04177,Hepatitis-B,Air,Delhi-Mumbai,2.48,3.75,1.94,45.63,1.0068,2,27.97,7.12,1,92.72,0
SHP-04178,Influenza,Rail,Bengaluru-Pune,3.35,4.28,2.33,55.0,0.103,2,53.34,5.54,0,0.0,0
SHP-04179,Polio,Road,Lucknow-Ahmedabad,6.3,6.83,4.03,56.59,0.1536,4,21.63,4.21,0,0.0,0
SHP-04180,Polio,Air,Bengaluru-Pune,6.67,9.51,6.34,47.71,0.0737,2,30.27,4.89,1,33.53,0
SHP-04181,Polio,Road,Jaipur-Hyderabad,1.13,3.28,0.29,32.6,0.2403,2,44.52,12.53,1,99.95,0
SHP-04182,Hepatitis-B,Road,Delhi-Mumbai,0.17,1.05,-1.53,56.91,2.1612,4,47.48,0.03,1,109.56,1
SHP-04183,Hepatitis-B,Air,Chennai-Kolkata,2.18,2.41,0.72,47.47,0.0878,4,50.13,0.85,1,21.7,0
SHP-04184,Polio,Road,Delhi-Mumbai,6.61,8.71,5.41,56.17,0.8889,10,52.22,11.26,1,35.27,0
SHP-04185,COVID-19-mRNA,Road,Chennai-Kolkata,7.04,8.23,5.39,53.78,0.5276,5,27.01,0.04,1,105.86,0
SHP-04186,Hepatitis-B,Road,Delhi-Mumbai,1.69,5.13,-0.33,57.63,0.008,5,64.91,11.7,1,63.29,1
SHP-04187,COVID-19-mRNA,Road,Chennai-Kolkata,4.77,6.35,4.29,70.62,1.4492,1,7.98,0.15,0,0.0,0
SHP-04188,Hepatitis-B,Air,Bengaluru-Pune,8.59,9.09,7.97,49.54,1.7718,4,18.44,7.56,1,80.98,0
SHP-04189,Hepatitis-B,Sea,Bengaluru-Pune,5.04,7.72,4.71,50.31,1.2945,3,10.63,11.08,0,0.0,0
SHP-04190,Influenza,Rail,Bengaluru-Pune,7.55,8.9,7.06,38.34,0.3483,2,50.32,4.74,1,116.48,0
SHP-04191,Influenza,Sea,Bengaluru-Pune,6.5,7.55,5.83,53.05,0.1245,4,24.06,5.13,0,0.0,0
SHP-04192,Rotavirus,Air,Delhi-Mumbai,1.72,2.11,1.11,59.1,0.2482,0,19.14,0.26,1,49.84,0
SHP-04193,Polio,Sea,Chennai-Kolkata,3.53,3.96,3.31,50.17,0.4762,3,37.72,1.18,0,0.0,0
SHP-04194,Influenza,Rail,Bengaluru-Pune,4.09,4.52,3.27,59.16,0.2381,2,46.86,11.49,0,0.0,0
SHP-04195,Hepatitis-B,Rail,Delhi-Mumbai,4.26,5.5,2.51,53.22,0.6158,6,46.87,8.68,0,0.0,0
SHP-04196,COVID-19-mRNA,Air,Chennai-Kolkata,6.29,6.69,5.75,41.98,0.7938,7,42.79,0.31,0,0.0,0
SHP-04197,COVID-19-mRNA,Road,Delhi-Mumbai,5.02,5.6,4.89,58.12,0.1175,6,71.47,8.38,0,0.0,0
SHP-04198,COVID-19-mRNA,Sea,Bengaluru-Pune,-3.34,-1.32,-3.86,52.94,0.2595,4,62.77,2.75,1,86.6,0
SHP-04199,Polio,Road,Jaipur-Hyderabad,0.72,2.25,-0.29,56.23,1.582,1,21.76,4.11,1,67.86,1
SHP-04200,Hepatitis-B,Road,Delhi-Mumbai,-1.47,-0.46,-2.58,49.33,0.1437,6,56.08,0.57,1,67.17,1
SHP-04201,Influenza,Sea,Bengaluru-Pune,4.44,6.07,4.28,48.45,0.2127,5,43.57,2.54,0,0.0,0
SHP-04202,COVID-19-mRNA,Road,Lucknow-Ahmedabad,4.6,4.92,3.45,56.57,0.0182,3,10.65,2.85,0,0.0,0
SHP-04203,COVID-19-mRNA,Road,Chennai-Kolkata,4.71,5.86,4.38,52.69,0.202,3,9.27,5.54,0,0.0,0
SHP-04204,Rotavirus,Road,Bengaluru-Pune,1.6,2.39,0.95,72.24,0.2318,2,58.77,5.36,1,34.28,0
SHP-04205,COVID-19-mRNA,Sea,Lucknow-Ahmedabad,5.69,6.07,5.26,62.99,0.0526,1,41.97,3.98,0,0.0,0
SHP-04206,Polio,Air,Delhi-Mumbai,5.79,6.28,5.71,60.45,0.0007,3,43.71,0.16,0,0.0,0
SHP-04207,Hepatitis-B,Road,Delhi-Mumbai,0.86,4.33,-0.34,53.23,0.4283,3,28.19,0.88,1,26.76,0
SHP-04208,Hepatitis-B,Road,Lucknow-Ahmedabad,0.33,0.45,-1.48,34.74,0.1794,4,67.4,0.87,1,21.76,0
SHP-04209,COVID-19-mRNA,Rail,Lucknow-Ahmedabad,4.0,4.93,3.37,46.92,0.009,3,53.08,10.93,0,0.0,0
SHP-04210,COVID-19-mRNA,Road,Chennai-Kolkata,8.48,11.39,7.55,48.53,0.9829,3,67.23,11.6,1,30.75,1
SHP-04211,COVID-19-mRNA,Sea,Delhi-Mumbai,8.25,9.54,7.41,52.25,0.439,5,12.55,8.21,1,119.37,0
SHP-04212,Hepatitis-B,Sea,Lucknow-Ahmedabad,5.41,7.04,4.15,54.67,0.0939,3,44.53,0.96,0,0.0,0
SHP-04213,Hepatitis-B,Air,Jaipur-Hyderabad,2.18,3.61,1.17,61.56,1.0022,1,48.08,9.17,1,59.37,0
SHP-04214,COVID-19-mRNA,Road,Jaipur-Hyderabad,6.22,6.84,5.92,57.73,0.1462,5,14.32,1.04,0,0.0,0
SHP-04215,Hepatitis-B,Air,Lucknow-Ahmedabad,2.87,4.42,2.0,66.59,0.129,4,28.85,4.04,0,0.0,0
SHP-04216,Influenza,Road,Chennai-Kolkata,2.08,2.6,0.35,51.88,1.1252,5,20.18,6.62,1,79.31,0
SHP-04217,COVID-19-mRNA,Road,Delhi-Mumbai,-1.36,-1.02,-1.56,57.57,0.0989,4,70.97,0.26,1,98.78,1
SHP-04218,Polio,Sea,Jaipur-Hyderabad,4.26,5.2,3.37,58.44,1.0559,2,41.87,4.56,0,0.0,0
SHP-04219,Hepatitis-B,Rail,Lucknow-Ahmedabad,2.43,4.1,1.91,57.46,0.8122,2,26.81,1.45,1,30.83,0
SHP-04220,COVID-19-mRNA,Air,Lucknow-Ahmedabad,4.24,7.35,3.98,67.82,0.1854,1,49.86,3.44,0,0.0,0
SHP-04221,Polio,Air,Bengaluru-Pune,-1.75,-1.55,-1.79,63.04,0.0175,4,49.53,2.42,1,89.44,1
SHP-04222,Hepatitis-B,Road,Lucknow-Ahmedabad,4.42,5.83,3.19,41.81,0.0431,3,28.92,5.8,0,0.0,0
SHP-04223,Rotavirus,Road,Chennai-Kolkata,-2.08,-1.56,-2.9,53.86,0.058,1,71.6,3.36,1,34.44,1
SHP-04224,Influenza,Road,Jaipur-Hyderabad,6.72,7.85,4.99,54.86,1.1073,2,59.39,1.8,0,0.0,0
SHP-04225,Hepatitis-B,Rail,Bengaluru-Pune,5.3,7.05,4.02,76.52,0.2588,3,32.42,12.06,0,0.0,0
SHP-04226,Influenza,Sea,Jaipur-Hyderabad,3.3,4.04,2.52,51.7,0.0165,3,49.56,15.98,0,0.0,0
SHP-04227,Polio,Road,Jaipur-Hyderabad,5.41,6.0,4.0,45.18,0.4066,3,52.9,8.1,0,0.0,0
SHP-04228,Hepatitis-B,Rail,Chennai-Kolkata,1.55,3.37,1.24,59.38,0.1166,4,17.47,4.35,1,78.27,0
SHP-04229,Polio,Road,Lucknow-Ahmedabad,4.18,5.41,4.09,59.97,0.134,5,63.96,10.79,0,0.0,0
SHP-04230,COVID-19-mRNA,Road,Chennai-Kolkata,5.99,9.04,5.5,54.26,0.0877,5,60.52,4.6,1,67.67,0
SHP-04231,Influenza,Road,Lucknow-Ahmedabad,-3.74,-2.99,-3.92,52.8,0.7178,4,55.87,0.81,1,67.36,0
SHP-04232,Hepatitis-B,Air,Bengaluru-Pune,2.88,4.4,1.49,64.49,0.0003,5,20.7,0.09,1,31.05,0
SHP-04233,Polio,Sea,Chennai-Kolkata,3.94,6.32,2.96,46.46,0.289,2,14.99,6.47,0,0.0,0
SHP-04234,Rotavirus,Road,Chennai-Kolkata,3.51,5.27,3.01,51.59,0.0454,2,17.92,6.98,0,0.0,0
SHP-04235,COVID-19-mRNA,Road,Delhi-Mumbai,7.64,7.88,7.61,49.78,0.4019,2,12.14,13.01,0,0.0,0
SHP-04236,Polio,Road,Chennai-Kolkata,1.19,1.36,0.5,65.94,0.2123,5,68.06,8.69,1,19.68,0
SHP-04237,COVID-19-mRNA,Air,Delhi-Mumbai,2.45,3.34,1.12,57.85,0.0144,1,62.2,5.1,1,50.56,0
SHP-04238,Influenza,Air,Lucknow-Ahmedabad,-0.79,1.05,-2.01,44.35,0.309,2,11.99,1.06,1,28.93,0
SHP-04239,Influenza,Road,Lucknow-Ahmedabad,7.78,8.26,7.41,45.35,0.4227,3,50.75,4.51,1,65.35,0
SHP-04240,Polio,Road,Lucknow-Ahmedabad,3.38,5.18,2.88,73.73,0.1423,1,22.21,2.85,0,0.0,0
SHP-04241,Hepatitis-B,Road,Delhi-Mumbai,2.9,4.69,2.29,65.83,0.7252,3,7.14,1.32,0,0.0,0
SHP-04242,Polio,Road,Lucknow-Ahmedabad,3.87,6.08,3.82,63.42,0.2319,1,25.3,8.03,0,0.0,0
SHP-04243,Influenza,Road,Jaipur-Hyderabad,5.59,7.19,5.48,55.12,0.6918,2,35.04,0.81,0,0.0,0
SHP-04244,Polio,Road,Chennai-Kolkata,4.87,6.14,3.02,70.08,0.4326,3,7.32,4.98,0,0.0,0
SHP-04245,Polio,Road,Delhi-Mumbai,10.62,11.18,9.75,43.97,1.0172,1,27.37,4.72,1,90.39,1
SHP-04246,Rotavirus,Sea,Lucknow-Ahmedabad,5.13,6.85,4.92,62.53,0.3958,2,52.22,1.81,0,0.0,0
SHP-04247,COVID-19-mRNA,Road,Jaipur-Hyderabad,2.84,3.58,2.72,50.57,0.1027,1,21.08,2.8,0,0.0,0
SHP-04248,COVID-19-mRNA,Road,Chennai-Kolkata,2.6,3.41,1.85,52.51,0.8646,2,38.0,0.62,1,81.27,0
SHP-04249,Hepatitis-B,Air,Chennai-Kolkata,3.02,3.03,2.11,62.26,0.764,3,64.58,0.13,0,0.0,0
SHP-04250,Rotavirus,Road,Lucknow-Ahmedabad,0.25,1.92,-1.25,53.56,1.7942,3,7.87,0.07,1,67.82,1
SHP-04251,Polio,Air,Jaipur-Hyderabad,4.1,6.25,2.33,50.65,0.0491,3,57.85,0.96,0,0.0,0
SHP-04252,COVID-19-mRNA,Road,Delhi-Mumbai,5.96,7.73,4.9,50.05,0.4473,1,31.34,10.09,0,0.0,0
SHP-04253,Polio,Air,Lucknow-Ahmedabad,2.47,4.35,0.99,35.14,0.3383,5,41.72,3.7,1,56.66,0
SHP-04254,Hepatitis-B,Road,Chennai-Kolkata,1.98,3.94,1.34,62.63,0.5557,3,21.24,0.62,1,66.99,0
SHP-04255,COVID-19-mRNA,Rail,Chennai-Kolkata,7.79,9.14,7.46,44.93,1.9605,5,44.21,11.8,1,52.89,0
SHP-04256,Hepatitis-B,Road,Chennai-Kolkata,0.43,2.09,-0.81,73.58,0.3799,5,54.23,4.21,1,70.67,1
SHP-04257,Rotavirus,Air,Lucknow-Ahmedabad,-1.17,-0.33,-1.62,52.12,0.5788,2,19.3,0.14,1,15.94,1
SHP-04258,Polio,Air,Bengaluru-Pune,1.12,1.94,0.89,68.09,0.2133,4,28.66,7.19,1,52.23,0
SHP-04259,Polio,Rail,Bengaluru-Pune,0.15,0.17,-0.08,36.91,0.1776,5,43.45,3.21,1,83.55,0
SHP-04260,Polio,Air,Bengaluru-Pune,4.97,7.07,4.5,62.31,0.2042,2,33.51,3.81,0,0.0,0
SHP-04261,COVID-19-mRNA,Road,Jaipur-Hyderabad,3.1,5.96,2.59,64.89,0.0197,1,25.35,4.75,0,0.0,0
SHP-04262,Rotavirus,Road,Lucknow-Ahmedabad,3.45,3.84,1.25,68.04,0.1676,1,35.81,0.5,1,115.91,0
SHP-04263,Polio,Road,Chennai-Kolkata,6.88,10.87,6.69,39.72,0.0949,2,25.19,14.76,1,95.97,1
SHP-04264,Polio,Road,Jaipur-Hyderabad,2.27,2.72,2.11,47.97,0.3057,1,25.92,1.47,0,0.0,0
SHP-04265,Hepatitis-B,Rail,Bengaluru-Pune,5.94,7.34,4.7,60.77,0.3089,3,46.3,4.86,0,0.0,0
SHP-04266,Polio,Air,Delhi-Mumbai,7.78,8.12,7.73,56.48,0.7246,1,37.49,9.67,1,23.55,0
SHP-04267,Hepatitis-B,Road,Jaipur-Hyderabad,2.86,3.95,1.0,57.93,0.3489,3,50.69,2.02,1,37.59,0
SHP-04268,COVID-19-mRNA,Road,Jaipur-Hyderabad,5.84,6.38,4.86,51.4,0.311,2,61.27,4.94,0,0.0,0
SHP-04269,Influenza,Air,Lucknow-Ahmedabad,3.4,5.25,2.85,70.51,0.1317,4,68.24,22.49,0,0.0,0
SHP-04270,Rotavirus,Road,Jaipur-Hyderabad,6.31,7.64,6.28,81.08,0.9569,4,15.99,9.55,0,0.0,0
SHP-04271,Hepatitis-B,Road,Lucknow-Ahmedabad,0.07,0.55,-1.23,56.04,0.0477,6,47.33,7.55,1,78.05,1
SHP-04272,Rotavirus,Road,Delhi-Mumbai,-0.11,1.48,-1.08,59.53,2.017,2,44.44,2.89,1,60.11,1
SHP-04273,COVID-19-mRNA,Road,Chennai-Kolkata,3.02,4.17,2.87,55.56,0.3232,3,63.22,3.0,0,0.0,0
SHP-04274,Polio,Road,Chennai-Kolkata,1.78,2.46,1.28,67.84,0.1029,4,65.13,3.32,1,16.21,0
SHP-04275,Hepatitis-B,Road,Bengaluru-Pune,2.71,3.16,1.66,63.29,0.2187,2,56.19,5.86,1,118.77,0
SHP-04276,Hepatitis-B,Road,Bengaluru-Pune,3.45,5.83,2.96,44.34,0.0077,3,45.3,0.78,0,0.0,0
SHP-04277,Polio,Road,Delhi-Mumbai,5.8,5.86,5.72,48.87,0.0911,3,19.15,9.87,0,0.0,0
SHP-04278,Polio,Road,Chennai-Kolkata,2.98,5.61,1.41,44.91,0.2042,2,24.26,0.09,1,76.59,0
SHP-04279,COVID-19-mRNA,Air,Bengaluru-Pune,1.94,2.91,-0.13,81.95,0.4042,3,45.78,0.93,1,42.52,1
SHP-04280,Polio,Air,Jaipur-Hyderabad,3.12,6.33,2.55,61.35,0.0693,4,15.2,3.29,0,0.0,0
SHP-04281,COVID-19-mRNA,Road,Lucknow-Ahmedabad,2.08,3.15,0.49,49.04,0.5634,3,18.14,1.45,1,85.29,0
SHP-04282,Influenza,Sea,Bengaluru-Pune,1.66,2.85,-0.2,48.24,0.9298,3,66.15,2.28,1,96.48,0
SHP-04283,COVID-19-mRNA,Road,Delhi-Mumbai,-0.03,1.59,-1.16,63.05,0.4247,2,69.12,2.02,1,54.73,0
SHP-04284,COVID-19-mRNA,Air,Chennai-Kolkata,4.17,5.6,4.08,64.05,0.1761,5,6.35,1.57,0,0.0,0
SHP-04285,Hepatitis-B,Rail,Delhi-Mumbai,2.58,5.58,2.31,62.98,0.0647,1,62.92,2.39,0,0.0,0
SHP-04286,Hepatitis-B,Road,Lucknow-Ahmedabad,6.42,6.91,6.23,50.74,0.0078,2,67.91,3.52,0,0.0,0
SHP-04287,Rotavirus,Road,Lucknow-Ahmedabad,0.38,1.38,-0.76,58.06,0.658,4,40.7,3.23,1,108.25,0
SHP-04288,Hepatitis-B,Rail,Delhi-Mumbai,2.64,2.88,2.23,56.11,0.4951,3,35.63,8.35,0,0.0,0
SHP-04289,Polio,Road,Bengaluru-Pune,8.53,9.01,8.4,45.64,0.3234,2,66.64,1.84,1,88.15,0
SHP-04290,Influenza,Air,Bengaluru-Pune,1.65,4.0,0.89,45.74,0.0538,0,6.5,1.66,1,32.29,0
SHP-04291,Hepatitis-B,Road,Chennai-Kolkata,3.41,4.93,2.8,59.12,0.116,3,61.47,3.51,0,0.0,0
SHP-04292,COVID-19-mRNA,Road,Chennai-Kolkata,0.96,2.73,-0.27,56.96,0.8442,4,25.57,0.25,1,65.2,0
SHP-04293,Hepatitis-B,Road,Jaipur-Hyderabad,0.63,0.81,0.22,60.53,0.3268,6,48.32,0.59,1,100.25,0
SHP-04294,Rotavirus,Road,Jaipur-Hyderabad,7.87,9.68,7.63,62.91,1.6462,3,27.33,8.12,1,33.8,0
SHP-04295,Polio,Sea,Chennai-Kolkata,4.43,6.8,4.0,69.99,5.2443,4,40.51,3.4,0,0.0,0
SHP-04296,COVID-19-mRNA,Sea,Jaipur-Hyderabad,4.33,4.46,4.28,47.24,0.8065,2,59.35,0.34,0,0.0,0
SHP-04297,COVID-19-mRNA,Rail,Delhi-Mumbai,-0.24,0.23,-0.32,61.3,0.1493,4,17.96,2.9,1,41.45,1
SHP-04298,COVID-19-mRNA,Rail,Bengaluru-Pune,4.9,5.0,4.67,62.49,0.1314,3,49.82,2.54,0,0.0,0
SHP-04299,Polio,Sea,Jaipur-Hyderabad,6.89,7.04,5.95,51.88,0.1463,4,65.29,1.41,0,0.0,0
SHP-04300,Hepatitis-B,Air,Jaipur-Hyderabad,6.87,9.36,6.28,56.22,2.1632,3,65.47,2.33,1,90.13,0
SHP-04301,COVID-19-mRNA,Road,Delhi-Mumbai,5.67,8.0,4.72,52.13,0.2042,3,65.01,1.04,0,0.0,0
SHP-04302,Rotavirus,Road,Lucknow-Ahmedabad,1.18,1.54,0.33,76.09,0.6128,3,40.22,2.98,1,90.16,0
SHP-04303,Influenza,Rail,Chennai-Kolkata,4.78,6.53,4.27,56.05,1.5973,1,56.67,2.63,0,0.0,0
SHP-04304,Hepatitis-B,Road,Delhi-Mumbai,5.67,8.77,5.02,59.52,0.8563,6,35.49,4.68,1,60.51,0
SHP-04305,Influenza,Road,Lucknow-Ahmedabad,-0.49,3.01,-1.16,52.36,0.4552,6,36.37,14.25,1,55.39,1
SHP-04306,COVID-19-mRNA,Air,Delhi-Mumbai,1.2,2.35,0.52,50.2,0.0925,0,24.73,1.03,1,103.7,0
SHP-04307,Polio,Road,Bengaluru-Pune,6.22,7.15,5.61,41.98,0.0961,1,24.83,2.7,0,0.0,0
SHP-04308,Hepatitis-B,Road,Delhi-Mumbai,6.19,6.87,5.25,66.0,0.3391,4,8.5,4.13,0,0.0,0
SHP-04309,Influenza,Air,Delhi-Mumbai,0.13,0.86,-0.35,62.68,1.5177,1,41.08,3.96,1,112.12,1
SHP-04310,Influenza,Road,Bengaluru-Pune,5.99,6.76,5.96,51.99,1.1743,5,26.38,5.41,0,0.0,0
SHP-04311,COVID-19-mRNA,Road,Chennai-Kolkata,4.24,5.06,2.85,46.0,0.0909,3,18.39,1.56,0,0.0,0
SHP-04312,Rotavirus,Road,Lucknow-Ahmedabad,5.95,6.1,5.52,56.8,0.1696,3,14.03,5.03,0,0.0,0
SHP-04313,COVID-19-mRNA,Road,Jaipur-Hyderabad,2.41,2.54,0.23,50.02,0.4444,4,28.9,1.12,1,78.35,0
SHP-04314,Rotavirus,Road,Chennai-Kolkata,5.61,7.97,5.41,52.78,0.3245,3,65.33,0.67,0,0.0,0
SHP-04315,Rotavirus,Road,Delhi-Mumbai,6.11,7.34,3.81,42.36,0.0636,4,40.08,8.91,0,0.0,0
SHP-04316,COVID-19-mRNA,Air,Jaipur-Hyderabad,3.12,4.03,1.68,57.17,0.2305,3,42.76,3.21,1,28.74,0
SHP-04317,Influenza,Rail,Bengaluru-Pune,4.04,5.07,3.29,57.37,1.5474,4,9.59,2.53,0,0.0,0
SHP-04318,COVID-19-mRNA,Road,Chennai-Kolkata,2.38,4.19,-0.16,65.95,1.5125,2,40.31,13.19,1,87.44,1
SHP-04319,Polio,Road,Lucknow-Ahmedabad,8.13,11.65,8.13,53.49,0.4098,3,50.06,6.19,1,73.78,1
SHP-04320,Hepatitis-B,Road,Chennai-Kolkata,3.7,4.68,3.07,51.66,0.5043,4,15.95,5.65,0,0.0,0
SHP-04321,Hepatitis-B,Air,Chennai-Kolkata,1.69,3.93,0.86,39.43,0.1255,4,70.91,1.08,1,37.25,0
SHP-04322,Rotavirus,Rail,Jaipur-Hyderabad,2.21,3.29,1.41,66.01,0.6773,3,66.4,1.17,1,35.84,0
SHP-04323,Hepatitis-B,Road,Bengaluru-Pune,4.32,5.12,3.28,63.93,0.027,3,71.54,3.3,0,0.0,0
SHP-04324,Polio,Road,Bengaluru-Pune,5.88,6.18,5.35,55.29,0.1247,5,29.78,5.28,0,0.0,0
SHP-04325,Influenza,Air,Chennai-Kolkata,0.66,3.68,0.5,41.71,0.003,3,60.27,2.51,1,100.14,0
SHP-04326,Rotavirus,Sea,Bengaluru-Pune,8.62,9.4,8.19,42.85,0.2436,5,27.7,0.33,1,51.64,0
SHP-04327,COVID-19-mRNA,Rail,Jaipur-Hyderabad,4.77,6.33,3.64,49.53,0.9494,4,55.44,5.74,0,0.0,0
SHP-04328,Rotavirus,Air,Jaipur-Hyderabad,5.17,6.87,3.6,64.65,2.023,3,68.56,7.43,0,0.0,0
SHP-04329,COVID-19-mRNA,Road,Lucknow-Ahmedabad,3.76,4.08,3.71,57.9,0.5509,3,16.23,14.44,0,0.0,0
SHP-04330,Influenza,Rail,Bengaluru-Pune,4.05,5.55,2.96,40.07,0.683,10,15.26,2.63,0,0.0,0
SHP-04331,COVID-19-mRNA,Road,Lucknow-Ahmedabad,3.63,6.14,2.58,59.04,0.1524,4,12.89,1.49,0,0.0,0
SHP-04332,COVID-19-mRNA,Rail,Delhi-Mumbai,6.54,6.87,5.58,46.61,0.3673,4,58.69,13.01,0,0.0,0
SHP-04333,Polio,Road,Jaipur-Hyderabad,3.98,5.44,2.76,49.78,0.667,3,50.0,6.28,0,0.0,0
SHP-04334,Hepatitis-B,Road,Chennai-Kolkata,5.92,6.37,5.41,64.72,0.3439,1,40.47,0.33,0,0.0,0
SHP-04335,Polio,Road,Jaipur-Hyderabad,2.92,4.63,1.87,62.66,0.0464,5,57.08,4.34,1,100.35,0
SHP-04336,COVID-19-mRNA,Air,Delhi-Mumbai,4.49,6.45,4.04,65.93,0.6752,5,62.09,0.14,0,0.0,0
SHP-04337,Hepatitis-B,Road,Chennai-Kolkata,1.99,3.35,0.97,54.77,0.124,0,68.67,1.28,1,17.67,0
SHP-04338,Rotavirus,Sea,Bengaluru-Pune,7.04,7.56,5.43,63.83,0.0514,1,19.28,0.37,0,0.0,0
SHP-04339,Polio,Road,Bengaluru-Pune,1.92,2.7,1.1,49.14,0.3251,1,35.15,1.15,1,81.58,0
SHP-04340,COVID-19-mRNA,Road,Jaipur-Hyderabad,3.19,4.09,3.12,52.42,0.0388,2,66.92,3.37,0,0.0,0
SHP-04341,Polio,Road,Chennai-Kolkata,3.21,5.45,1.95,51.74,0.4964,2,36.45,1.78,1,119.68,0
SHP-04342,COVID-19-mRNA,Road,Chennai-Kolkata,3.12,3.12,1.53,55.24,0.5115,4,38.19,0.46,1,92.87,0
SHP-04343,Influenza,Rail,Lucknow-Ahmedabad,5.81,7.35,5.06,42.14,0.1483,4,68.2,3.29,0,0.0,0
SHP-04344,Influenza,Rail,Delhi-Mumbai,3.21,3.81,2.96,52.75,1.6696,4,54.49,6.16,0,0.0,0
SHP-04345,Hepatitis-B,Air,Bengaluru-Pune,7.48,8.2,5.25,69.52,0.8699,3,42.44,0.27,1,52.24,0
SHP-04346,Polio,Sea,Jaipur-Hyderabad,1.95,3.71,0.88,44.07,0.058,3,29.58,10.7,1,75.32,0
SHP-04347,Influenza,Rail,Chennai-Kolkata,4.42,5.88,2.72,41.71,0.6902,5,66.41,5.29,0,0.0,0
SHP-04348,Hepatitis-B,Rail,Bengaluru-Pune,2.06,5.57,0.62,42.51,0.2178,5,6.59,3.66,1,36.17,0
SHP-04349,Influenza,Road,Jaipur-Hyderabad,5.05,6.3,4.15,81.62,0.6937,0,27.19,2.52,0,0.0,0
SHP-04350,Hepatitis-B,Rail,Bengaluru-Pune,3.96,4.2,3.37,59.65,0.8067,3,68.44,2.5,0,0.0,0
SHP-04351,Influenza,Air,Jaipur-Hyderabad,3.61,4.09,3.45,52.3,0.0821,5,38.88,2.04,0,0.0,0
SHP-04352,Hepatitis-B,Road,Bengaluru-Pune,6.97,7.28,6.21,55.68,0.5421,3,47.17,0.61,0,0.0,0
SHP-04353,Polio,Rail,Lucknow-Ahmedabad,2.36,3.51,2.21,57.28,0.9929,4,41.15,0.41,0,0.0,0
SHP-04354,Rotavirus,Air,Delhi-Mumbai,5.47,5.84,5.26,48.6,0.1953,3,32.23,1.85,0,0.0,0
SHP-04355,Hepatitis-B,Air,Bengaluru-Pune,2.08,3.79,1.54,49.83,0.0419,6,49.91,5.5,1,47.5,0
SHP-04356,Hepatitis-B,Rail,Delhi-Mumbai,4.28,7.12,3.85,53.42,0.0138,1,56.59,1.7,0,0.0,0
SHP-04357,COVID-19-mRNA,Rail,Bengaluru-Pune,1.01,1.34,0.84,47.75,0.0583,5,30.05,8.36,1,24.13,0
SHP-04358,Hepatitis-B,Air,Chennai-Kolkata,2.34,2.38,2.1,51.03,0.0021,3,44.97,2.39,0,0.0,0
SHP-04359,Hepatitis-B,Rail,Lucknow-Ahmedabad,3.79,4.65,2.93,58.53,0.198,2,11.46,4.99,0,0.0,0
SHP-04360,COVID-19-mRNA,Road,Lucknow-Ahmedabad,8.54,10.46,7.74,45.03,0.1779,6,42.14,2.83,1,13.38,1
SHP-04361,COVID-19-mRNA,Road,Delhi-Mumbai,4.25,4.69,1.23,81.1,0.0585,6,55.35,3.44,1,44.21,0
SHP-04362,Hepatitis-B,Rail,Chennai-Kolkata,8.14,9.62,7.46,62.53,0.5265,2,44.63,1.44,1,10.91,0
SHP-04363,Influenza,Road,Jaipur-Hyderabad,4.55,4.76,3.62,42.3,2.4083,4,63.98,3.61,0,0.0,0
SHP-04364,Hepatitis-B,Air,Lucknow-Ahmedabad,3.03,5.68,2.83,30.22,1.1559,0,24.89,0.59,0,0.0,0
SHP-04365,COVID-19-mRNA,Road,Chennai-Kolkata,7.85,8.83,7.58,48.12,0.1457,2,38.46,2.45,1,60.24,0
SHP-04366,Hepatitis-B,Road,Chennai-Kolkata,5.09,7.15,4.53,61.84,0.7348,1,11.77,2.97,0,0.0,0
SHP-04367,COVID-19-mRNA,Road,Delhi-Mumbai,2.39,4.31,1.89,59.9,1.3812,4,52.2,6.09,1,18.58,0
SHP-04368,Polio,Rail,Chennai-Kolkata,5.18,5.4,4.32,53.89,1.1842,1,35.23,2.56,0,0.0,0
SHP-04369,COVID-19-mRNA,Rail,Chennai-Kolkata,3.27,5.33,3.21,48.99,1.0795,1,41.0,5.47,0,0.0,0
SHP-04370,COVID-19-mRNA,Road,Jaipur-Hyderabad,-0.97,2.03,-3.46,45.96,0.7719,1,14.47,0.96,1,20.57,0
SHP-04371,COVID-19-mRNA,Rail,Delhi-Mumbai,6.34,7.14,4.78,50.97,0.1734,2,71.83,0.13,0,0.0,0
SHP-04372,Polio,Air,Delhi-Mumbai,6.74,7.22,6.57,44.88,0.0436,3,56.95,3.53,0,0.0,0
SHP-04373,COVID-19-mRNA,Air,Chennai-Kolkata,8.59,9.27,7.42,51.01,0.3345,1,32.44,3.21,1,86.67,0
SHP-04374,Polio,Rail,Jaipur-Hyderabad,5.06,5.45,4.18,68.31,0.0282,6,43.62,5.54,0,0.0,0
SHP-04375,Hepatitis-B,Air,Bengaluru-Pune,3.38,3.48,1.8,47.29,3.2424,5,46.84,1.88,1,104.16,0
SHP-04376,Polio,Air,Lucknow-Ahmedabad,6.09,7.08,4.75,61.11,0.2218,1,69.41,0.15,0,0.0,0
SHP-04377,Polio,Road,Delhi-Mumbai,6.12,6.9,5.49,62.63,1.5891,1,56.71,6.43,0,0.0,0
SHP-04378,Influenza,Road,Jaipur-Hyderabad,8.1,10.39,7.83,44.2,0.7417,2,29.08,14.25,1,15.27,1
SHP-04379,COVID-19-mRNA,Rail,Jaipur-Hyderabad,3.89,4.64,3.29,46.57,0.2649,3,70.53,2.51,0,0.0,0
SHP-04380,Hepatitis-B,Road,Chennai-Kolkata,3.59,5.12,3.0,65.69,0.063,3,25.92,4.72,0,0.0,0
SHP-04381,COVID-19-mRNA,Air,Lucknow-Ahmedabad,2.21,3.91,2.03,45.74,0.1354,3,44.08,3.93,0,0.0,0
SHP-04382,COVID-19-mRNA,Road,Delhi-Mumbai,5.34,6.64,5.1,54.43,0.559,2,52.24,4.17,0,0.0,0
SHP-04383,Hepatitis-B,Road,Bengaluru-Pune,0.13,0.43,-1.36,75.4,0.8858,5,23.89,10.1,1,66.64,1
SHP-04384,Hepatitis-B,Road,Chennai-Kolkata,5.94,9.15,5.25,64.8,1.9422,1,69.12,6.67,1,56.58,0
SHP-04385,Rotavirus,Road,Delhi-Mumbai,5.47,6.13,5.15,55.85,0.0709,1,20.26,7.34,0,0.0,0
SHP-04386,Hepatitis-B,Rail,Delhi-Mumbai,5.46,6.43,3.37,63.41,0.0848,6,35.16,0.47,0,0.0,0
SHP-04387,Rotavirus,Sea,Jaipur-Hyderabad,4.35,7.04,3.85,54.44,0.0217,1,17.87,0.79,0,0.0,0
SHP-04388,COVID-19-mRNA,Road,Lucknow-Ahmedabad,7.83,9.3,6.86,65.18,0.1508,4,63.75,5.44,1,75.5,0
SHP-04389,COVID-19-mRNA,Road,Bengaluru-Pune,6.18,6.3,5.92,34.54,0.8604,2,20.63,3.89,0,0.0,0
SHP-04390,COVID-19-mRNA,Road,Lucknow-Ahmedabad,2.48,2.7,1.95,53.61,0.1105,5,8.29,7.44,1,100.64,0
SHP-04391,COVID-19-mRNA,Sea,Jaipur-Hyderabad,2.53,3.31,1.84,34.14,0.3969,3,8.57,0.49,1,66.11,0
SHP-04392,Hepatitis-B,Sea,Bengaluru-Pune,1.8,2.01,0.75,56.61,0.2957,3,33.31,4.18,1,62.01,0
SHP-04393,Hepatitis-B,Air,Bengaluru-Pune,5.38,7.28,5.29,52.64,0.1971,4,40.5,3.33,0,0.0,0
SHP-04394,COVID-19-mRNA,Road,Chennai-Kolkata,1.5,1.98,1.14,68.61,0.4816,4,8.75,9.64,1,29.83,0
SHP-04395,Rotavirus,Road,Bengaluru-Pune,6.71,8.18,5.23,62.12,0.3489,0,12.13,1.04,1,10.15,0
SHP-04396,Influenza,Air,Delhi-Mumbai,7.31,8.9,6.57,49.74,0.2038,6,12.43,2.14,1,45.43,0
SHP-04397,COVID-19-mRNA,Air,Lucknow-Ahmedabad,1.8,2.91,1.16,50.94,0.5837,2,50.12,0.82,1,79.64,0
SHP-04398,COVID-19-mRNA,Road,Lucknow-Ahmedabad,3.54,3.58,3.11,58.81,0.1642,1,25.79,3.0,0,0.0,0
SHP-04399,COVID-19-mRNA,Road,Chennai-Kolkata,4.04,4.99,2.77,49.27,0.5153,3,43.13,10.66,0,0.0,0
SHP-04400,COVID-19-mRNA,Air,Bengaluru-Pune,6.21,7.13,4.82,54.68,1.5761,3,10.86,5.55,0,0.0,0
SHP-04401,COVID-19-mRNA,Road,Jaipur-Hyderabad,8.02,11.05,7.0,68.17,0.6527,2,64.88,6.82,1,35.61,1
SHP-04402,Hepatitis-B,Road,Delhi-Mumbai,-0.21,1.5,-0.22,46.71,0.271,3,26.09,0.49,1,84.64,0
SHP-04403,COVID-19-mRNA,Road,Chennai-Kolkata,3.2,4.74,3.17,50.52,0.6883,0,57.36,3.01,0,0.0,0
SHP-04404,Polio,Road,Bengaluru-Pune,3.33,4.56,3.28,51.93,0.8284,2,60.56,9.12,0,0.0,0
SHP-04405,Rotavirus,Air,Jaipur-Hyderabad,0.5,1.13,0.19,86.58,0.1971,1,71.2,9.08,1,34.04,0
SHP-04406,Hepatitis-B,Road,Bengaluru-Pune,2.79,4.29,2.46,61.08,0.6106,4,54.91,22.12,0,0.0,0
SHP-04407,Rotavirus,Air,Chennai-Kolkata,5.07,6.87,4.69,66.32,0.2849,3,35.23,3.73,0,0.0,0
SHP-04408,COVID-19-mRNA,Road,Jaipur-Hyderabad,3.3,3.74,2.17,62.68,0.8533,6,16.07,0.01,0,0.0,0
SHP-04409,Polio,Air,Jaipur-Hyderabad,0.14,0.52,-0.34,63.35,0.175,3,9.16,11.47,1,114.83,1
SHP-04410,Hepatitis-B,Road,Jaipur-Hyderabad,11.19,12.24,8.75,59.74,1.3884,3,64.49,15.64,1,61.12,1
SHP-04411,COVID-19-mRNA,Air,Jaipur-Hyderabad,4.67,4.8,2.7,58.65,0.4276,1,35.48,13.14,0,0.0,0
SHP-04412,COVID-19-mRNA,Road,Bengaluru-Pune,4.28,4.58,2.95,40.49,0.2179,3,55.5,7.39,0,0.0,0
SHP-04413,Hepatitis-B,Rail,Jaipur-Hyderabad,1.26,2.46,0.63,58.58,0.2718,3,38.76,1.19,1,26.67,0
SHP-04414,Hepatitis-B,Air,Bengaluru-Pune,4.65,5.85,2.64,53.92,0.2137,2,64.06,0.75,0,0.0,0
SHP-04415,Polio,Road,Jaipur-Hyderabad,3.59,7.04,3.3,60.45,0.0791,1,55.48,6.03,0,0.0,0
SHP-04416,Polio,Air,Jaipur-Hyderabad,-0.72,-0.49,-1.55,54.29,0.0355,6,11.64,0.76,1,47.5,1
SHP-04417,Polio,Road,Chennai-Kolkata,1.32,3.4,0.8,62.63,0.1941,2,55.64,15.32,1,115.22,0
SHP-04418,COVID-19-mRNA,Road,Bengaluru-Pune,5.99,6.64,4.98,64.4,0.3069,2,23.61,2.95,0,0.0,0
SHP-04419,Polio,Road,Bengaluru-Pune,8.86,10.57,8.74,25.88,0.2246,5,57.02,0.16,1,111.18,1
SHP-04420,COVID-19-mRNA,Road,Lucknow-Ahmedabad,4.92,5.38,4.62,50.66,0.007,4,68.6,0.82,0,0.0,0
SHP-04421,COVID-19-mRNA,Sea,Chennai-Kolkata,6.76,7.02,6.56,36.43,0.4326,3,67.39,1.72,0,0.0,0
SHP-04422,Rotavirus,Road,Bengaluru-Pune,3.61,5.32,3.6,57.39,0.0782,2,14.25,6.08,0,0.0,0
SHP-04423,Hepatitis-B,Road,Chennai-Kolkata,3.78,5.43,3.65,51.99,0.1185,3,9.61,6.68,0,0.0,0
SHP-04424,Influenza,Road,Chennai-Kolkata,6.73,7.82,4.99,68.56,0.0643,5,57.28,1.2,0,0.0,0
SHP-04425,Polio,Sea,Chennai-Kolkata,8.16,9.48,7.54,57.07,0.3674,4,52.86,5.23,1,28.42,0
SHP-04426,Polio,Rail,Delhi-Mumbai,7.25,7.29,6.33,50.14,0.05,6,17.63,0.16,0,0.0,0
SHP-04427,COVID-19-mRNA,Road,Bengaluru-Pune,1.33,3.18,1.14,64.39,0.1481,1,51.18,0.54,1,24.62,0
SHP-04428,COVID-19-mRNA,Rail,Chennai-Kolkata,3.83,3.9,2.22,51.82,0.3005,1,7.02,3.83,0,0.0,0
SHP-04429,COVID-19-mRNA,Road,Delhi-Mumbai,4.69,6.58,2.88,50.02,0.0918,2,47.66,6.08,0,0.0,0
SHP-04430,Influenza,Rail,Delhi-Mumbai,3.35,5.97,1.27,58.94,0.2955,3,60.93,12.29,1,105.76,0
SHP-04431,Hepatitis-B,Rail,Jaipur-Hyderabad,4.97,5.44,4.44,71.13,0.2098,2,48.36,2.88,0,0.0,0
SHP-04432,Hepatitis-B,Air,Jaipur-Hyderabad,6.05,8.54,5.43,63.54,0.9852,1,10.32,0.64,1,25.01,0
SHP-04433,Polio,Road,Bengaluru-Pune,6.51,7.77,6.26,60.67,0.7921,1,71.4,13.22,0,0.0,0
SHP-04434,Rotavirus,Road,Jaipur-Hyderabad,8.21,8.63,7.66,82.51,2.4706,3,29.5,2.88,1,16.92,0
SHP-04435,COVID-19-mRNA,Road,Bengaluru-Pune,3.18,4.59,2.5,47.68,0.3764,2,31.11,3.44,0,0.0,0
SHP-04436,COVID-19-mRNA,Road,Delhi-Mumbai,0.59,1.01,-1.18,47.45,0.4283,4,11.59,9.64,1,35.26,0
SHP-04437,Polio,Road,Delhi-Mumbai,4.9,6.22,3.39,56.46,1.4654,3,17.03,4.41,0,0.0,0
SHP-04438,Influenza,Air,Bengaluru-Pune,8.71,8.8,7.9,70.15,0.2551,3,23.9,1.79,1,96.09,0
SHP-04439,Rotavirus,Air,Jaipur-Hyderabad,2.81,4.77,1.84,45.58,0.4056,0,58.75,3.89,1,54.94,0
SHP-04440,COVID-19-mRNA,Road,Jaipur-Hyderabad,5.72,5.94,5.33,72.55,0.2383,4,51.66,4.9,0,0.0,0
SHP-04441,Rotavirus,Air,Bengaluru-Pune,5.74,7.29,5.6,40.61,0.3947,4,44.52,11.03,0,0.0,0
SHP-04442,Influenza,Air,Lucknow-Ahmedabad,4.48,6.86,3.38,53.79,0.0421,3,63.02,1.34,0,0.0,0
SHP-04443,COVID-19-mRNA,Air,Jaipur-Hyderabad,4.02,5.18,2.32,56.73,0.7658,4,71.86,4.1,0,0.0,0
SHP-04444,Polio,Road,Chennai-Kolkata,1.69,2.31,1.66,46.17,2.1093,3,31.4,12.66,1,21.36,0
SHP-04445,Polio,Road,Jaipur-Hyderabad,-1.7,-0.47,-2.66,48.79,0.034,1,31.82,0.23,1,100.59,1
SHP-04446,Rotavirus,Air,Lucknow-Ahmedabad,1.22,2.9,0.29,62.97,0.8073,1,54.58,1.08,1,54.58,0
SHP-04447,COVID-19-mRNA,Sea,Delhi-Mumbai,3.02,5.35,2.74,69.42,0.1384,7,48.53,2.13,0,0.0,0
SHP-04448,Influenza,Road,Delhi-Mumbai,6.74,8.75,6.43,33.85,0.11,2,6.88,5.67,1,70.23,0
SHP-04449,Polio,Road,Delhi-Mumbai,3.74,7.24,2.37,56.8,0.5911,6,49.26,9.22,0,0.0,0
SHP-04450,Influenza,Road,Jaipur-Hyderabad,2.7,5.29,1.22,53.87,0.0226,4,53.49,1.11,1,88.35,0
SHP-04451,Polio,Road,Delhi-Mumbai,1.77,1.98,1.05,56.07,0.3111,6,71.07,1.42,1,71.4,0
SHP-04452,Hepatitis-B,Road,Lucknow-Ahmedabad,5.64,8.11,5.46,51.83,0.0007,2,44.73,8.67,1,48.7,0
SHP-04453,Influenza,Air,Lucknow-Ahmedabad,7.4,7.48,7.08,42.1,0.4042,3,51.17,0.8,0,0.0,0
SHP-04454,Influenza,Air,Jaipur-Hyderabad,6.66,7.24,5.56,70.42,0.31,1,58.06,1.51,0,0.0,0
SHP-04455,Rotavirus,Rail,Chennai-Kolkata,5.52,7.43,4.65,66.59,1.2354,3,12.33,6.6,0,0.0,0
SHP-04456,COVID-19-mRNA,Road,Jaipur-Hyderabad,0.31,0.75,0.21,53.96,0.637,3,54.49,0.91,1,84.02,0
SHP-04457,Hepatitis-B,Road,Delhi-Mumbai,3.12,4.36,2.82,50.12,0.0673,2,42.09,8.8,0,0.0,0
SHP-04458,COVID-19-mRNA,Rail,Jaipur-Hyderabad,8.87,9.94,8.54,48.91,0.2189,1,12.6,3.37,1,79.4,0
SHP-04459,Polio,Road,Lucknow-Ahmedabad,6.8,7.11,5.34,29.14,1.341,2,50.21,2.97,0,0.0,0
SHP-04460,Hepatitis-B,Road,Jaipur-Hyderabad,0.16,1.02,-0.0,58.54,0.6461,3,21.48,0.73,1,58.45,0
SHP-04461,Polio,Road,Jaipur-Hyderabad,3.86,6.98,3.61,62.8,0.451,5,41.5,5.69,0,0.0,0
SHP-04462,Hepatitis-B,Air,Chennai-Kolkata,4.91,5.71,4.45,56.38,0.4094,3,24.54,10.77,0,0.0,0
SHP-04463,Rotavirus,Road,Lucknow-Ahmedabad,2.09,2.76,1.17,54.14,0.2538,2,12.9,5.89,1,95.03,0
SHP-04464,COVID-19-mRNA,Road,Bengaluru-Pune,-1.77,-1.55,-3.04,56.33,0.44,1,22.56,1.91,1,36.53,1
SHP-04465,Hepatitis-B,Rail,Bengaluru-Pune,4.25,4.78,4.01,46.47,0.7385,2,34.96,6.0,0,0.0,0
SHP-04466,Polio,Sea,Lucknow-Ahmedabad,2.03,2.67,0.06,50.0,0.0682,6,38.61,3.57,1,39.31,0
SHP-04467,COVID-19-mRNA,Sea,Bengaluru-Pune,2.04,3.36,1.22,53.34,1.7505,4,15.8,9.61,1,48.27,0
SHP-04468,COVID-19-mRNA,Sea,Delhi-Mumbai,3.11,3.51,1.94,61.97,0.1368,0,27.18,3.08,1,115.66,0
SHP-04469,Rotavirus,Road,Bengaluru-Pune,3.67,4.0,2.08,68.79,0.2969,5,62.72,1.35,0,0.0,0
SHP-04470,Rotavirus,Road,Delhi-Mumbai,3.98,4.07,3.93,52.71,0.0115,3,66.09,0.53,0,0.0,0
SHP-04471,Rotavirus,Road,Lucknow-Ahmedabad,1.79,2.0,1.11,44.55,0.3996,4,41.32,1.65,1,78.48,0
SHP-04472,Rotavirus,Road,Bengaluru-Pune,3.45,4.82,2.94,55.36,0.2405,5,38.36,4.15,0,0.0,0
SHP-04473,COVID-19-mRNA,Rail,Bengaluru-Pune,-0.39,-0.3,-0.59,75.11,0.1437,0,44.37,0.93,1,54.39,1
SHP-04474,Polio,Air,Delhi-Mumbai,4.78,5.14,3.92,45.42,2.1176,5,20.16,0.2,0,0.0,0
SHP-04475,Hepatitis-B,Sea,Delhi-Mumbai,-3.14,-2.54,-3.8,63.86,0.2794,2,71.58,2.98,1,47.86,0
SHP-04476,Polio,Rail,Jaipur-Hyderabad,3.28,3.55,2.82,68.36,0.2675,2,55.19,2.13,0,0.0,0
SHP-04477,Polio,Sea,Chennai-Kolkata,6.3,6.65,5.36,51.4,0.311,4,21.76,2.73,0,0.0,0
SHP-04478,Polio,Rail,Bengaluru-Pune,1.35,1.44,1.03,47.99,0.0617,0,23.96,3.03,1,74.37,0
SHP-04479,Hepatitis-B,Road,Chennai-Kolkata,5.79,6.62,5.72,60.75,0.2497,4,48.8,7.26,0,0.0,0
SHP-04480,Hepatitis-B,Air,Chennai-Kolkata,6.89,7.36,6.22,58.53,0.205,2,27.31,16.21,0,0.0,0
SHP-04481,COVID-19-mRNA,Air,Bengaluru-Pune,-4.27,-3.94,-4.44,61.95,0.3129,1,29.45,1.52,1,113.59,0
SHP-04482,Polio,Road,Delhi-Mumbai,3.62,3.89,3.32,75.74,0.9711,3,57.54,14.27,0,0.0,0
SHP-04483,Hepatitis-B,Road,Jaipur-Hyderabad,-3.19,-1.69,-3.94,56.67,0.1071,6,23.62,1.3,1,108.09,1
SHP-04484,Hepatitis-B,Rail,Lucknow-Ahmedabad,3.7,4.77,2.93,43.08,0.4679,5,52.55,7.03,0,0.0,0
SHP-04485,COVID-19-mRNA,Rail,Bengaluru-Pune,3.98,4.88,1.31,55.67,0.0192,3,67.7,5.72,1,11.64,0
SHP-04486,Influenza,Road,Bengaluru-Pune,-2.21,-2.16,-2.4,57.42,0.1905,1,14.19,0.27,1,75.13,0
SHP-04487,COVID-19-mRNA,Air,Lucknow-Ahmedabad,8.81,11.84,7.45,67.67,0.32,2,15.52,6.45,1,100.01,1
SHP-04488,Polio,Air,Chennai-Kolkata,4.72,5.04,3.03,53.03,0.0386,2,68.23,11.57,0,0.0,0
SHP-04489,Influenza,Air,Jaipur-Hyderabad,1.88,2.92,1.69,50.91,0.3926,3,19.43,13.31,1,72.47,0
SHP-04490,Hepatitis-B,Road,Chennai-Kolkata,7.66,7.69,7.3,41.29,0.1858,3,7.38,5.78,0,0.0,0
SHP-04491,COVID-19-mRNA,Road,Lucknow-Ahmedabad,-0.49,1.59,-0.59,60.47,2.4675,2,63.32,7.72,1,50.28,1
SHP-04492,Hepatitis-B,Air,Lucknow-Ahmedabad,0.93,1.71,-0.69,88.48,0.4984,2,24.63,0.37,1,98.21,1
SHP-04493,Hepatitis-B,Road,Jaipur-Hyderabad,-1.75,-0.43,-3.3,52.77,0.14,7,25.69,0.88,1,65.56,1
SHP-04494,Influenza,Air,Lucknow-Ahmedabad,8.5,9.15,8.45,59.52,0.0542,3,20.98,1.52,1,61.01,0
SHP-04495,Influenza,Road,Lucknow-Ahmedabad,4.83,8.16,4.41,49.52,0.0208,3,66.57,3.79,1,26.01,0
SHP-04496,Hepatitis-B,Road,Jaipur-Hyderabad,5.65,5.7,3.76,42.19,0.0476,6,57.11,2.44,0,0.0,0
SHP-04497,Polio,Road,Bengaluru-Pune,4.75,6.39,4.52,59.34,0.5698,2,45.39,5.35,0,0.0,0
SHP-04498,COVID-19-mRNA,Road,Chennai-Kolkata,5.43,5.63,3.48,55.28,0.9655,5,35.92,2.95,0,0.0,0
SHP-04499,COVID-19-mRNA,Sea,Bengaluru-Pune,4.2,6.52,3.72,31.14,0.0852,3,15.47,7.46,0,0.0,0
SHP-04500,Polio,Air,Bengaluru-Pune,4.68,5.83,2.77,71.1,0.2572,4,67.12,6.25,0,0.0,0
SHP-04501,Hepatitis-B,Road,Chennai-Kolkata,4.27,6.57,3.76,59.16,0.2187,4,55.48,6.88,0,0.0,0
SHP-04502,Hepatitis-B,Road,Bengaluru-Pune,2.48,3.32,1.92,55.74,0.5171,1,24.41,8.83,1,111.61,0
SHP-04503,COVID-19-mRNA,Road,Jaipur-Hyderabad,3.88,4.1,3.37,50.78,0.1009,0,68.53,8.99,0,0.0,0
SHP-04504,COVID-19-mRNA,Sea,Chennai-Kolkata,4.68,6.25,4.11,59.05,1.5322,6,67.72,7.56,0,0.0,0
SHP-04505,Polio,Road,Delhi-Mumbai,4.28,5.3,2.58,59.51,0.652,3,49.53,0.34,0,0.0,0
SHP-04506,COVID-19-mRNA,Road,Bengaluru-Pune,0.31,1.7,0.16,59.01,1.5513,1,71.01,4.88,1,110.8,0
SHP-04507,Influenza,Air,Lucknow-Ahmedabad,0.64,2.6,0.3,65.68,0.1624,1,18.36,0.1,1,50.11,0
SHP-04508,COVID-19-mRNA,Road,Chennai-Kolkata,6.71,8.76,6.46,67.95,0.443,3,54.27,6.81,1,11.05,0
SHP-04509,Hepatitis-B,Road,Delhi-Mumbai,3.23,6.37,1.61,75.06,0.6589,5,16.04,0.32,1,18.25,0
SHP-04510,Rotavirus,Air,Lucknow-Ahmedabad,5.46,7.52,4.61,46.63,0.6206,4,51.65,20.44,0,0.0,0
SHP-04511,COVID-19-mRNA,Road,Delhi-Mumbai,1.27,3.14,-0.18,49.27,0.0108,3,66.71,4.76,1,32.79,0
SHP-04512,Polio,Road,Bengaluru-Pune,0.32,1.07,0.0,58.61,3.1854,2,41.38,1.0,1,30.52,0
SHP-04513,COVID-19-mRNA,Air,Lucknow-Ahmedabad,1.89,3.56,1.85,47.21,1.316,1,56.36,3.16,1,16.37,0
SHP-04514,Hepatitis-B,Road,Bengaluru-Pune,3.44,5.82,3.02,48.82,0.0638,3,15.45,8.76,0,0.0,0
SHP-04515,Hepatitis-B,Road,Lucknow-Ahmedabad,2.34,3.16,1.27,59.75,0.3922,7,47.79,0.99,1,101.11,0
SHP-04516,Polio,Air,Chennai-Kolkata,7.23,8.17,6.99,64.01,0.1888,2,10.17,3.85,1,93.91,0
SHP-04517,Hepatitis-B,Road,Jaipur-Hyderabad,4.45,4.45,3.08,67.76,1.0555,5,8.44,0.02,0,0.0,0
SHP-04518,Rotavirus,Road,Jaipur-Hyderabad,8.62,10.19,8.26,53.07,0.5979,3,47.85,7.77,1,56.77,1
SHP-04519,COVID-19-mRNA,Road,Delhi-Mumbai,5.01,6.73,2.6,59.63,0.1265,1,43.81,1.08,0,0.0,0
SHP-04520,COVID-19-mRNA,Road,Lucknow-Ahmedabad,-2.03,0.5,-2.91,57.43,0.0172,4,27.73,2.45,1,38.79,0
SHP-04521,Rotavirus,Road,Bengaluru-Pune,6.64,6.98,5.37,55.18,0.1725,1,39.85,3.78,0,0.0,0
SHP-04522,Hepatitis-B,Road,Chennai-Kolkata,0.23,0.39,-0.63,46.84,0.0194,3,51.17,0.78,1,16.5,0
SHP-04523,Rotavirus,Sea,Chennai-Kolkata,4.58,6.84,3.67,45.57,0.0762,2,48.55,13.06,0,0.0,0
SHP-04524,Hepatitis-B,Road,Chennai-Kolkata,2.06,2.68,1.73,61.67,0.5055,0,10.86,3.16,1,66.52,0
SHP-04525,Influenza,Air,Jaipur-Hyderabad,9.36,10.12,8.81,46.67,0.6834,5,50.76,1.32,1,99.82,1
SHP-04526,Polio,Road,Bengaluru-Pune,7.6,8.13,6.5,37.23,0.3156,2,49.53,6.64,1,117.0,0
SHP-04527,Influenza,Rail,Chennai-Kolkata,2.15,2.91,1.65,54.68,0.4585,2,50.19,11.23,1,106.43,0
SHP-04528,Rotavirus,Air,Chennai-Kolkata,3.68,4.09,2.89,69.55,0.0847,6,61.93,12.19,0,0.0,0
SHP-04529,Hepatitis-B,Sea,Delhi-Mumbai,4.61,5.28,3.45,27.05,0.1905,4,44.06,2.82,0,0.0,0
SHP-04530,COVID-19-mRNA,Sea,Lucknow-Ahmedabad,6.16,6.58,4.4,52.12,0.6239,0,67.9,2.23,0,0.0,0
SHP-04531,COVID-19-mRNA,Air,Lucknow-Ahmedabad,4.07,4.71,2.97,61.75,0.227,2,70.68,13.24,0,0.0,0
SHP-04532,COVID-19-mRNA,Sea,Lucknow-Ahmedabad,1.44,4.39,1.03,36.77,0.2145,2,55.62,0.27,1,32.18,0
SHP-04533,COVID-19-mRNA,Road,Delhi-Mumbai,2.21,2.32,1.24,52.87,0.1078,1,29.67,6.94,1,12.23,0
SHP-04534,Polio,Rail,Jaipur-Hyderabad,3.99,4.51,2.98,43.61,0.4517,1,15.44,0.98,0,0.0,0
SHP-04535,Hepatitis-B,Road,Delhi-Mumbai,7.09,7.94,6.73,44.93,0.8292,11,60.13,3.13,0,0.0,0
SHP-04536,Hepatitis-B,Road,Chennai-Kolkata,5.07,5.79,4.99,50.98,0.3169,3,15.68,15.36,0,0.0,0
SHP-04537,Polio,Road,Bengaluru-Pune,2.07,2.74,0.92,43.77,0.0614,5,15.65,4.35,1,81.04,0
SHP-04538,Hepatitis-B,Rail,Chennai-Kolkata,5.62,6.34,5.27,42.94,0.9112,3,66.66,3.71,0,0.0,0
SHP-04539,COVID-19-mRNA,Air,Chennai-Kolkata,3.03,3.04,2.9,54.41,0.037,5,42.95,0.32,0,0.0,0
SHP-04540,COVID-19-mRNA,Road,Bengaluru-Pune,6.23,6.42,6.01,77.27,0.3191,3,25.36,1.62,0,0.0,0
SHP-04541,COVID-19-mRNA,Air,Lucknow-Ahmedabad,10.32,13.47,9.46,62.58,0.1513,4,69.56,0.02,1,115.4,1
SHP-04542,Hepatitis-B,Road,Delhi-Mumbai,3.1,4.08,2.38,65.11,1.3769,5,52.68,10.4,0,0.0,0
SHP-04543,COVID-19-mRNA,Road,Jaipur-Hyderabad,6.0,6.44,4.89,62.97,0.6688,4,41.3,5.18,0,0.0,0
SHP-04544,COVID-19-mRNA,Road,Chennai-Kolkata,2.14,5.04,1.59,48.02,0.4178,2,27.75,0.63,1,110.19,0
SHP-04545,Polio,Road,Chennai-Kolkata,3.72,5.51,2.54,58.11,0.5509,4,50.66,2.26,0,0.0,0
SHP-04546,Influenza,Air,Jaipur-Hyderabad,4.07,5.37,3.47,65.98,0.3804,7,54.24,8.34,0,0.0,0
SHP-04547,COVID-19-mRNA,Air,Delhi-Mumbai,3.52,3.82,1.97,63.28,0.0799,3,53.0,0.76,1,92.44,0
SHP-04548,Hepatitis-B,Air,Chennai-Kolkata,10.16,10.78,9.63,56.95,0.6174,3,18.89,1.31,1,114.92,1
SHP-04549,Hepatitis-B,Road,Jaipur-Hyderabad,3.23,6.16,2.71,60.2,0.3393,3,52.02,3.9,0,0.0,0
SHP-04550,Influenza,Sea,Chennai-Kolkata,5.47,6.71,5.04,79.63,0.503,1,44.38,0.78,0,0.0,0
SHP-04551,Rotavirus,Air,Lucknow-Ahmedabad,-0.83,0.06,-0.97,63.39,0.0231,1,62.11,2.41,1,95.04,1
SHP-04552,COVID-19-mRNA,Sea,Lucknow-Ahmedabad,5.08,6.5,4.14,51.85,0.0766,10,47.23,20.12,0,0.0,0
SHP-04553,COVID-19-mRNA,Road,Chennai-Kolkata,6.86,8.91,5.51,54.26,0.445,1,15.65,3.92,1,103.83,0
SHP-04554,Rotavirus,Road,Chennai-Kolkata,2.68,3.36,2.58,44.46,0.3076,2,27.02,6.05,0,0.0,0
SHP-04555,Polio,Road,Lucknow-Ahmedabad,-2.28,-0.93,-3.16,78.47,0.1287,4,55.09,5.44,1,80.37,1
SHP-04556,Hepatitis-B,Rail,Chennai-Kolkata,3.9,4.82,3.45,71.04,0.1377,3,54.84,1.19,0,0.0,0
SHP-04557,Hepatitis-B,Air,Delhi-Mumbai,4.04,6.45,3.3,55.83,0.4994,1,20.7,9.36,0,0.0,0
SHP-04558,Hepatitis-B,Road,Delhi-Mumbai,5.81,6.43,4.86,76.81,0.0304,2,29.4,0.65,0,0.0,0
SHP-04559,Rotavirus,Road,Bengaluru-Pune,9.03,10.92,8.65,61.32,0.2848,3,7.01,12.73,1,41.81,1
SHP-04560,Rotavirus,Road,Delhi-Mumbai,3.05,5.56,2.38,50.69,0.3702,6,27.89,1.22,0,0.0,0
SHP-04561,Influenza,Rail,Chennai-Kolkata,1.86,3.24,0.95,64.06,0.1842,3,7.74,15.48,1,97.44,0
SHP-04562,COVID-19-mRNA,Air,Chennai-Kolkata,1.08,2.49,0.28,58.99,0.8589,7,63.61,8.0,1,105.14,0
SHP-04563,Rotavirus,Road,Jaipur-Hyderabad,4.5,6.78,4.38,63.38,0.0292,6,50.0,0.94,0,0.0,0
SHP-04564,COVID-19-mRNA,Road,Delhi-Mumbai,5.2,5.84,3.95,41.31,1.0041,1,69.96,0.87,0,0.0,0
SHP-04565,COVID-19-mRNA,Road,Lucknow-Ahmedabad,2.64,2.74,1.78,46.9,0.6423,3,64.87,0.44,1,98.57,0
SHP-04566,Rotavirus,Road,Lucknow-Ahmedabad,5.95,7.81,4.22,69.88,0.2955,4,45.83,1.42,0,0.0,0
SHP-04567,COVID-19-mRNA,Road,Bengaluru-Pune,5.16,6.92,5.01,71.93,1.2916,3,39.19,5.38,0,0.0,0
SHP-04568,COVID-19-mRNA,Rail,Jaipur-Hyderabad,4.11,4.96,2.25,69.15,0.6057,4,64.33,3.67,0,0.0,0
SHP-04569,COVID-19-mRNA,Road,Lucknow-Ahmedabad,1.74,2.19,1.21,77.19,1.3372,3,25.7,4.75,1,76.79,0
SHP-04570,Rotavirus,Rail,Bengaluru-Pune,2.8,3.56,-0.42,60.77,0.3199,3,20.75,0.16,1,81.5,1
SHP-04571,Hepatitis-B,Road,Delhi-Mumbai,-2.07,-1.98,-2.41,60.07,0.3016,3,33.06,0.42,1,84.88,1
SHP-04572,Hepatitis-B,Air,Jaipur-Hyderabad,4.59,4.68,4.35,45.87,0.3783,3,9.51,5.89,0,0.0,0
SHP-04573,COVID-19-mRNA,Air,Jaipur-Hyderabad,4.07,6.23,1.91,49.19,0.0338,5,25.93,9.42,1,42.47,0
SHP-04574,Influenza,Air,Chennai-Kolkata,4.47,6.82,4.04,35.12,1.1957,4,11.52,2.23,0,0.0,0
SHP-04575,Influenza,Road,Delhi-Mumbai,5.26,5.47,5.09,51.79,0.5509,4,9.48,0.91,0,0.0,0
SHP-04576,Polio,Road,Jaipur-Hyderabad,4.96,5.32,4.56,34.41,0.4806,4,42.39,1.84,0,0.0,0
SHP-04577,Polio,Road,Bengaluru-Pune,3.72,3.85,3.59,65.81,1.305,2,52.74,2.66,0,0.0,0
SHP-04578,COVID-19-mRNA,Road,Lucknow-Ahmedabad,4.12,6.54,4.05,58.88,2.5286,2,41.42,4.97,0,0.0,0
SHP-04579,Rotavirus,Air,Delhi-Mumbai,0.49,0.99,0.31,34.74,0.0892,1,10.66,2.63,1,80.7,0
SHP-04580,Hepatitis-B,Air,Delhi-Mumbai,2.54,4.94,0.45,53.1,0.6911,3,32.07,11.37,1,65.29,0
SHP-04581,Rotavirus,Road,Jaipur-Hyderabad,4.13,5.25,3.76,74.68,0.4337,7,13.32,2.56,0,0.0,0
SHP-04582,Polio,Road,Jaipur-Hyderabad,2.16,5.33,1.99,53.74,0.309,1,48.9,1.0,1,90.05,0
SHP-04583,Influenza,Air,Jaipur-Hyderabad,6.15,7.91,5.75,45.02,1.8996,5,60.54,1.43,0,0.0,0
SHP-04584,Influenza,Air,Bengaluru-Pune,2.35,2.96,1.57,37.14,0.9494,0,13.7,3.13,1,38.63,0
SHP-04585,Hepatitis-B,Sea,Chennai-Kolkata,4.54,5.38,4.36,37.44,0.5966,1,10.41,7.63,0,0.0,0
SHP-04586,Rotavirus,Rail,Jaipur-Hyderabad,4.29,5.67,4.01,60.36,0.2412,1,32.79,10.18,0,0.0,0
SHP-04587,Polio,Air,Chennai-Kolkata,5.87,6.26,3.94,50.66,0.5484,5,26.03,1.02,0,0.0,0
SHP-04588,COVID-19-mRNA,Road,Chennai-Kolkata,6.25,8.41,6.01,51.49,0.3793,7,23.21,0.02,1,63.33,0
SHP-04589,Hepatitis-B,Road,Delhi-Mumbai,5.74,6.66,5.43,50.7,0.1434,4,19.95,10.18,0,0.0,0
SHP-04590,Influenza,Rail,Lucknow-Ahmedabad,-1.27,0.33,-1.33,53.6,0.2993,3,26.92,1.3,1,47.99,0
SHP-04591,Hepatitis-B,Road,Lucknow-Ahmedabad,6.99,9.05,5.8,42.73,0.1193,2,69.71,8.62,1,72.64,0
SHP-04592,COVID-19-mRNA,Air,Bengaluru-Pune,7.82,9.62,6.38,58.16,0.347,3,62.61,4.0,1,37.42,0
SHP-04593,Hepatitis-B,Road,Bengaluru-Pune,2.79,5.65,1.94,40.77,0.6369,2,45.69,2.59,1,16.93,0
SHP-04594,Polio,Road,Lucknow-Ahmedabad,4.59,4.61,3.16,47.44,0.0187,2,58.83,0.79,0,0.0,0
SHP-04595,Polio,Road,Lucknow-Ahmedabad,1.77,2.58,0.63,65.11,0.7249,2,6.97,5.57,1,34.33,0
SHP-04596,Hepatitis-B,Road,Delhi-Mumbai,-0.87,1.17,-1.46,58.76,0.0101,2,13.36,8.52,1,92.5,0
SHP-04597,Influenza,Road,Delhi-Mumbai,2.15,4.02,1.01,61.86,0.3642,1,25.3,3.09,1,59.7,0
SHP-04598,COVID-19-mRNA,Road,Lucknow-Ahmedabad,2.65,4.03,0.81,76.5,0.426,3,48.5,2.96,1,37.54,0
SHP-04599,Polio,Air,Jaipur-Hyderabad,3.11,3.97,2.19,54.4,0.7162,3,64.31,7.04,0,0.0,0
SHP-04600,COVID-19-mRNA,Road,Jaipur-Hyderabad,1.6,2.03,1.33,55.21,0.7157,7,21.26,3.47,1,22.83,0
SHP-04601,COVID-19-mRNA,Air,Delhi-Mumbai,2.17,2.63,1.46,52.36,0.2702,3,15.19,7.7,1,93.76,0
SHP-04602,Influenza,Rail,Chennai-Kolkata,3.97,5.01,3.22,50.57,0.0343,5,61.96,0.28,0,0.0,0
SHP-04603,Rotavirus,Air,Lucknow-Ahmedabad,2.07,2.84,1.5,44.89,0.5913,4,33.0,9.75,1,99.39,0
SHP-04604,Polio,Air,Bengaluru-Pune,5.36,5.61,4.96,55.84,0.3577,5,52.17,1.52,0,0.0,0
SHP-04605,Influenza,Road,Jaipur-Hyderabad,5.7,6.11,5.1,58.55,0.2025,5,42.17,0.93,0,0.0,0
SHP-04606,Rotavirus,Rail,Chennai-Kolkata,9.95,11.88,7.42,59.11,0.1339,6,17.61,0.16,1,29.8,1
SHP-04607,Influenza,Rail,Jaipur-Hyderabad,6.81,7.95,6.77,55.64,0.0638,1,52.24,8.98,0,0.0,0
SHP-04608,COVID-19-mRNA,Road,Chennai-Kolkata,4.61,6.87,4.45,64.26,0.1749,2,33.77,0.31,0,0.0,0
SHP-04609,Rotavirus,Air,Lucknow-Ahmedabad,2.45,2.77,1.74,55.29,0.3067,3,24.99,15.44,1,89.93,0
SHP-04610,Polio,Road,Lucknow-Ahmedabad,4.73,6.13,4.49,50.91,0.3247,3,65.58,4.16,0,0.0,0
SHP-04611,Polio,Road,Lucknow-Ahmedabad,4.82,5.67,4.62,45.73,0.437,0,6.4,6.0,0,0.0,0
SHP-04612,COVID-19-mRNA,Air,Delhi-Mumbai,2.72,4.1,2.7,39.51,0.2251,1,32.72,6.46,0,0.0,0
SHP-04613,Polio,Sea,Chennai-Kolkata,5.96,6.11,5.58,69.6,1.2622,5,25.83,1.73,0,0.0,0
SHP-04614,COVID-19-mRNA,Air,Bengaluru-Pune,0.5,0.91,-1.26,48.01,0.3425,3,9.6,8.21,1,21.29,0
SHP-04615,COVID-19-mRNA,Sea,Bengaluru-Pune,3.39,3.49,2.79,45.74,0.2756,5,11.31,14.62,0,0.0,0
SHP-04616,Polio,Rail,Lucknow-Ahmedabad,5.39,5.7,5.35,50.82,0.0247,3,17.37,2.31,0,0.0,0
SHP-04617,Influenza,Road,Bengaluru-Pune,3.28,4.24,2.63,52.22,0.4569,2,39.33,9.02,0,0.0,0
SHP-04618,Rotavirus,Sea,Jaipur-Hyderabad,3.48,5.31,3.19,71.39,0.4617,6,24.65,7.39,0,0.0,0
SHP-04619,Polio,Road,Chennai-Kolkata,3.66,6.73,3.09,51.72,0.4377,5,61.3,4.45,0,0.0,0
SHP-04620,Rotavirus,Air,Chennai-Kolkata,1.91,3.81,1.39,81.33,1.0928,0,21.84,2.29,1,37.63,0
SHP-04621,Rotavirus,Road,Chennai-Kolkata,6.93,7.68,5.48,55.64,0.7196,2,53.53,2.68,0,0.0,0
SHP-04622,Influenza,Air,Jaipur-Hyderabad,1.45,2.0,1.36,75.57,1.0102,4,19.88,1.84,1,23.94,0
SHP-04623,COVID-19-mRNA,Road,Delhi-Mumbai,4.8,6.69,4.37,63.94,0.0306,0,8.81,2.78,0,0.0,0
SHP-04624,Hepatitis-B,Road,Jaipur-Hyderabad,5.03,6.92,3.17,58.61,0.1915,3,23.47,22.84,0,0.0,0
SHP-04625,Rotavirus,Road,Chennai-Kolkata,1.63,4.23,1.16,70.78,0.1919,1,61.28,2.26,1,104.95,0
SHP-04626,Hepatitis-B,Road,Chennai-Kolkata,4.18,4.76,3.73,66.22,0.5351,1,11.43,5.48,0,0.0,0
SHP-04627,Polio,Road,Chennai-Kolkata,1.73,2.17,0.37,61.35,0.2977,1,28.74,1.93,1,80.91,0
SHP-04628,Hepatitis-B,Rail,Bengaluru-Pune,7.48,10.07,6.26,78.18,0.7514,2,6.53,3.14,1,119.15,1
SHP-04629,Hepatitis-B,Air,Delhi-Mumbai,1.15,1.69,-0.14,50.02,0.2426,6,47.6,0.44,1,66.91,1
SHP-04630,Hepatitis-B,Road,Jaipur-Hyderabad,2.37,2.97,0.49,45.05,0.1253,4,68.22,7.2,1,105.76,0
SHP-04631,COVID-19-mRNA,Air,Chennai-Kolkata,0.94,2.15,0.65,48.24,0.1719,1,31.37,5.41,1,65.07,0
SHP-04632,Polio,Road,Lucknow-Ahmedabad,0.61,1.11,0.02,72.52,0.1007,3,44.08,2.13,1,15.27,0
SHP-04633,Influenza,Air,Delhi-Mumbai,7.98,11.64,7.02,69.51,0.1103,3,35.85,3.72,1,112.81,1
SHP-04634,Rotavirus,Road,Lucknow-Ahmedabad,5.36,6.24,4.5,49.75,0.1222,6,70.24,10.29,0,0.0,0
SHP-04635,COVID-19-mRNA,Road,Delhi-Mumbai,4.35,5.41,3.74,31.45,0.0081,0,54.58,0.23,0,0.0,0
SHP-04636,Rotavirus,Air,Chennai-Kolkata,2.36,3.19,1.04,52.94,0.6295,3,8.92,13.31,1,36.18,0
SHP-04637,Polio,Sea,Delhi-Mumbai,6.27,6.51,6.24,44.87,0.2551,1,13.18,3.18,0,0.0,0
SHP-04638,Hepatitis-B,Air,Delhi-Mumbai,1.94,2.9,0.49,50.06,0.0115,3,37.05,9.82,1,32.05,0
SHP-04639,Influenza,Road,Chennai-Kolkata,5.98,9.81,3.67,44.46,0.231,2,47.7,9.88,1,25.41,0
SHP-04640,Influenza,Air,Lucknow-Ahmedabad,1.82,3.08,0.68,38.9,1.1789,6,25.17,0.3,1,58.26,0
SHP-04641,Rotavirus,Road,Lucknow-Ahmedabad,2.39,3.22,1.8,73.83,0.3579,3,50.53,7.61,1,64.63,0
SHP-04642,Polio,Road,Bengaluru-Pune,5.9,6.36,4.59,48.16,2.162,2,44.05,6.6,0,0.0,0
SHP-04643,Rotavirus,Road,Lucknow-Ahmedabad,6.16,7.43,5.74,69.13,0.3882,4,34.72,0.22,0,0.0,0
SHP-04644,COVID-19-mRNA,Air,Lucknow-Ahmedabad,5.49,8.2,5.02,52.79,1.6457,6,44.43,14.11,1,46.11,1
SHP-04645,Influenza,Road,Delhi-Mumbai,1.38,2.47,0.14,43.69,0.1127,2,66.49,5.03,1,52.34,0
SHP-04646,Influenza,Road,Bengaluru-Pune,2.88,3.84,1.92,60.09,0.1712,2,22.05,0.92,1,73.43,0
SHP-04647,Hepatitis-B,Rail,Chennai-Kolkata,4.39,5.5,3.49,51.09,0.6019,2,58.22,0.66,0,0.0,0
SHP-04648,COVID-19-mRNA,Road,Chennai-Kolkata,1.88,3.36,1.87,52.93,2.1646,3,6.79,4.13,1,104.83,0
SHP-04649,Rotavirus,Road,Jaipur-Hyderabad,7.43,9.17,7.24,56.45,0.8723,5,11.6,0.3,1,61.97,0
SHP-04650,COVID-19-mRNA,Air,Bengaluru-Pune,-2.0,-0.45,-2.15,46.88,0.4034,4,68.68,0.9,1,108.29,0
SHP-04651,COVID-19-mRNA,Road,Delhi-Mumbai,2.05,5.11,2.01,38.79,0.0445,0,52.05,14.83,0,0.0,0
SHP-04652,Influenza,Air,Jaipur-Hyderabad,2.73,4.63,1.68,54.49,0.2266,1,47.8,6.83,1,105.44,0
SHP-04653,Polio,Air,Jaipur-Hyderabad,-3.11,-1.92,-3.4,64.64,0.0452,5,28.05,4.75,1,43.47,1
SHP-04654,Influenza,Air,Chennai-Kolkata,0.51,0.72,-0.77,45.98,0.1865,1,18.17,1.17,1,96.82,0
SHP-04655,Polio,Road,Lucknow-Ahmedabad,5.56,6.1,5.4,56.54,0.1497,3,31.07,1.23,0,0.0,0
SHP-04656,COVID-19-mRNA,Road,Delhi-Mumbai,4.08,7.12,3.89,70.06,0.246,4,45.49,2.95,0,0.0,0
SHP-04657,Influenza,Sea,Bengaluru-Pune,7.93,9.59,7.85,54.1,0.9079,1,47.87,7.01,1,35.44,0
SHP-04658,Hepatitis-B,Air,Jaipur-Hyderabad,7.86,8.15,6.74,55.86,0.0815,2,17.19,0.02,1,87.16,0
SHP-04659,COVID-19-mRNA,Road,Delhi-Mumbai,5.08,6.4,4.19,55.55,0.1827,4,35.4,0.23,0,0.0,0
SHP-04660,Influenza,Rail,Chennai-Kolkata,4.78,6.63,3.33,48.18,0.1513,5,43.41,10.21,0,0.0,0
SHP-04661,Hepatitis-B,Road,Jaipur-Hyderabad,4.16,4.54,3.74,45.07,0.1756,2,69.36,8.41,0,0.0,0
SHP-04662,Hepatitis-B,Road,Jaipur-Hyderabad,-2.64,-1.23,-2.67,45.11,0.2236,4,42.26,5.93,1,84.29,0
SHP-04663,Polio,Road,Chennai-Kolkata,0.51,3.05,-0.7,58.68,0.1401,1,44.32,3.46,1,31.62,1
SHP-04664,Influenza,Air,Chennai-Kolkata,4.25,5.43,3.07,62.58,1.4287,2,56.5,0.78,0,0.0,0
SHP-04665,Influenza,Road,Chennai-Kolkata,5.54,6.9,5.02,63.05,0.2725,3,33.65,0.54,0,0.0,0
SHP-04666,Influenza,Road,Delhi-Mumbai,4.72,5.41,4.29,51.21,0.0606,3,31.34,11.79,0,0.0,0
SHP-04667,COVID-19-mRNA,Air,Delhi-Mumbai,1.77,2.04,0.83,65.93,0.3152,1,45.0,2.41,1,28.42,0
SHP-04668,Influenza,Air,Delhi-Mumbai,6.34,8.24,5.88,58.07,0.1019,3,57.7,5.95,1,42.88,0
SHP-04669,Hepatitis-B,Road,Lucknow-Ahmedabad,7.71,9.45,7.42,55.71,0.1218,2,48.08,3.05,1,111.25,0
SHP-04670,Hepatitis-B,Rail,Jaipur-Hyderabad,6.34,7.8,6.17,21.61,0.1678,3,18.28,6.56,0,0.0,0
SHP-04671,Polio,Road,Delhi-Mumbai,6.47,6.82,5.61,46.83,0.0666,6,32.25,1.07,0,0.0,0
SHP-04672,Rotavirus,Road,Lucknow-Ahmedabad,2.6,4.22,2.03,39.79,0.6385,4,39.83,3.31,0,0.0,0
SHP-04673,Influenza,Road,Jaipur-Hyderabad,6.69,8.28,6.42,61.27,0.785,4,40.57,2.36,1,87.26,0
SHP-04674,COVID-19-mRNA,Air,Delhi-Mumbai,4.36,6.84,4.23,55.95,0.2507,5,28.41,1.41,0,0.0,0
SHP-04675,Polio,Road,Chennai-Kolkata,5.28,6.32,4.66,44.28,0.584,2,40.48,4.55,0,0.0,0
SHP-04676,Rotavirus,Road,Bengaluru-Pune,4.91,5.99,4.41,58.04,0.2463,3,50.42,3.85,0,0.0,0
SHP-04677,COVID-19-mRNA,Sea,Delhi-Mumbai,3.7,7.49,3.49,40.77,0.0896,1,36.89,3.42,0,0.0,0
SHP-04678,Rotavirus,Air,Bengaluru-Pune,1.85,2.7,0.38,44.56,0.2531,2,35.79,4.47,1,22.54,0
SHP-04679,Hepatitis-B,Road,Delhi-Mumbai,3.79,4.16,1.99,47.9,0.4071,4,58.9,0.77,1,47.87,0
SHP-04680,Hepatitis-B,Road,Chennai-Kolkata,6.47,6.64,5.68,60.4,0.0209,4,55.95,2.31,0,0.0,0
SHP-04681,COVID-19-mRNA,Road,Bengaluru-Pune,2.9,4.92,1.68,68.99,0.5314,6,33.88,1.96,1,98.41,0
SHP-04682,COVID-19-mRNA,Air,Lucknow-Ahmedabad,6.23,6.37,5.95,49.14,0.6786,4,71.74,7.33,0,0.0,0
SHP-04683,Rotavirus,Road,Chennai-Kolkata,5.84,6.49,5.79,68.22,0.983,4,10.39,0.18,0,0.0,0
SHP-04684,COVID-19-mRNA,Rail,Bengaluru-Pune,3.25,4.11,2.88,55.47,0.0542,2,27.52,1.66,0,0.0,0
SHP-04685,Influenza,Road,Bengaluru-Pune,7.47,9.06,5.52,57.36,0.0,2,8.43,12.52,1,25.32,0
SHP-04686,Polio,Road,Chennai-Kolkata,3.11,3.56,2.93,54.36,0.038,2,61.4,1.79,0,0.0,0
SHP-04687,COVID-19-mRNA,Road,Chennai-Kolkata,7.77,8.81,7.02,53.03,1.2893,3,55.87,0.82,1,37.14,0
SHP-04688,COVID-19-mRNA,Road,Chennai-Kolkata,5.09,5.3,4.8,59.39,0.7253,7,51.12,7.08,0,0.0,0
SHP-04689,Hepatitis-B,Road,Jaipur-Hyderabad,3.96,4.08,3.73,62.4,0.9022,3,20.16,0.25,0,0.0,0
SHP-04690,Rotavirus,Rail,Lucknow-Ahmedabad,1.78,1.95,1.76,46.15,0.3639,3,52.71,2.78,1,106.5,0
SHP-04691,Polio,Sea,Delhi-Mumbai,3.78,4.91,2.32,53.11,0.374,4,29.45,9.67,0,0.0,0
SHP-04692,Polio,Road,Bengaluru-Pune,3.49,4.34,2.4,71.69,0.1773,2,63.33,15.41,0,0.0,0
SHP-04693,Polio,Road,Delhi-Mumbai,0.85,2.92,-1.1,56.77,0.925,1,19.17,1.43,1,73.13,1
SHP-04694,Hepatitis-B,Rail,Chennai-Kolkata,3.46,6.47,3.23,57.87,0.8853,2,20.38,1.76,0,0.0,0
SHP-04695,Polio,Road,Lucknow-Ahmedabad,1.99,4.38,1.11,66.67,0.2489,6,69.4,4.19,1,113.17,0
SHP-04696,Rotavirus,Road,Lucknow-Ahmedabad,5.46,7.45,5.02,49.99,0.1997,1,40.12,1.28,0,0.0,0
SHP-04697,Hepatitis-B,Air,Jaipur-Hyderabad,7.27,9.4,6.08,54.66,0.6704,1,35.46,0.82,1,68.68,0
SHP-04698,Hepatitis-B,Road,Chennai-Kolkata,0.93,2.72,0.17,63.17,0.0133,0,29.22,2.78,1,21.44,0
SHP-04699,COVID-19-mRNA,Road,Bengaluru-Pune,8.28,8.48,7.69,67.39,0.9829,3,60.86,0.37,1,100.85,0
SHP-04700,Rotavirus,Rail,Jaipur-Hyderabad,3.68,7.89,0.62,31.35,0.2955,1,29.28,11.23,1,48.39,0
SHP-04701,COVID-19-mRNA,Rail,Chennai-Kolkata,1.56,2.45,-0.9,47.63,0.2911,4,29.51,2.03,1,109.06,0
SHP-04702,COVID-19-mRNA,Air,Jaipur-Hyderabad,5.89,8.01,5.32,45.02,0.5529,2,14.14,2.05,1,28.53,0
SHP-04703,Hepatitis-B,Road,Delhi-Mumbai,2.88,4.36,2.31,53.76,0.5189,2,40.37,7.84,0,0.0,0
SHP-04704,Hepatitis-B,Rail,Chennai-Kolkata,3.8,4.56,2.12,45.77,0.1546,2,66.97,2.09,0,0.0,0
SHP-04705,Polio,Road,Bengaluru-Pune,2.99,3.64,1.78,61.64,1.4348,5,69.2,7.15,1,18.61,0
SHP-04706,Polio,Air,Bengaluru-Pune,1.96,2.81,0.82,56.72,2.1463,3,71.7,1.0,1,16.8,0
SHP-04707,Influenza,Air,Chennai-Kolkata,5.81,7.21,5.22,63.89,0.3733,5,37.22,3.76,0,0.0,0
SHP-04708,COVID-19-mRNA,Road,Jaipur-Hyderabad,3.28,4.08,1.96,64.53,0.4121,4,57.15,7.32,1,38.31,0
SHP-04709,Influenza,Road,Lucknow-Ahmedabad,0.41,0.76,-1.3,61.79,0.4041,1,42.47,2.99,1,80.27,0
SHP-04710,Hepatitis-B,Road,Chennai-Kolkata,5.38,6.23,4.45,51.64,0.3326,3,42.17,0.37,0,0.0,0
SHP-04711,Polio,Air,Bengaluru-Pune,0.99,2.98,0.07,56.04,1.4519,0,59.21,6.68,1,25.48,0
SHP-04712,Polio,Rail,Delhi-Mumbai,1.12,1.45,0.75,50.39,0.1404,2,61.13,3.41,1,52.44,0
SHP-04713,COVID-19-mRNA,Road,Bengaluru-Pune,6.98,7.43,6.38,41.35,0.0571,4,7.31,1.9,0,0.0,0
SHP-04714,Influenza,Air,Lucknow-Ahmedabad,1.01,2.9,-0.22,64.54,1.3264,2,68.22,24.67,1,56.38,1
SHP-04715,Hepatitis-B,Road,Bengaluru-Pune,-1.79,-0.82,-1.9,54.16,0.1198,2,60.32,10.44,1,30.06,0
SHP-04716,Polio,Road,Lucknow-Ahmedabad,5.56,6.28,4.63,39.97,0.6915,5,53.59,0.19,0,0.0,0
SHP-04717,Hepatitis-B,Air,Chennai-Kolkata,3.24,4.28,1.85,60.37,0.114,3,62.23,4.5,1,44.87,0
SHP-04718,Rotavirus,Road,Bengaluru-Pune,3.46,4.61,3.04,52.76,1.6118,2,41.46,2.19,0,0.0,0
SHP-04719,Polio,Air,Jaipur-Hyderabad,3.21,6.19,2.06,34.4,0.783,0,57.04,0.19,0,0.0,0
SHP-04720,Rotavirus,Road,Jaipur-Hyderabad,4.58,5.28,4.2,41.26,1.2549,4,45.51,0.06,0,0.0,0
SHP-04721,Polio,Rail,Bengaluru-Pune,2.12,3.11,1.91,47.99,1.5078,2,41.83,4.38,1,78.84,0
SHP-04722,COVID-19-mRNA,Road,Bengaluru-Pune,7.69,9.03,6.55,57.11,0.0441,7,19.97,1.93,1,101.58,0
SHP-04723,COVID-19-mRNA,Road,Delhi-Mumbai,0.31,2.2,0.3,62.88,0.284,4,61.93,6.08,1,110.9,0
SHP-04724,Polio,Road,Bengaluru-Pune,5.11,5.53,4.35,62.54,0.5222,3,64.34,3.03,0,0.0,0
SHP-04725,COVID-19-mRNA,Air,Delhi-Mumbai,5.61,7.97,4.81,61.03,0.8109,2,70.1,7.27,0,0.0,0
SHP-04726,COVID-19-mRNA,Sea,Delhi-Mumbai,2.1,2.86,1.56,54.66,0.1382,1,13.95,8.38,1,60.02,0
SHP-04727,Rotavirus,Rail,Delhi-Mumbai,1.44,3.08,0.82,72.22,1.2302,3,25.24,5.35,1,63.92,0
SHP-04728,Influenza,Air,Delhi-Mumbai,6.54,7.52,5.89,62.0,0.1249,5,51.24,2.71,0,0.0,0
SHP-04729,Influenza,Air,Chennai-Kolkata,1.52,1.78,0.73,57.22,1.0056,1,62.45,22.32,1,83.72,0
SHP-04730,COVID-19-mRNA,Air,Jaipur-Hyderabad,2.48,5.66,1.67,60.67,0.3595,6,55.59,1.83,1,83.69,0
SHP-04731,COVID-19-mRNA,Air,Delhi-Mumbai,6.22,7.21,6.05,51.01,0.3622,1,36.07,3.61,0,0.0,0
SHP-04732,COVID-19-mRNA,Road,Jaipur-Hyderabad,4.09,7.28,3.66,54.43,0.2342,0,53.91,3.67,0,0.0,0
SHP-04733,Influenza,Road,Delhi-Mumbai,-0.49,3.41,-1.66,34.18,0.0546,6,10.76,2.8,1,107.09,1
SHP-04734,Rotavirus,Rail,Jaipur-Hyderabad,8.37,10.22,8.01,51.13,0.2132,4,49.73,0.65,1,88.02,1
SHP-04735,Polio,Road,Bengaluru-Pune,2.67,6.95,1.93,72.6,0.2782,2,6.53,2.18,1,112.18,0
SHP-04736,COVID-19-mRNA,Road,Bengaluru-Pune,2.99,3.11,2.86,56.48,0.326,5,9.14,1.21,0,0.0,0
SHP-04737,Hepatitis-B,Road,Jaipur-Hyderabad,4.64,6.13,3.59,56.07,0.6718,3,55.98,11.51,0,0.0,0
SHP-04738,Polio,Air,Delhi-Mumbai,5.56,5.72,3.95,64.99,0.217,3,37.52,5.33,0,0.0,0
SHP-04739,Polio,Road,Chennai-Kolkata,8.9,10.99,8.78,58.58,0.2609,2,9.93,1.7,1,82.14,1
SHP-04740,Hepatitis-B,Road,Jaipur-Hyderabad,-0.15,1.1,-0.86,47.14,1.1828,1,37.8,4.17,1,29.75,1
SHP-04741,Influenza,Air,Lucknow-Ahmedabad,6.06,8.62,4.67,55.24,0.6983,3,10.14,9.59,1,19.13,0
SHP-04742,COVID-19-mRNA,Air,Chennai-Kolkata,5.86,7.6,4.57,43.65,0.0116,4,28.84,13.62,0,0.0,0
SHP-04743,COVID-19-mRNA,Rail,Lucknow-Ahmedabad,3.66,4.26,3.28,56.84,0.8359,4,16.39,0.39,0,0.0,0
SHP-04744,Rotavirus,Road,Jaipur-Hyderabad,5.97,6.07,4.04,46.62,2.2998,6,20.48,7.73,0,0.0,0
SHP-04745,COVID-19-mRNA,Road,Delhi-Mumbai,6.34,7.64,5.75,64.28,1.4048,1,18.91,16.95,0,0.0,0
SHP-04746,COVID-19-mRNA,Road,Lucknow-Ahmedabad,0.55,0.89,-0.9,49.9,0.9038,2,30.54,3.15,1,21.67,1
SHP-04747,COVID-19-mRNA,Rail,Jaipur-Hyderabad,8.37,8.47,8.24,46.75,0.496,2,13.12,27.06,1,14.09,0
SHP-04748,COVID-19-mRNA,Road,Chennai-Kolkata,0.1,0.23,-1.08,53.87,0.163,6,40.83,15.74,1,99.13,1
SHP-04749,Polio,Air,Delhi-Mumbai,1.16,3.18,0.69,58.65,0.5313,3,32.87,5.35,1,40.75,0
SHP-04750,Influenza,Sea,Lucknow-Ahmedabad,3.35,3.84,2.06,42.93,0.5947,4,61.43,9.41,0,0.0,0
SHP-04751,Polio,Road,Jaipur-Hyderabad,8.81,10.21,7.96,49.79,0.1653,3,60.51,1.76,1,25.61,1
SHP-04752,Polio,Air,Delhi-Mumbai,3.23,4.53,2.34,56.05,0.1474,3,60.4,12.47,0,0.0,0
SHP-04753,Hepatitis-B,Road,Delhi-Mumbai,3.92,4.9,2.02,68.38,0.2529,5,37.0,4.48,0,0.0,0
SHP-04754,Hepatitis-B,Rail,Bengaluru-Pune,7.58,9.68,6.07,29.71,0.5124,2,25.19,3.56,1,10.27,0
SHP-04755,Rotavirus,Air,Delhi-Mumbai,3.25,3.55,3.04,61.15,0.1734,4,33.42,9.03,0,0.0,0
SHP-04756,Rotavirus,Road,Jaipur-Hyderabad,1.05,3.05,0.37,51.16,0.4056,3,51.37,11.01,1,62.91,0
SHP-04757,COVID-19-mRNA,Air,Chennai-Kolkata,2.96,3.4,2.74,50.05,1.1475,4,40.97,6.04,0,0.0,0
SHP-04758,Influenza,Sea,Bengaluru-Pune,7.43,7.54,6.59,48.19,0.1748,2,47.2,0.13,0,0.0,0
SHP-04759,Polio,Air,Jaipur-Hyderabad,4.18,4.23,1.51,51.36,1.6903,3,51.79,4.55,1,74.7,0
SHP-04760,Rotavirus,Road,Jaipur-Hyderabad,8.83,10.37,5.87,61.21,0.3206,0,66.61,8.62,1,95.8,1
SHP-04761,Polio,Sea,Jaipur-Hyderabad,5.84,7.13,5.66,49.63,0.0532,5,68.3,3.94,0,0.0,0
SHP-04762,Rotavirus,Air,Lucknow-Ahmedabad,2.39,2.68,1.8,71.59,0.0283,3,61.47,13.66,1,55.48,0
SHP-04763,Influenza,Sea,Lucknow-Ahmedabad,4.13,4.53,2.19,61.24,0.2068,3,10.29,11.38,0,0.0,0
SHP-04764,COVID-19-mRNA,Sea,Chennai-Kolkata,1.87,3.29,0.37,56.98,0.1497,2,70.64,3.77,1,108.11,0
SHP-04765,Hepatitis-B,Rail,Jaipur-Hyderabad,2.33,2.47,0.67,53.34,0.928,1,52.44,2.59,1,38.89,0
SHP-04766,Rotavirus,Air,Lucknow-Ahmedabad,15.2,17.23,13.7,66.9,0.669,6,51.76,0.28,1,113.87,1
SHP-04767,Rotavirus,Road,Lucknow-Ahmedabad,6.55,8.95,5.79,68.36,1.0794,2,7.52,5.01,1,101.12,0
SHP-04768,COVID-19-mRNA,Rail,Lucknow-Ahmedabad,6.15,7.35,5.04,43.39,0.4449,5,37.64,1.55,0,0.0,0
SHP-04769,Influenza,Sea,Chennai-Kolkata,2.44,4.28,0.93,47.98,0.2859,5,47.35,5.52,1,62.87,0
SHP-04770,Polio,Air,Chennai-Kolkata,7.92,9.41,7.47,61.35,0.1577,1,24.38,8.02,1,81.39,0
SHP-04771,COVID-19-mRNA,Rail,Jaipur-Hyderabad,6.75,8.47,6.09,64.37,0.4375,7,11.49,2.63,1,75.24,0
SHP-04772,Polio,Road,Bengaluru-Pune,8.7,9.48,8.26,52.0,0.4812,4,41.14,0.08,1,84.72,0
SHP-04773,COVID-19-mRNA,Air,Jaipur-Hyderabad,8.58,10.59,7.08,47.58,0.2496,3,35.46,10.02,1,56.89,1
SHP-04774,Influenza,Road,Lucknow-Ahmedabad,0.3,0.74,-0.9,55.79,1.3791,6,8.91,3.98,1,109.52,1
SHP-04775,Polio,Rail,Lucknow-Ahmedabad,1.23,2.38,0.72,69.77,0.5108,5,40.28,1.89,1,39.74,0
SHP-04776,Influenza,Road,Delhi-Mumbai,1.49,3.61,0.85,55.41,0.9085,3,13.11,5.02,1,20.35,0
SHP-04777,COVID-19-mRNA,Road,Jaipur-Hyderabad,1.64,2.02,0.26,42.36,0.4843,2,34.02,5.61,1,117.58,0
SHP-04778,Polio,Sea,Lucknow-Ahmedabad,4.81,5.78,4.63,56.1,0.1903,1,23.85,0.8,0,0.0,0
SHP-04779,COVID-19-mRNA,Road,Lucknow-Ahmedabad,2.58,3.06,2.41,62.83,0.6671,3,70.05,5.2,0,0.0,0
SHP-04780,COVID-19-mRNA,Road,Bengaluru-Pune,9.18,10.79,8.39,53.99,0.1308,1,8.29,1.69,1,99.93,1
SHP-04781,COVID-19-mRNA,Road,Delhi-Mumbai,8.76,9.02,8.09,67.58,0.4539,2,42.96,8.14,1,56.36,0
SHP-04782,COVID-19-mRNA,Road,Jaipur-Hyderabad,3.98,4.0,2.97,63.66,0.2574,2,16.03,14.19,0,0.0,0
SHP-04783,Hepatitis-B,Road,Chennai-Kolkata,8.89,8.93,7.44,54.38,0.0812,2,27.07,0.54,1,114.41,0
SHP-04784,COVID-19-mRNA,Sea,Jaipur-Hyderabad,7.72,7.85,6.56,55.43,0.2666,2,18.14,12.47,0,0.0,0
SHP-04785,Polio,Road,Jaipur-Hyderabad,2.87,4.13,1.78,36.58,0.1857,0,71.68,11.69,1,18.63,0
SHP-04786,Polio,Rail,Bengaluru-Pune,-1.02,0.07,-1.57,67.1,0.0595,3,8.14,2.1,1,43.86,0
SHP-04787,Rotavirus,Air,Jaipur-Hyderabad,3.46,4.58,3.29,51.7,0.8681,7,41.73,0.15,0,0.0,0
SHP-04788,Rotavirus,Air,Bengaluru-Pune,2.39,4.82,2.16,51.0,0.3452,1,46.13,5.44,0,0.0,0
SHP-04789,Polio,Road,Bengaluru-Pune,4.52,5.03,4.32,49.5,0.2126,8,56.96,2.11,0,0.0,0
SHP-04790,Polio,Air,Lucknow-Ahmedabad,4.22,5.57,3.55,59.57,0.3516,3,47.31,1.06,0,0.0,0
SHP-04791,COVID-19-mRNA,Road,Chennai-Kolkata,4.16,5.35,3.77,43.71,0.7024,5,21.27,0.57,0,0.0,0
SHP-04792,Rotavirus,Road,Bengaluru-Pune,5.31,5.7,4.53,45.16,0.0092,0,45.47,1.09,0,0.0,0
SHP-04793,COVID-19-mRNA,Air,Delhi-Mumbai,0.97,2.19,0.5,54.47,0.3957,7,70.35,1.36,1,80.02,0
SHP-04794,COVID-19-mRNA,Road,Delhi-Mumbai,5.03,6.14,3.76,48.73,0.3261,4,62.0,7.94,0,0.0,0
SHP-04795,COVID-19-mRNA,Road,Chennai-Kolkata,2.9,3.86,2.63,58.35,1.1178,4,35.93,7.66,0,0.0,0
SHP-04796,Polio,Road,Bengaluru-Pune,4.5,4.83,3.94,49.1,0.4059,3,37.51,3.41,0,0.0,0
SHP-04797,COVID-19-mRNA,Sea,Chennai-Kolkata,6.39,9.01,5.28,70.95,0.0739,2,14.77,4.03,1,100.81,0
SHP-04798,Influenza,Road,Lucknow-Ahmedabad,0.94,0.98,0.65,61.93,0.2461,3,43.62,12.49,1,88.15,0
SHP-04799,COVID-19-mRNA,Road,Delhi-Mumbai,3.3,3.68,3.11,61.81,0.4852,1,24.5,11.93,0,0.0,0
SHP-04800,Hepatitis-B,Sea,Jaipur-Hyderabad,3.7,4.3,3.45,48.95,0.0235,2,13.14,8.82,0,0.0,0
SHP-04801,COVID-19-mRNA,Rail,Delhi-Mumbai,2.71,5.06,1.66,79.06,1.0799,5,37.3,2.34,1,101.71,0
SHP-04802,COVID-19-mRNA,Air,Bengaluru-Pune,6.25,7.24,4.94,50.61,0.0351,2,8.97,2.28,0,0.0,0
SHP-04803,Rotavirus,Air,Chennai-Kolkata,2.2,2.36,1.86,47.86,0.0155,2,13.93,10.94,1,88.51,0
SHP-04804,COVID-19-mRNA,Road,Delhi-Mumbai,2.61,3.38,2.09,62.07,0.001,5,20.46,13.05,0,0.0,0
SHP-04805,Influenza,Road,Jaipur-Hyderabad,2.23,4.99,2.13,56.95,0.5756,0,71.38,8.01,0,0.0,0
SHP-04806,Hepatitis-B,Rail,Jaipur-Hyderabad,6.73,7.32,5.96,46.82,0.3043,3,59.36,7.08,0,0.0,0
SHP-04807,COVID-19-mRNA,Road,Chennai-Kolkata,2.77,6.28,2.28,76.96,0.0542,1,41.76,4.08,0,0.0,0
SHP-04808,Rotavirus,Road,Chennai-Kolkata,5.15,5.87,5.1,64.76,0.9697,2,21.35,2.06,0,0.0,0
SHP-04809,COVID-19-mRNA,Sea,Delhi-Mumbai,8.94,9.19,6.79,55.04,0.1133,2,40.25,1.38,1,18.06,0
SHP-04810,Rotavirus,Road,Bengaluru-Pune,3.81,4.91,3.27,79.01,0.1975,2,48.83,0.76,0,0.0,0
SHP-04811,COVID-19-mRNA,Air,Lucknow-Ahmedabad,6.78,7.38,5.33,63.11,0.0978,2,6.3,6.51,0,0.0,0
SHP-04812,Rotavirus,Rail,Jaipur-Hyderabad,8.18,9.36,6.82,54.88,1.307,2,71.2,7.5,1,83.47,0
SHP-04813,COVID-19-mRNA,Road,Chennai-Kolkata,6.57,7.99,5.75,77.81,0.7095,1,47.37,2.22,0,0.0,0
SHP-04814,Hepatitis-B,Rail,Lucknow-Ahmedabad,3.96,4.41,2.52,61.59,0.6436,4,71.22,0.03,0,0.0,0
SHP-04815,Influenza,Sea,Lucknow-Ahmedabad,5.61,7.82,3.7,61.15,0.0225,3,36.96,13.95,0,0.0,0
SHP-04816,Rotavirus,Road,Lucknow-Ahmedabad,0.78,1.86,0.64,51.14,0.3698,1,47.15,2.87,1,77.22,0
SHP-04817,Rotavirus,Road,Bengaluru-Pune,2.05,2.15,1.33,55.49,0.4284,3,36.46,18.36,1,78.06,0
SHP-04818,Influenza,Road,Chennai-Kolkata,2.49,6.42,2.24,50.89,0.2411,0,6.63,5.66,0,0.0,0
SHP-04819,Rotavirus,Road,Jaipur-Hyderabad,9.6,11.82,9.22,69.4,0.1941,1,62.09,0.66,1,88.8,1
SHP-04820,COVID-19-mRNA,Road,Chennai-Kolkata,1.97,2.2,1.83,38.91,0.9551,2,35.63,1.98,1,96.17,0
SHP-04821,COVID-19-mRNA,Road,Delhi-Mumbai,1.93,3.77,0.84,68.66,0.0116,2,37.08,5.35,1,44.47,0
SHP-04822,COVID-19-mRNA,Rail,Jaipur-Hyderabad,1.39,3.43,-0.98,46.23,0.4909,2,29.76,5.24,1,39.74,1
SHP-04823,Polio,Road,Chennai-Kolkata,5.4,5.51,4.9,54.42,0.2506,3,34.56,1.32,0,0.0,0
SHP-04824,Polio,Air,Jaipur-Hyderabad,4.36,4.92,3.92,52.05,0.5482,1,53.89,0.97,0,0.0,0
SHP-04825,Hepatitis-B,Road,Delhi-Mumbai,6.72,8.15,6.07,49.8,0.1103,2,52.24,1.62,1,86.84,0
SHP-04826,COVID-19-mRNA,Rail,Jaipur-Hyderabad,5.68,7.5,3.4,61.9,0.1363,6,59.35,7.73,0,0.0,0
SHP-04827,Hepatitis-B,Road,Lucknow-Ahmedabad,0.55,1.19,-0.38,54.95,0.442,4,70.33,1.38,1,25.52,0
SHP-04828,COVID-19-mRNA,Road,Bengaluru-Pune,1.98,2.96,0.53,48.32,1.9545,4,31.82,6.05,1,103.13,0
SHP-04829,Polio,Rail,Delhi-Mumbai,7.41,7.75,6.32,56.54,1.8382,3,28.37,10.2,0,0.0,0
SHP-04830,Hepatitis-B,Road,Jaipur-Hyderabad,3.49,3.6,2.88,48.04,0.1432,3,38.57,2.48,0,0.0,0
SHP-04831,Influenza,Road,Delhi-Mumbai,6.97,7.35,6.45,49.62,0.054,3,16.19,0.04,0,0.0,0
SHP-04832,Influenza,Rail,Lucknow-Ahmedabad,3.63,4.34,2.56,40.03,0.4462,4,56.03,0.77,0,0.0,0
SHP-04833,Hepatitis-B,Air,Bengaluru-Pune,1.58,1.65,1.49,50.5,0.2723,2,44.36,1.87,1,24.32,0
SHP-04834,COVID-19-mRNA,Sea,Delhi-Mumbai,3.24,3.44,2.53,59.94,0.7171,5,19.95,1.05,0,0.0,0
SHP-04835,Hepatitis-B,Air,Lucknow-Ahmedabad,1.58,2.11,0.59,55.37,0.3754,3,63.03,1.71,1,79.54,0
SHP-04836,COVID-19-mRNA,Air,Lucknow-Ahmedabad,2.59,2.7,2.28,73.15,0.3573,3,46.86,3.93,0,0.0,0
SHP-04837,Polio,Rail,Lucknow-Ahmedabad,4.5,4.84,3.93,81.13,0.5199,6,8.25,0.11,0,0.0,0
SHP-04838,Polio,Air,Jaipur-Hyderabad,5.28,6.76,4.43,50.36,0.0676,2,18.97,0.33,0,0.0,0
SHP-04839,COVID-19-mRNA,Road,Chennai-Kolkata,0.02,0.55,0.02,46.67,0.5653,4,64.81,9.68,1,119.92,0
SHP-04840,COVID-19-mRNA,Rail,Delhi-Mumbai,3.96,5.54,3.94,66.3,0.3352,3,31.15,3.69,0,0.0,0
SHP-04841,Rotavirus,Rail,Chennai-Kolkata,2.53,2.59,1.07,58.35,0.8578,0,70.97,13.71,1,51.67,0
SHP-04842,Rotavirus,Sea,Lucknow-Ahmedabad,2.38,3.27,2.31,66.36,0.0747,3,40.96,0.02,0,0.0,0
SHP-04843,Polio,Road,Chennai-Kolkata,4.33,5.49,4.01,58.99,0.1789,4,19.72,0.0,0,0.0,0
SHP-04844,COVID-19-mRNA,Road,Lucknow-Ahmedabad,2.62,3.63,1.29,53.06,1.5003,2,45.2,6.73,1,62.11,0
SHP-04845,COVID-19-mRNA,Air,Lucknow-Ahmedabad,7.46,8.84,6.7,53.11,0.4027,2,12.76,3.23,1,46.64,0
SHP-04846,Polio,Road,Bengaluru-Pune,6.97,6.97,4.69,59.33,1.3247,4,59.3,12.26,0,0.0,0
SHP-04847,Rotavirus,Rail,Bengaluru-Pune,6.95,7.91,6.4,52.89,0.584,4,47.44,7.72,0,0.0,0
SHP-04848,COVID-19-mRNA,Road,Chennai-Kolkata,2.76,3.03,1.24,67.2,1.3048,1,69.62,3.51,1,41.48,0
SHP-04849,Influenza,Road,Delhi-Mumbai,1.59,2.69,0.75,41.98,0.1912,4,51.55,3.26,1,81.71,0
SHP-04850,COVID-19-mRNA,Road,Chennai-Kolkata,4.21,5.84,2.78,67.14,0.0474,4,9.24,8.33,0,0.0,0
SHP-04851,Rotavirus,Road,Delhi-Mumbai,3.62,4.91,2.38,36.27,0.8104,2,37.44,8.14,0,0.0,0
SHP-04852,Polio,Sea,Chennai-Kolkata,2.48,3.83,2.46,56.45,0.816,1,41.07,1.62,0,0.0,0
SHP-04853,Influenza,Air,Jaipur-Hyderabad,1.06,1.37,0.91,51.69,0.4823,5,66.51,5.61,1,27.66,0
SHP-04854,Polio,Road,Jaipur-Hyderabad,3.9,5.05,2.73,39.84,0.4332,3,34.54,5.15,0,0.0,0
SHP-04855,Hepatitis-B,Rail,Delhi-Mumbai,2.99,7.44,1.67,34.4,1.232,5,45.17,9.69,1,84.33,0
SHP-04856,COVID-19-mRNA,Road,Bengaluru-Pune,5.72,7.71,4.73,44.02,0.0971,3,18.27,10.15,0,0.0,0
SHP-04857,COVID-19-mRNA,Air,Delhi-Mumbai,5.66,5.9,4.82,55.46,0.4793,1,22.15,1.56,0,0.0,0
SHP-04858,Rotavirus,Road,Chennai-Kolkata,6.75,6.96,5.4,48.98,0.0255,2,42.21,10.59,0,0.0,0
SHP-04859,Rotavirus,Road,Lucknow-Ahmedabad,0.85,1.33,0.8,44.59,0.0759,1,52.0,12.92,1,55.03,0
SHP-04860,Rotavirus,Air,Jaipur-Hyderabad,5.0,7.1,4.04,68.52,0.2875,3,34.74,0.58,0,0.0,0
SHP-04861,Hepatitis-B,Rail,Lucknow-Ahmedabad,2.18,3.77,0.33,42.68,0.8608,3,34.56,4.26,1,92.9,0
SHP-04862,Influenza,Road,Jaipur-Hyderabad,0.95,3.16,0.68,61.79,0.6605,7,22.9,2.87,1,60.01,0
SHP-04863,COVID-19-mRNA,Sea,Chennai-Kolkata,2.93,3.52,2.75,46.11,1.8261,1,52.08,2.57,0,0.0,0
SHP-04864,Polio,Rail,Jaipur-Hyderabad,6.67,7.61,6.6,43.77,0.0229,3,6.36,6.1,0,0.0,0
SHP-04865,Polio,Road,Delhi-Mumbai,3.07,3.56,2.33,48.96,0.2401,2,39.84,0.69,0,0.0,0
SHP-04866,Hepatitis-B,Air,Lucknow-Ahmedabad,7.91,9.88,7.15,61.2,0.0865,1,6.24,8.57,1,87.74,0
SHP-04867,Polio,Road,Lucknow-Ahmedabad,5.37,6.77,4.93,41.29,0.0188,2,45.17,0.13,0,0.0,0
SHP-04868,COVID-19-mRNA,Air,Chennai-Kolkata,3.01,3.48,2.85,57.87,0.1535,2,8.04,4.32,0,0.0,0
SHP-04869,Hepatitis-B,Sea,Lucknow-Ahmedabad,6.9,8.94,6.57,45.39,0.1402,4,68.04,1.28,1,36.83,0
SHP-04870,Influenza,Air,Chennai-Kolkata,5.11,5.4,3.62,47.19,0.2724,4,37.54,5.51,0,0.0,0
SHP-04871,Polio,Road,Bengaluru-Pune,1.67,2.3,1.58,59.01,0.0755,3,51.15,3.73,1,116.85,0
SHP-04872,COVID-19-mRNA,Road,Delhi-Mumbai,8.65,10.73,7.62,76.73,0.3353,4,62.34,41.52,1,28.58,1
SHP-04873,COVID-19-mRNA,Road,Jaipur-Hyderabad,4.65,7.52,3.53,45.89,1.2635,4,21.54,9.91,0,0.0,0
SHP-04874,COVID-19-mRNA,Air,Jaipur-Hyderabad,4.05,4.06,4.03,62.2,0.6895,1,41.64,2.05,0,0.0,0
SHP-04875,COVID-19-mRNA,Road,Jaipur-Hyderabad,1.86,2.99,0.01,51.87,0.9231,1,62.99,3.76,1,78.08,0
SHP-04876,Hepatitis-B,Air,Bengaluru-Pune,6.95,8.16,5.64,50.25,0.8167,3,41.49,1.91,1,86.08,0
SHP-04877,Hepatitis-B,Air,Delhi-Mumbai,5.29,5.67,4.49,65.71,0.2468,3,31.92,6.52,0,0.0,0
SHP-04878,Hepatitis-B,Road,Lucknow-Ahmedabad,5.57,6.47,5.26,46.56,0.6171,4,30.35,2.74,0,0.0,0
SHP-04879,Polio,Road,Lucknow-Ahmedabad,2.73,3.12,0.91,43.46,0.7017,2,31.35,0.61,1,87.14,0
SHP-04880,Influenza,Road,Delhi-Mumbai,6.09,8.43,5.65,59.6,0.1151,4,46.62,5.41,1,40.92,0
SHP-04881,COVID-19-mRNA,Road,Delhi-Mumbai,6.28,7.33,5.75,70.95,0.984,4,9.01,0.06,0,0.0,0
SHP-04882,Polio,Road,Jaipur-Hyderabad,2.33,3.05,1.25,62.5,0.306,6,33.42,1.76,1,28.68,0
SHP-04883,Influenza,Road,Lucknow-Ahmedabad,0.46,1.19,0.07,40.93,0.0082,3,43.0,11.88,1,41.59,0
SHP-04884,COVID-19-mRNA,Sea,Delhi-Mumbai,5.45,5.88,4.72,48.85,0.5155,3,57.9,0.49,0,0.0,0
SHP-04885,COVID-19-mRNA,Air,Lucknow-Ahmedabad,0.07,0.68,-1.0,64.8,0.5647,3,40.98,3.51,1,104.75,0
SHP-04886,Rotavirus,Road,Delhi-Mumbai,4.38,5.49,3.72,70.81,0.4012,3,67.13,7.93,0,0.0,0
SHP-04887,Polio,Rail,Chennai-Kolkata,2.88,4.26,2.02,57.29,0.1194,4,35.29,11.74,0,0.0,0
SHP-04888,Hepatitis-B,Rail,Jaipur-Hyderabad,7.05,7.88,6.65,49.21,0.3292,1,48.95,4.1,0,0.0,0
SHP-04889,COVID-19-mRNA,Air,Delhi-Mumbai,3.02,3.18,2.19,71.46,0.2555,4,7.16,0.83,0,0.0,0
SHP-04890,Hepatitis-B,Road,Bengaluru-Pune,6.77,6.98,6.44,54.25,1.8382,4,21.74,14.14,0,0.0,0
SHP-04891,Polio,Road,Delhi-Mumbai,2.71,4.06,0.8,48.94,0.8706,4,59.82,6.92,1,99.77,0
SHP-04892,COVID-19-mRNA,Air,Chennai-Kolkata,6.5,7.89,5.18,47.25,0.7175,2,44.69,2.52,0,0.0,0
SHP-04893,Hepatitis-B,Rail,Bengaluru-Pune,9.15,13.19,7.85,43.05,0.0999,4,68.45,1.62,1,71.78,1
SHP-04894,COVID-19-mRNA,Road,Bengaluru-Pune,1.33,1.74,0.21,83.34,0.201,1,55.69,0.24,1,52.77,0
SHP-04895,Polio,Road,Delhi-Mumbai,4.73,5.07,4.61,69.21,0.2388,1,35.68,1.06,0,0.0,0
SHP-04896,COVID-19-mRNA,Air,Chennai-Kolkata,10.87,11.88,10.67,48.44,0.3393,3,57.39,7.52,1,17.93,1
SHP-04897,COVID-19-mRNA,Road,Bengaluru-Pune,4.17,4.27,4.09,72.32,0.0153,6,36.87,0.57,0,0.0,0
SHP-04898,COVID-19-mRNA,Road,Jaipur-Hyderabad,4.15,5.23,3.04,60.33,0.4495,6,27.79,0.69,0,0.0,0
SHP-04899,COVID-19-mRNA,Rail,Jaipur-Hyderabad,5.97,7.59,4.84,59.74,0.2215,2,9.11,1.09,0,0.0,0
SHP-04900,Rotavirus,Air,Lucknow-Ahmedabad,4.1,4.49,2.42,47.82,0.4124,0,63.13,2.52,0,0.0,0
SHP-04901,COVID-19-mRNA,Air,Lucknow-Ahmedabad,-0.27,1.08,-1.75,49.86,0.0045,3,33.65,1.05,1,99.01,1
SHP-04902,Polio,Road,Chennai-Kolkata,6.83,9.04,6.72,54.58,0.1939,2,51.22,11.73,1,19.57,0
SHP-04903,COVID-19-mRNA,Air,Bengaluru-Pune,-1.01,2.76,-2.27,35.34,0.7319,2,16.1,1.49,1,87.9,1
SHP-04904,Polio,Road,Jaipur-Hyderabad,2.96,4.74,1.74,50.13,0.3477,3,60.71,12.6,1,78.29,0
SHP-04905,Rotavirus,Sea,Jaipur-Hyderabad,7.02,7.02,5.84,55.04,0.7777,5,60.4,20.98,0,0.0,0
SHP-04906,COVID-19-mRNA,Road,Chennai-Kolkata,3.11,4.35,1.55,68.1,0.6003,2,37.82,7.03,1,68.4,0
SHP-04907,Rotavirus,Rail,Bengaluru-Pune,2.27,2.53,1.23,48.83,0.9652,2,50.36,0.04,1,15.22,0
SHP-04908,COVID-19-mRNA,Air,Chennai-Kolkata,6.2,6.32,4.96,63.12,0.0037,2,40.42,1.37,0,0.0,0
SHP-04909,Influenza,Air,Delhi-Mumbai,1.87,2.53,-0.01,34.4,0.1514,2,42.45,1.56,1,15.63,0
SHP-04910,Hepatitis-B,Air,Jaipur-Hyderabad,0.94,3.2,0.86,66.67,0.3979,4,64.66,3.91,1,38.1,0
SHP-04911,Rotavirus,Road,Chennai-Kolkata,4.69,5.4,3.67,46.0,1.4153,4,69.82,0.86,0,0.0,0
SHP-04912,Hepatitis-B,Sea,Chennai-Kolkata,3.54,4.39,3.44,56.3,0.5694,4,30.25,0.4,0,0.0,0
SHP-04913,Hepatitis-B,Air,Delhi-Mumbai,0.89,2.83,0.32,59.06,0.3049,3,27.89,0.97,1,80.35,0
SHP-04914,COVID-19-mRNA,Road,Lucknow-Ahmedabad,5.59,6.21,4.88,57.1,0.0697,2,26.05,1.98,0,0.0,0
SHP-04915,COVID-19-mRNA,Road,Jaipur-Hyderabad,5.16,5.73,5.01,53.93,0.3398,0,56.87,0.25,0,0.0,0
SHP-04916,Rotavirus,Sea,Chennai-Kolkata,3.1,4.14,2.79,42.58,0.2909,1,53.71,1.09,0,0.0,0
SHP-04917,Polio,Air,Jaipur-Hyderabad,3.27,4.4,2.52,46.1,0.7535,2,8.89,0.92,0,0.0,0
SHP-04918,Polio,Air,Lucknow-Ahmedabad,5.18,5.84,4.93,64.96,0.2667,3,11.84,7.4,0,0.0,0
SHP-04919,Influenza,Air,Chennai-Kolkata,6.98,9.17,6.43,49.03,0.192,2,48.65,0.93,1,30.3,0
SHP-04920,Polio,Road,Delhi-Mumbai,3.29,5.04,2.34,53.97,0.047,4,24.15,7.84,0,0.0,0
SHP-04921,Rotavirus,Road,Jaipur-Hyderabad,5.64,5.95,4.03,40.08,0.0238,6,12.04,3.55,0,0.0,0
SHP-04922,Influenza,Rail,Delhi-Mumbai,5.41,8.77,5.11,63.59,0.2891,5,33.3,7.09,1,34.9,0
SHP-04923,Hepatitis-B,Road,Lucknow-Ahmedabad,6.2,9.96,6.06,41.81,0.213,1,63.91,2.99,1,33.54,0
SHP-04924,Rotavirus,Road,Lucknow-Ahmedabad,4.1,4.13,2.92,64.16,0.4052,2,30.18,11.57,0,0.0,0
SHP-04925,COVID-19-mRNA,Road,Jaipur-Hyderabad,1.72,2.19,1.6,44.37,0.6223,4,51.91,1.62,1,35.9,0
SHP-04926,COVID-19-mRNA,Air,Lucknow-Ahmedabad,2.84,3.63,2.7,65.15,0.0204,1,65.44,7.28,0,0.0,0
SHP-04927,Polio,Road,Bengaluru-Pune,4.86,5.42,4.34,55.1,0.3428,2,17.17,0.89,0,0.0,0
SHP-04928,COVID-19-mRNA,Sea,Jaipur-Hyderabad,8.55,9.13,8.47,49.41,0.9901,2,46.24,10.71,1,15.72,0
SHP-04929,Influenza,Rail,Bengaluru-Pune,2.79,4.22,1.91,71.0,0.3036,1,65.91,0.14,1,109.59,0
SHP-04930,Rotavirus,Rail,Lucknow-Ahmedabad,6.01,7.4,4.0,54.31,0.3683,8,18.77,3.06,0,0.0,0
SHP-04931,Polio,Rail,Jaipur-Hyderabad,3.18,3.65,2.35,51.38,0.3335,0,71.26,2.73,0,0.0,0
SHP-04932,Polio,Air,Bengaluru-Pune,4.28,7.32,3.72,64.09,0.247,2,30.1,4.89,0,0.0,0
SHP-04933,Rotavirus,Air,Lucknow-Ahmedabad,7.79,8.13,6.78,40.2,0.0583,3,20.36,2.91,1,115.36,0
SHP-04934,Polio,Air,Chennai-Kolkata,5.91,6.17,5.67,29.73,0.0675,2,61.3,4.45,0,0.0,0
SHP-04935,Polio,Road,Chennai-Kolkata,0.9,2.31,-0.39,66.58,0.0987,3,36.88,9.89,1,49.48,1
SHP-04936,Polio,Air,Delhi-Mumbai,2.57,3.33,2.51,46.64,0.7865,4,50.26,0.77,0,0.0,0
SHP-04937,Rotavirus,Road,Chennai-Kolkata,7.14,8.69,7.14,63.65,0.161,1,38.31,1.4,1,55.87,0
SHP-04938,Hepatitis-B,Road,Bengaluru-Pune,4.35,5.67,3.72,55.46,1.4794,1,48.47,8.12,0,0.0,0
SHP-04939,Influenza,Rail,Chennai-Kolkata,1.13,1.52,-0.45,43.36,0.8308,3,8.33,1.29,1,92.4,0
SHP-04940,Influenza,Road,Jaipur-Hyderabad,1.95,2.49,0.44,61.07,0.5769,4,29.11,11.8,1,65.91,0
SHP-04941,Polio,Sea,Jaipur-Hyderabad,5.76,8.27,5.17,50.9,0.6372,3,49.38,3.89,1,92.66,0
SHP-04942,Polio,Air,Jaipur-Hyderabad,6.49,8.09,5.97,44.23,0.0244,1,29.15,0.43,1,37.98,0
SHP-04943,Influenza,Air,Chennai-Kolkata,4.04,5.22,3.35,44.49,0.4201,5,57.2,0.1,0,0.0,0
SHP-04944,Polio,Road,Chennai-Kolkata,10.19,14.01,9.2,37.67,1.4156,2,69.42,7.2,1,116.29,1
SHP-04945,Influenza,Road,Delhi-Mumbai,6.06,6.51,4.76,59.03,0.0199,2,8.47,9.7,0,0.0,0
SHP-04946,Rotavirus,Road,Lucknow-Ahmedabad,3.39,4.59,3.15,45.65,0.172,1,62.45,1.37,0,0.0,0
SHP-04947,Hepatitis-B,Road,Delhi-Mumbai,1.96,3.59,0.64,54.65,0.0264,1,17.16,1.38,1,21.41,0
SHP-04948,Influenza,Road,Bengaluru-Pune,1.56,1.58,1.22,53.18,0.4217,4,66.54,15.41,1,57.81,0
SHP-04949,Influenza,Road,Jaipur-Hyderabad,4.84,5.23,4.19,45.58,0.0618,5,68.49,5.34,0,0.0,0
SHP-04950,Influenza,Road,Chennai-Kolkata,2.78,2.93,1.4,39.77,0.3262,3,43.57,0.92,1,53.63,0
SHP-04951,Polio,Road,Lucknow-Ahmedabad,8.18,9.0,7.44,80.34,0.6364,4,37.61,2.98,1,100.22,0
SHP-04952,COVID-19-mRNA,Road,Lucknow-Ahmedabad,7.67,9.6,6.75,54.51,0.0898,1,56.06,12.06,1,46.2,0
SHP-04953,Polio,Road,Chennai-Kolkata,5.58,5.8,5.19,73.23,0.704,1,66.59,4.85,0,0.0,0
SHP-04954,Hepatitis-B,Road,Delhi-Mumbai,1.05,2.37,-0.45,66.65,0.031,6,21.34,2.62,1,10.91,1
SHP-04955,Polio,Air,Lucknow-Ahmedabad,2.32,3.7,1.62,51.79,0.081,7,31.24,0.82,1,104.54,0
SHP-04956,Influenza,Road,Delhi-Mumbai,7.14,9.04,7.01,56.81,0.1643,2,33.56,6.47,1,118.29,0
SHP-04957,Polio,Road,Chennai-Kolkata,2.59,4.52,1.49,56.52,0.7951,10,61.82,1.62,1,24.61,0
SHP-04958,Hepatitis-B,Rail,Delhi-Mumbai,6.81,8.29,4.22,73.44,0.949,7,15.04,4.17,1,16.82,0
SHP-04959,COVID-19-mRNA,Road,Jaipur-Hyderabad,5.19,7.27,4.02,63.3,0.1245,2,47.12,4.58,0,0.0,0
SHP-04960,Influenza,Air,Chennai-Kolkata,4.13,4.37,3.33,46.93,0.0503,3,29.16,4.05,0,0.0,0
SHP-04961,Hepatitis-B,Road,Chennai-Kolkata,2.24,2.99,-0.44,58.52,0.9418,1,64.44,1.42,1,35.12,0
SHP-04962,COVID-19-mRNA,Road,Lucknow-Ahmedabad,3.76,3.89,3.34,63.04,0.524,1,28.43,6.16,0,0.0,0
SHP-04963,COVID-19-mRNA,Road,Lucknow-Ahmedabad,4.47,4.6,4.28,43.25,0.0859,2,70.54,4.17,0,0.0,0
SHP-04964,Influenza,Road,Lucknow-Ahmedabad,6.58,7.56,6.47,59.94,0.4079,5,7.03,2.58,0,0.0,0
SHP-04965,Polio,Road,Jaipur-Hyderabad,1.79,2.62,0.58,68.45,1.0293,4,21.81,0.27,1,33.18,0
SHP-04966,COVID-19-mRNA,Road,Jaipur-Hyderabad,3.34,3.89,0.73,46.43,0.036,3,36.18,2.01,1,103.25,0
SHP-04967,Rotavirus,Road,Bengaluru-Pune,4.11,5.87,3.45,47.81,0.0437,0,22.92,2.17,0,0.0,0
SHP-04968,Influenza,Air,Chennai-Kolkata,5.66,6.67,5.56,66.6,0.1598,2,54.67,7.83,0,0.0,0
SHP-04969,Rotavirus,Road,Lucknow-Ahmedabad,1.73,1.81,1.38,51.46,0.5282,2,59.76,3.6,1,63.95,0
SHP-04970,Polio,Air,Chennai-Kolkata,0.71,1.17,-0.02,45.18,0.098,4,52.04,13.45,1,104.14,1
SHP-04971,Polio,Air,Delhi-Mumbai,5.68,7.35,4.46,63.82,0.8474,3,70.05,6.95,0,0.0,0
SHP-04972,Rotavirus,Sea,Jaipur-Hyderabad,0.21,1.95,-1.42,60.77,0.694,5,36.1,3.86,1,56.62,0
SHP-04973,Hepatitis-B,Sea,Bengaluru-Pune,7.21,10.12,6.45,55.94,0.4116,5,70.66,0.92,1,58.87,1
SHP-04974,Influenza,Air,Delhi-Mumbai,3.61,4.55,1.09,66.25,0.0617,6,14.22,1.25,1,101.6,0
SHP-04975,COVID-19-mRNA,Road,Chennai-Kolkata,0.13,1.05,-0.44,66.96,2.2207,4,61.83,0.87,1,84.36,1
SHP-04976,Polio,Air,Jaipur-Hyderabad,2.8,3.04,1.96,54.17,0.3367,1,8.54,2.92,1,95.85,0
SHP-04977,COVID-19-mRNA,Road,Lucknow-Ahmedabad,4.95,9.11,3.48,74.74,0.3008,3,41.11,6.41,1,86.27,0
SHP-04978,COVID-19-mRNA,Rail,Delhi-Mumbai,2.67,5.36,2.55,70.83,2.7096,9,37.98,7.12,0,0.0,0
SHP-04979,COVID-19-mRNA,Sea,Jaipur-Hyderabad,4.05,5.08,2.67,35.16,0.9971,2,62.52,0.51,0,0.0,0
SHP-04980,COVID-19-mRNA,Road,Chennai-Kolkata,5.85,7.0,5.53,44.7,0.3047,3,52.25,3.43,0,0.0,0
SHP-04981,Rotavirus,Road,Chennai-Kolkata,3.49,3.54,3.24,32.45,0.2713,1,35.11,3.28,0,0.0,0
SHP-04982,COVID-19-mRNA,Road,Delhi-Mumbai,1.66,3.38,1.01,51.75,0.0504,4,65.11,2.89,1,87.13,0
SHP-04983,Hepatitis-B,Road,Delhi-Mumbai,3.25,5.99,2.24,42.89,1.3053,2,64.47,1.79,0,0.0,0
SHP-04984,Influenza,Sea,Delhi-Mumbai,7.54,8.9,7.33,46.86,0.9282,5,7.63,3.23,1,44.29,0
SHP-04985,Hepatitis-B,Rail,Bengaluru-Pune,8.21,9.0,7.15,65.91,0.1855,2,63.49,3.63,1,58.1,0
SHP-04986,COVID-19-mRNA,Road,Lucknow-Ahmedabad,-1.05,0.04,-1.68,37.45,0.6998,2,40.75,4.58,1,69.54,1
SHP-04987,Influenza,Road,Jaipur-Hyderabad,6.73,6.85,4.78,56.3,0.7193,9,61.37,2.37,0,0.0,0
SHP-04988,Hepatitis-B,Road,Chennai-Kolkata,4.63,6.68,4.53,56.24,0.1293,2,17.97,14.51,0,0.0,0
SHP-04989,Influenza,Air,Chennai-Kolkata,6.31,8.99,5.79,54.18,0.4755,6,15.97,2.07,1,95.45,0
SHP-04990,Influenza,Rail,Lucknow-Ahmedabad,2.62,3.22,2.53,56.31,0.1472,2,53.67,11.27,0,0.0,0
SHP-04991,Rotavirus,Road,Delhi-Mumbai,-0.42,0.15,-1.51,32.68,0.7801,5,24.17,8.08,1,101.5,1
SHP-04992,Hepatitis-B,Road,Delhi-Mumbai,5.46,5.58,4.09,46.9,0.0835,1,42.88,3.13,0,0.0,0
SHP-04993,Polio,Road,Chennai-Kolkata,1.65,3.12,0.95,70.43,0.5527,3,51.46,3.43,1,44.29,0
SHP-04994,Hepatitis-B,Rail,Lucknow-Ahmedabad,0.53,4.16,0.2,43.03,0.1973,3,46.29,10.2,1,45.97,0
SHP-04995,COVID-19-mRNA,Air,Chennai-Kolkata,0.7,2.75,-0.01,71.67,0.0184,2,52.13,3.39,1,68.06,1
SHP-04996,Rotavirus,Rail,Delhi-Mumbai,5.5,5.79,5.28,40.93,0.066,4,46.94,5.69,0,0.0,0
SHP-04997,COVID-19-mRNA,Rail,Jaipur-Hyderabad,4.35,6.72,2.21,39.73,0.532,3,31.02,8.29,0,0.0,0
SHP-04998,Polio,Sea,Delhi-Mumbai,5.96,7.77,5.15,45.48,0.1372,5,11.97,11.92,0,0.0,0
SHP-04999,Influenza,Road,Jaipur-Hyderabad,5.67,5.8,4.28,66.29,0.4985,5,62.45,1.23,0,0.0,0
SHP-05000,Hepatitis-B,Air,Bengaluru-Pune,2.95,3.44,1.16,49.54,0.2679,6,61.84,18.52,1,47.24,0
